rainfall_mm,river_level_m,elevation_m,distance_from_river_m,historical_flood_freq,road_type,true_probability,flooded
87.6,2.53,4.89,579.0,4.0,secondary,0.5613,1
13.1,0.0,9.45,22.0,5.0,residential,0.1408,0
19.1,1.21,6.18,402.0,5.0,primary,0.301,0
29.0,1.42,3.05,425.0,2.0,tertiary,0.2826,1
48.4,1.12,7.14,503.0,2.0,residential,0.0802,0
80.5,3.44,11.97,943.0,1.0,trunk,0.0258,0
127.0,3.92,9.38,5.0,6.0,secondary,0.8459,1
198.2,2.88,14.05,3400.0,3.0,secondary,0.0841,0
173.1,2.7,8.53,651.0,3.0,residential,0.3936,1
155.0,2.39,15.34,2120.0,0.0,tertiary,0.0072,0
58.2,1.01,8.53,316.0,3.0,residential,0.2171,1
41.3,0.56,8.07,171.0,3.0,primary,0.0701,0
109.3,2.52,4.16,172.0,5.0,tertiary,0.722,1
114.4,3.74,11.33,1148.0,1.0,secondary,0.0332,0
31.9,2.42,6.49,143.0,0.0,residential,0.1138,0
69.4,2.26,6.06,1177.0,2.0,residential,0.2296,1
38.4,0.0,11.84,27.0,7.0,tertiary,0.1511,0
18.4,0.0,11.47,931.0,2.0,residential,0.0245,0
103.4,2.89,11.4,83.0,6.0,secondary,0.3225,1
152.9,3.93,6.91,912.0,2.0,tertiary,0.3133,0
243.2,4.16,7.85,68.0,4.0,secondary,0.8773,1
73.6,1.44,7.82,83.0,7.0,residential,0.5908,0
14.8,2.06,10.35,1180.0,2.0,trunk,0.0226,0
272.1,4.67,12.66,1410.0,4.0,primary,0.2909,1
288.1,5.17,9.1,662.0,3.0,secondary,0.864,1
400.0,4.11,13.92,517.0,5.0,residential,0.8821,1
347.0,5.24,10.69,610.0,3.0,tertiary,0.681,0
99.0,3.41,7.3,894.0,2.0,residential,0.2123,1
83.3,2.22,10.49,310.0,4.0,residential,0.191,0
141.9,3.26,13.12,281.0,0.0,tertiary,0.3486,1
22.3,1.1,13.99,1838.0,1.0,secondary,0.0062,0
46.1,1.44,11.56,993.0,3.0,trunk,0.0119,0
74.5,2.82,8.08,341.0,3.0,residential,0.2946,0
177.5,2.39,7.35,136.0,6.0,residential,0.8473,1
182.9,2.38,9.73,972.0,4.0,tertiary,0.2626,0
77.7,1.35,13.02,1527.0,4.0,residential,0.0905,0
24.7,1.11,9.3,1006.0,1.0,residential,0.0515,0
151.0,1.32,9.36,1016.0,2.0,tertiary,0.1836,0
23.0,1.66,8.15,645.0,2.0,residential,0.0728,0
53.3,1.31,7.02,22.0,10.0,tertiary,0.7482,1
98.4,2.66,7.51,50.0,3.0,residential,0.4422,0
20.3,0.0,8.41,98.0,4.0,secondary,0.0432,0
43.6,2.01,13.15,231.0,0.0,secondary,0.0347,0
167.3,3.88,7.28,1163.0,3.0,residential,0.7435,1
142.0,2.86,8.16,101.0,2.0,secondary,0.296,1
28.0,1.16,5.4,61.0,6.0,secondary,0.3426,0
107.3,2.78,10.15,214.0,1.0,residential,0.1147,0
14.5,1.99,12.1,172.0,2.0,residential,0.0738,0
131.5,2.8,12.87,621.0,6.0,tertiary,0.1972,0
47.2,1.84,8.61,42.0,4.0,residential,0.3767,0
70.6,2.97,9.72,405.0,4.0,residential,0.3008,1
89.8,2.49,7.54,1833.0,3.0,residential,0.1979,0
29.8,0.52,9.58,868.0,2.0,secondary,0.0686,0
44.0,2.34,8.94,2610.0,0.0,tertiary,0.0247,0
249.4,3.69,8.17,1042.0,0.0,secondary,0.3105,1
66.6,1.63,8.41,262.0,4.0,secondary,0.1209,0
93.6,2.01,9.36,1204.0,1.0,tertiary,0.0222,0
94.8,2.71,7.12,1303.0,9.0,tertiary,0.7938,1
201.9,4.62,7.27,846.0,6.0,residential,0.7795,1
148.2,2.6,13.12,1202.0,3.0,residential,0.2068,0
31.3,2.56,16.13,2278.0,1.0,tertiary,0.0051,0
219.4,3.56,4.39,560.0,8.0,tertiary,0.9577,1
274.9,5.22,4.22,90.0,4.0,tertiary,0.9872,1
31.1,1.33,5.13,402.0,2.0,secondary,0.1043,0
63.2,1.16,7.69,97.0,8.0,tertiary,0.3906,0
76.3,3.25,10.69,3316.0,1.0,tertiary,0.0256,0
65.2,1.11,9.77,95.0,3.0,tertiary,0.0847,0
132.0,1.86,8.52,218.0,4.0,residential,0.4751,1
70.9,0.65,9.59,779.0,1.0,residential,0.1032,0
54.0,2.46,5.92,1154.0,7.0,residential,0.4473,1
136.3,3.64,7.27,1230.0,5.0,residential,0.5225,0
10.3,1.22,7.94,741.0,1.0,residential,0.0552,0
99.1,1.2,3.25,146.0,3.0,primary,0.3151,0
121.2,2.25,4.52,463.0,1.0,residential,0.4398,0
210.0,3.08,4.64,1941.0,0.0,residential,0.5857,1
88.4,1.04,10.29,580.0,7.0,residential,0.4289,0
15.8,0.6,8.74,11.0,7.0,residential,0.2998,0
92.5,2.31,9.83,616.0,3.0,tertiary,0.1046,0
14.4,0.49,2.48,23.0,6.0,tertiary,0.5126,0
111.9,2.38,3.55,697.0,6.0,secondary,0.6234,0
185.7,1.61,9.99,3386.0,2.0,tertiary,0.1596,0
79.5,3.1,0.0,568.0,5.0,residential,0.8306,1
71.0,1.34,11.67,747.0,4.0,secondary,0.0688,0
145.9,3.25,2.53,1103.0,6.0,residential,0.9114,1
109.0,2.26,10.53,259.0,5.0,residential,0.3254,0
138.3,2.78,5.33,85.0,4.0,residential,0.8334,1
342.1,4.0,11.15,823.0,5.0,secondary,0.7791,1
57.0,0.88,17.62,330.0,0.0,tertiary,0.0032,0
117.4,1.62,1.18,708.0,5.0,residential,0.8561,1
221.9,3.48,10.09,331.0,4.0,tertiary,0.7187,0
224.2,4.55,2.58,1944.0,7.0,residential,0.9339,0
125.6,2.65,9.28,660.0,3.0,tertiary,0.0609,0
68.7,0.9,7.38,753.0,3.0,residential,0.289,1
137.0,2.51,8.39,104.0,4.0,residential,0.7023,1
139.0,2.4,5.26,456.0,1.0,residential,0.5525,1
155.8,2.39,10.34,897.0,1.0,tertiary,0.207,0
33.2,1.19,3.65,535.0,4.0,residential,0.3811,0
270.1,4.65,11.72,251.0,3.0,residential,0.7503,0
222.4,2.89,6.77,1040.0,2.0,residential,0.3496,1
81.4,1.5,3.79,2346.0,3.0,trunk,0.2066,0
207.8,4.08,12.78,157.0,3.0,primary,0.3686,0
77.1,2.1,7.8,1088.0,1.0,tertiary,0.061,0
241.7,4.72,13.72,13.0,2.0,residential,0.6041,1
92.0,3.05,11.66,54.0,6.0,trunk,0.228,0
39.9,0.19,5.61,1194.0,10.0,secondary,0.4786,1
312.3,4.78,7.75,35.0,5.0,secondary,0.9891,1
151.5,2.21,8.36,41.0,5.0,residential,0.8257,0
73.2,0.72,12.58,321.0,4.0,residential,0.0673,0
255.4,3.23,9.31,1082.0,3.0,residential,0.7316,0
138.1,2.22,8.53,4.0,6.0,primary,0.6423,1
66.0,1.36,7.4,1159.0,4.0,tertiary,0.3429,0
257.5,3.4,7.85,2567.0,4.0,residential,0.7751,1
155.3,2.65,11.91,411.0,0.0,residential,0.1472,0
111.0,4.09,8.01,969.0,1.0,tertiary,0.1578,0
87.5,0.47,6.82,2378.0,2.0,residential,0.1287,0
38.5,2.17,6.31,60.0,8.0,primary,0.4465,0
5.7,0.85,6.34,1142.0,5.0,secondary,0.1657,0
144.7,2.19,3.79,122.0,5.0,secondary,0.8074,1
31.4,0.0,5.75,780.0,4.0,residential,0.51,1
38.5,1.87,12.5,540.0,4.0,tertiary,0.088,0
76.1,0.56,7.38,137.0,6.0,tertiary,0.3057,0
77.6,2.39,10.11,138.0,3.0,tertiary,0.1992,0
43.3,2.71,0.56,1604.0,8.0,residential,0.8108,1
144.6,1.51,9.7,232.0,5.0,residential,0.4904,1
17.0,1.94,7.52,936.0,4.0,residential,0.0857,0
142.6,2.53,6.56,82.0,2.0,tertiary,0.6473,1
69.3,0.0,8.54,1347.0,3.0,residential,0.1139,0
41.4,0.33,6.51,388.0,4.0,residential,0.2849,0
18.8,1.17,1.63,1003.0,10.0,residential,0.8181,1
99.0,2.31,10.77,390.0,2.0,tertiary,0.098,0
29.1,0.0,8.73,108.0,5.0,residential,0.2,0
25.1,1.13,7.06,1917.0,1.0,primary,0.0117,0
220.2,4.1,5.1,18.0,3.0,tertiary,0.964,1
22.6,1.87,3.59,1807.0,4.0,residential,0.4841,0
16.6,0.67,8.67,669.0,0.0,tertiary,0.0499,0
134.6,2.77,12.84,521.0,6.0,residential,0.2872,1
105.2,2.92,8.61,1719.0,6.0,trunk,0.252,0
53.5,2.12,3.85,837.0,3.0,tertiary,0.2545,0
36.3,1.95,8.68,3371.0,3.0,secondary,0.0315,1
45.9,1.44,7.84,1771.0,2.0,residential,0.096,0
54.8,1.38,10.59,1093.0,1.0,tertiary,0.0166,0
123.6,2.5,9.82,685.0,3.0,tertiary,0.255,0
100.8,1.4,0.0,1772.0,6.0,primary,0.8087,1
63.2,2.45,9.64,368.0,3.0,tertiary,0.2478,0
62.6,0.33,4.99,66.0,8.0,tertiary,0.7146,1
139.0,2.06,3.73,83.0,5.0,residential,0.8374,1
41.2,1.27,7.43,1531.0,5.0,residential,0.2183,0
18.1,1.39,9.23,508.0,2.0,tertiary,0.0546,0
204.2,3.78,3.08,799.0,3.0,residential,0.9073,1
63.3,2.75,10.11,154.0,5.0,residential,0.5568,1
291.4,4.36,10.29,380.0,2.0,secondary,0.6686,1
56.0,0.9,8.14,2522.0,4.0,primary,0.1458,0
83.9,1.69,5.4,592.0,3.0,residential,0.2962,0
38.2,1.0,5.06,302.0,1.0,tertiary,0.1497,0
102.1,2.44,11.08,56.0,4.0,residential,0.3276,1
63.9,0.71,3.47,276.0,9.0,tertiary,0.8318,1
70.3,1.5,11.19,748.0,1.0,residential,0.0314,0
91.1,3.19,7.5,616.0,5.0,tertiary,0.2627,0
57.1,1.63,7.71,494.0,2.0,secondary,0.0556,0
99.6,1.15,2.88,1638.0,5.0,secondary,0.6323,0
46.5,1.09,7.56,508.0,3.0,residential,0.0977,0
95.8,0.16,9.84,154.0,2.0,primary,0.0467,0
14.6,0.93,3.99,288.0,6.0,residential,0.6009,0
22.6,2.39,9.5,1245.0,1.0,residential,0.064,0
37.7,0.3,8.27,56.0,4.0,tertiary,0.0866,0
27.6,0.0,6.07,1906.0,4.0,residential,0.07,0
29.8,0.63,10.56,501.0,2.0,secondary,0.0207,0
118.3,2.96,1.39,1048.0,6.0,secondary,0.8132,1
65.3,2.95,9.04,4221.0,0.0,residential,0.0606,0
57.1,1.84,12.86,749.0,0.0,trunk,0.0045,0
100.3,0.98,12.32,437.0,1.0,residential,0.0222,0
106.1,2.06,9.17,31.0,3.0,tertiary,0.2386,0
51.8,2.85,7.09,463.0,1.0,residential,0.115,1
169.9,2.59,6.09,588.0,2.0,primary,0.5983,0
68.4,1.73,7.09,331.0,4.0,residential,0.3531,0
126.5,2.51,9.63,803.0,4.0,residential,0.3801,0
46.4,0.12,5.58,59.0,9.0,residential,0.7895,1
97.4,2.77,10.27,1556.0,2.0,trunk,0.0337,0
135.1,3.1,14.4,711.0,3.0,primary,0.0591,0
124.1,0.69,7.81,454.0,3.0,secondary,0.2434,0
116.0,1.13,3.97,398.0,8.0,primary,0.8151,1
44.5,0.56,3.97,958.0,3.0,primary,0.151,0
26.4,1.72,10.33,833.0,1.0,tertiary,0.0467,0
23.4,0.48,7.82,66.0,4.0,residential,0.2513,0
54.9,1.78,10.63,981.0,1.0,secondary,0.0253,0
51.6,1.27,6.4,60.0,2.0,tertiary,0.2536,1
107.4,2.15,10.49,409.0,4.0,residential,0.306,0
81.4,2.17,7.53,339.0,3.0,residential,0.6187,1
24.1,1.31,5.8,572.0,5.0,secondary,0.3242,0
152.2,2.61,6.8,964.0,2.0,residential,0.4082,1
93.5,2.18,4.41,727.0,3.0,primary,0.2254,0
41.9,1.48,13.97,76.0,6.0,residential,0.0903,0
48.4,1.21,7.71,1323.0,5.0,residential,0.2919,1
203.2,2.89,9.93,1303.0,5.0,secondary,0.2626,0
27.6,2.64,6.39,714.0,2.0,residential,0.2675,1
210.5,2.97,4.84,192.0,5.0,residential,0.8246,1
64.0,2.66,7.3,171.0,5.0,tertiary,0.3584,0
67.5,1.06,11.3,2230.0,5.0,primary,0.1132,0
100.8,2.66,6.44,137.0,9.0,residential,0.904,1
17.6,2.44,5.39,732.0,9.0,residential,0.6935,1
93.2,1.65,8.47,2208.0,3.0,secondary,0.0927,0
133.2,1.86,9.5,271.0,4.0,trunk,0.2069,0
53.7,1.1,12.93,135.0,2.0,tertiary,0.0529,0
76.4,1.7,9.06,273.0,3.0,residential,0.1454,1
295.7,4.61,9.93,1420.0,4.0,residential,0.7073,1
143.5,2.49,10.16,1681.0,2.0,residential,0.1588,0
35.1,0.88,4.54,388.0,4.0,residential,0.3045,0
50.9,2.97,5.11,613.0,5.0,tertiary,0.5347,0
62.4,1.39,4.75,2040.0,2.0,residential,0.2505,1
150.0,2.1,4.0,188.0,6.0,tertiary,0.863,1
35.0,1.88,10.39,456.0,3.0,tertiary,0.0334,0
124.3,2.97,8.87,1013.0,4.0,tertiary,0.4209,1
124.9,3.43,8.24,2437.0,0.0,residential,0.0686,0
80.2,3.3,0.22,2043.0,5.0,secondary,0.8286,0
153.5,2.92,14.17,655.0,2.0,secondary,0.0479,0
38.2,1.03,5.32,348.0,5.0,secondary,0.3293,0
175.4,1.38,14.16,964.0,4.0,residential,0.2304,0
13.8,0.22,3.65,118.0,5.0,residential,0.3537,0
34.8,1.38,5.56,3945.0,1.0,primary,0.0591,0
14.2,0.03,1.39,246.0,5.0,residential,0.4599,1
40.2,0.01,9.09,638.0,2.0,residential,0.1491,0
126.6,2.37,4.7,9.0,9.0,tertiary,0.9559,1
104.0,2.67,4.78,452.0,4.0,tertiary,0.547,1
92.6,1.71,3.88,567.0,5.0,trunk,0.454,1
39.7,1.99,10.33,330.0,3.0,residential,0.1788,0
75.5,2.2,10.13,562.0,5.0,primary,0.1694,0
176.6,3.84,13.44,103.0,1.0,residential,0.3362,0
41.2,3.03,5.94,676.0,4.0,tertiary,0.1575,1
42.9,3.41,8.66,1582.0,2.0,tertiary,0.1098,0
44.5,1.92,4.13,240.0,4.0,residential,0.5324,1
88.9,1.5,6.99,2019.0,1.0,residential,0.1053,0
118.6,2.27,6.44,321.0,4.0,residential,0.6067,0
138.5,3.72,9.39,346.0,1.0,trunk,0.2467,1
62.2,0.83,11.05,582.0,2.0,tertiary,0.0682,0
57.6,2.65,10.97,489.0,2.0,primary,0.1072,0
49.0,1.25,5.47,649.0,3.0,secondary,0.2489,0
113.2,2.34,11.0,1553.0,2.0,tertiary,0.0324,0
18.4,0.37,7.87,1421.0,4.0,secondary,0.1539,0
69.1,0.57,7.03,222.0,5.0,residential,0.1904,1
69.5,1.41,5.87,430.0,2.0,residential,0.3703,1
126.2,3.36,6.32,1643.0,5.0,secondary,0.5488,1
24.3,0.53,13.23,47.0,1.0,secondary,0.0277,0
133.2,3.69,8.92,145.0,4.0,residential,0.7124,1
108.3,1.64,8.52,64.0,2.0,tertiary,0.2699,0
252.2,2.97,7.21,343.0,3.0,tertiary,0.8716,1
220.8,3.65,15.34,362.0,1.0,primary,0.0602,0
168.0,3.36,11.92,5.0,9.0,tertiary,0.9036,0
9.8,1.07,5.84,891.0,2.0,residential,0.0947,0
26.7,1.24,7.18,1882.0,3.0,residential,0.0977,1
154.0,3.93,7.36,466.0,1.0,residential,0.3369,1
67.8,1.69,8.44,132.0,1.0,tertiary,0.1242,0
220.6,3.07,5.9,1791.0,3.0,primary,0.5816,1
81.7,0.87,9.32,1479.0,4.0,tertiary,0.2729,0
123.1,3.3,12.36,624.0,1.0,residential,0.077,0
116.8,1.86,4.06,42.0,5.0,residential,0.785,1
80.1,1.5,4.62,576.0,9.0,secondary,0.4518,0
155.8,3.51,6.55,455.0,7.0,secondary,0.8995,1
130.0,4.0,6.69,913.0,3.0,residential,0.2717,1
29.3,1.35,14.0,1941.0,2.0,residential,0.0221,0
309.0,4.4,11.01,836.0,4.0,tertiary,0.7608,1
26.8,1.12,10.83,1603.0,3.0,residential,0.0819,0
42.7,0.95,7.21,1657.0,2.0,secondary,0.047,0
121.6,1.97,7.14,967.0,8.0,residential,0.7888,1
105.8,1.79,3.64,700.0,6.0,residential,0.8716,1
137.8,3.18,10.35,4.0,1.0,primary,0.263,0
66.0,1.52,9.47,517.0,2.0,residential,0.0681,0
111.5,3.23,11.86,187.0,3.0,residential,0.156,0
45.4,1.25,7.37,330.0,5.0,residential,0.4882,1
81.7,1.49,7.57,229.0,4.0,residential,0.3067,0
203.0,4.26,8.51,1410.0,3.0,residential,0.4446,1
26.6,1.14,10.68,7.0,5.0,residential,0.4211,0
162.4,2.65,3.59,713.0,6.0,residential,0.914,1
69.9,1.67,10.21,22.0,6.0,residential,0.5587,1
37.1,2.42,7.94,1837.0,3.0,tertiary,0.1924,0
39.5,1.52,4.82,3514.0,4.0,tertiary,0.1289,0
68.2,2.62,1.75,388.0,5.0,residential,0.8768,1
167.6,2.62,7.59,2749.0,3.0,residential,0.6,1
111.1,3.0,12.34,15.0,4.0,tertiary,0.3159,0
24.5,1.28,13.02,1188.0,2.0,primary,0.016,0
156.7,3.39,9.07,1059.0,3.0,primary,0.2832,0
139.1,3.24,13.89,1991.0,0.0,residential,0.0236,0
14.0,0.21,7.87,72.0,8.0,residential,0.4898,0
35.6,1.28,10.86,26.0,5.0,residential,0.1437,0
179.7,3.72,6.65,1731.0,3.0,residential,0.7866,1
80.4,2.66,6.46,272.0,4.0,tertiary,0.4702,0
156.1,3.68,5.97,2611.0,4.0,residential,0.6166,1
6.6,0.96,1.82,1966.0,8.0,residential,0.5053,1
3.5,2.07,11.86,234.0,3.0,residential,0.0717,0
127.7,1.81,6.08,1064.0,7.0,tertiary,0.8009,1
49.3,0.2,5.6,143.0,3.0,residential,0.1513,0
132.9,2.17,4.46,173.0,6.0,secondary,0.7619,1
157.5,3.65,7.39,2926.0,2.0,residential,0.2303,0
50.0,0.53,13.29,1118.0,0.0,primary,0.0038,0
74.7,0.52,14.28,2013.0,2.0,residential,0.0145,0
62.2,0.17,3.02,315.0,4.0,secondary,0.489,0
49.3,1.98,6.94,604.0,2.0,primary,0.0452,1
94.9,0.78,4.9,897.0,2.0,trunk,0.0626,0
146.4,3.0,10.97,753.0,6.0,secondary,0.3133,1
43.1,1.05,8.86,1364.0,0.0,secondary,0.0257,0
42.9,0.7,6.09,392.0,3.0,tertiary,0.2154,0
50.4,0.61,8.22,2012.0,1.0,secondary,0.0283,0
121.7,2.43,6.57,304.0,2.0,residential,0.3431,1
156.7,2.08,12.84,402.0,0.0,tertiary,0.0872,0
61.3,1.53,9.64,1621.0,2.0,tertiary,0.092,0
10.5,1.25,10.01,461.0,2.0,primary,0.0439,0
31.5,1.67,0.0,767.0,10.0,tertiary,0.9253,1
58.3,2.25,7.8,712.0,4.0,residential,0.1211,0
38.2,1.39,14.25,239.0,2.0,tertiary,0.0153,0
24.3,0.25,11.98,93.0,4.0,residential,0.1033,0
83.3,2.17,2.46,973.0,2.0,residential,0.6321,0
359.7,5.64,7.06,645.0,3.0,tertiary,0.9316,1
33.6,1.06,4.4,1114.0,3.0,residential,0.2191,0
95.6,1.72,13.13,67.0,2.0,residential,0.0623,0
117.5,4.19,8.73,588.0,3.0,residential,0.5247,0
124.4,1.26,5.7,182.0,4.0,residential,0.4552,1
76.5,2.11,8.1,519.0,4.0,residential,0.5209,1
25.5,1.94,0.18,271.0,7.0,residential,0.8446,1
145.8,2.28,4.75,170.0,2.0,tertiary,0.4813,1
16.5,0.86,8.11,36.0,4.0,residential,0.0774,0
70.4,1.32,10.54,225.0,5.0,primary,0.1182,0
64.9,1.58,2.18,1596.0,6.0,primary,0.5017,1
27.7,1.85,6.86,161.0,3.0,tertiary,0.1747,0
50.4,1.25,11.03,699.0,4.0,residential,0.1015,0
121.4,4.75,3.65,2112.0,4.0,tertiary,0.7061,1
70.4,1.28,8.69,1724.0,2.0,secondary,0.0915,1
19.9,2.14,8.2,256.0,1.0,tertiary,0.0789,0
133.8,2.84,13.14,283.0,3.0,secondary,0.2366,0
247.4,3.86,7.31,48.0,4.0,tertiary,0.9011,1
23.0,2.25,7.49,1236.0,0.0,tertiary,0.0505,0
75.1,0.42,10.56,1668.0,3.0,residential,0.1262,0
77.3,2.07,4.02,1145.0,8.0,secondary,0.8302,1
22.4,0.5,7.34,421.0,5.0,residential,0.121,0
183.8,2.66,6.63,225.0,3.0,tertiary,0.5736,1
78.5,1.36,7.58,2293.0,4.0,primary,0.0953,1
149.3,1.82,10.55,271.0,2.0,residential,0.2843,1
100.0,0.68,9.66,0.0,4.0,tertiary,0.244,0
179.2,3.26,5.75,22.0,5.0,residential,0.946,1
98.9,1.93,8.41,771.0,6.0,secondary,0.1623,0
55.2,1.22,12.47,5000.0,0.0,residential,0.0349,0
114.9,2.79,5.51,1280.0,5.0,primary,0.4226,0
39.2,1.63,8.44,944.0,1.0,residential,0.0775,1
123.0,2.06,7.42,1315.0,2.0,trunk,0.1288,0
33.5,3.64,7.81,447.0,3.0,secondary,0.1197,0
73.1,2.49,3.11,409.0,6.0,tertiary,0.7797,0
62.2,3.5,12.23,712.0,1.0,secondary,0.0305,0
93.8,1.59,5.68,1487.0,5.0,secondary,0.3853,0
199.2,3.39,11.08,249.0,5.0,primary,0.6109,1
49.0,0.4,6.14,131.0,4.0,residential,0.2632,0
142.7,2.25,6.12,2106.0,4.0,tertiary,0.2931,0
183.2,2.53,11.64,333.0,0.0,residential,0.1561,1
139.7,4.87,10.98,85.0,4.0,tertiary,0.8324,1
93.3,1.37,8.63,742.0,5.0,residential,0.2703,1
89.8,1.69,10.28,1551.0,3.0,tertiary,0.104,0
46.4,0.19,7.13,423.0,3.0,tertiary,0.1804,0
16.9,1.43,7.97,1411.0,5.0,tertiary,0.3241,0
80.7,1.05,6.02,4.0,3.0,tertiary,0.3013,0
194.1,3.86,10.71,68.0,3.0,secondary,0.4852,1
212.5,1.92,5.92,408.0,1.0,secondary,0.5556,1
20.9,0.95,12.46,374.0,4.0,tertiary,0.0316,0
208.2,1.82,7.05,983.0,3.0,tertiary,0.5678,0
118.7,1.83,8.06,1510.0,3.0,primary,0.1841,0
109.2,1.88,10.28,946.0,2.0,residential,0.096,0
193.1,2.64,8.07,345.0,5.0,residential,0.739,1
156.9,2.28,7.11,115.0,1.0,residential,0.5656,1
33.0,1.97,7.91,228.0,2.0,tertiary,0.1903,0
41.9,3.04,10.68,1661.0,3.0,residential,0.0669,0
14.6,1.25,6.01,241.0,4.0,secondary,0.1947,0
105.7,1.38,7.62,2517.0,5.0,tertiary,0.2238,0
36.7,1.29,8.03,743.0,4.0,residential,0.1755,0
53.5,1.16,10.59,1266.0,3.0,primary,0.0323,0
177.7,3.64,7.7,313.0,3.0,secondary,0.5909,1
116.1,2.42,13.42,145.0,1.0,residential,0.1815,0
118.3,0.96,7.53,17.0,8.0,residential,0.6645,1
305.0,5.34,7.29,876.0,2.0,residential,0.8843,1
1.8,1.6,7.49,56.0,1.0,residential,0.0981,0
38.6,2.46,4.05,106.0,7.0,residential,0.7994,1
61.9,1.13,4.89,1578.0,9.0,primary,0.4907,0
41.0,1.53,6.41,182.0,7.0,residential,0.6141,1
148.4,1.63,11.41,259.0,2.0,residential,0.4133,1
68.0,1.57,7.9,323.0,3.0,secondary,0.0507,0
29.7,1.47,6.55,369.0,3.0,tertiary,0.0679,0
99.1,1.48,11.68,168.0,6.0,primary,0.1919,0
111.6,2.41,12.65,552.0,0.0,secondary,0.0384,0
32.1,1.32,11.77,1475.0,0.0,tertiary,0.0209,0
70.6,1.29,5.44,3265.0,3.0,residential,0.3025,1
113.5,3.28,6.51,741.0,6.0,trunk,0.2545,0
184.5,2.83,13.44,1116.0,3.0,secondary,0.1651,0
44.8,1.44,8.72,194.0,2.0,trunk,0.0479,0
122.7,1.1,7.2,83.0,5.0,residential,0.6852,1
50.8,1.82,10.16,534.0,5.0,primary,0.0764,0
85.9,1.45,11.02,2410.0,3.0,tertiary,0.0379,0
34.9,1.98,6.29,1454.0,6.0,residential,0.3061,0
120.0,1.19,8.66,269.0,3.0,tertiary,0.3003,1
163.7,3.11,10.78,230.0,3.0,tertiary,0.4476,1
73.1,0.0,4.52,518.0,3.0,residential,0.3113,0
65.9,2.08,8.04,511.0,2.0,tertiary,0.0987,1
61.1,1.39,4.66,575.0,5.0,secondary,0.3764,1
26.6,1.44,5.05,499.0,4.0,residential,0.4722,0
137.3,1.97,6.31,671.0,3.0,tertiary,0.7066,0
181.3,2.22,9.43,1821.0,3.0,residential,0.3806,1
42.6,0.96,7.03,346.0,6.0,residential,0.5078,0
94.8,2.09,6.05,238.0,2.0,primary,0.1644,0
117.7,2.67,8.15,1324.0,6.0,secondary,0.5633,1
50.1,1.64,4.56,866.0,6.0,residential,0.4866,0
211.9,2.59,9.29,102.0,3.0,trunk,0.3323,0
96.1,3.42,11.39,315.0,4.0,primary,0.2655,1
20.8,1.32,7.76,876.0,2.0,residential,0.0816,0
169.7,2.34,7.39,1484.0,2.0,secondary,0.4138,0
75.4,2.04,9.12,2600.0,3.0,residential,0.1815,0
57.5,1.69,1.91,628.0,2.0,trunk,0.1224,0
130.1,2.22,9.61,261.0,6.0,tertiary,0.5682,0
51.5,1.18,17.31,265.0,0.0,tertiary,0.0038,0
203.0,4.02,7.63,630.0,8.0,residential,0.952,1
173.8,4.27,7.64,871.0,2.0,primary,0.2748,1
221.9,1.83,10.23,207.0,3.0,residential,0.473,0
293.9,5.31,12.94,710.0,3.0,residential,0.3621,0
116.4,2.21,10.92,2082.0,1.0,residential,0.1211,0
80.9,1.96,1.53,216.0,2.0,secondary,0.4541,1
49.8,2.48,9.69,631.0,2.0,residential,0.078,0
124.6,0.17,15.72,441.0,1.0,primary,0.0163,0
288.6,4.91,9.87,1017.0,3.0,tertiary,0.5393,1
26.8,2.15,4.54,523.0,5.0,residential,0.2675,1
102.1,1.47,8.85,727.0,3.0,residential,0.2227,1
20.5,0.0,4.16,173.0,5.0,residential,0.2481,1
19.6,2.35,11.7,469.0,4.0,tertiary,0.0677,0
185.4,1.62,5.13,115.0,3.0,secondary,0.5666,1
165.5,3.12,8.22,278.0,4.0,residential,0.5087,0
47.6,2.19,5.43,172.0,3.0,secondary,0.1542,0
31.5,1.5,6.36,2692.0,9.0,residential,0.5969,1
227.7,3.98,12.46,157.0,1.0,secondary,0.5294,0
33.8,0.99,8.31,245.0,6.0,primary,0.2595,0
24.6,1.46,6.32,112.0,7.0,secondary,0.4551,1
34.8,0.65,4.56,394.0,2.0,tertiary,0.2793,1
110.0,1.66,2.38,179.0,7.0,secondary,0.8239,1
320.9,4.68,4.25,2088.0,6.0,residential,0.9768,1
50.5,0.17,8.34,120.0,5.0,residential,0.1825,0
183.8,3.47,10.94,857.0,5.0,residential,0.4017,0
89.1,0.0,6.32,933.0,5.0,tertiary,0.4611,0
10.6,1.22,12.71,926.0,2.0,secondary,0.0175,0
51.8,1.79,5.85,627.0,2.0,tertiary,0.2066,0
166.8,2.17,7.29,1892.0,7.0,primary,0.4045,0
160.7,1.74,4.76,637.0,1.0,residential,0.5672,1
45.6,1.02,10.97,569.0,4.0,secondary,0.093,0
136.8,2.95,14.29,822.0,0.0,residential,0.0317,0
74.1,1.97,2.71,319.0,6.0,residential,0.8284,1
106.9,1.19,6.96,1078.0,2.0,secondary,0.2436,0
190.9,3.18,11.79,1322.0,3.0,trunk,0.087,0
47.2,1.58,3.66,1542.0,4.0,tertiary,0.2548,1
59.7,1.69,9.7,814.0,0.0,residential,0.0366,0
193.3,2.33,11.66,676.0,2.0,tertiary,0.0776,0
299.0,4.51,8.23,5000.0,0.0,residential,0.5236,1
152.7,3.37,9.65,1090.0,3.0,primary,0.2378,0
102.1,2.45,13.28,2704.0,2.0,secondary,0.0429,0
151.8,2.95,13.85,1240.0,0.0,residential,0.0539,0
51.6,2.73,7.81,2070.0,6.0,residential,0.4257,1
85.2,1.96,6.4,727.0,5.0,residential,0.4436,1
19.4,0.36,5.24,323.0,5.0,trunk,0.0752,0
52.5,0.76,10.93,24.0,5.0,tertiary,0.1559,1
111.8,2.28,3.88,576.0,4.0,secondary,0.6938,0
94.8,0.79,7.24,63.0,6.0,tertiary,0.5472,0
6.8,0.63,8.31,1643.0,2.0,tertiary,0.0367,0
67.4,1.98,6.49,438.0,2.0,residential,0.2955,0
93.3,2.86,8.84,1305.0,3.0,primary,0.116,0
96.1,0.72,15.69,397.0,3.0,residential,0.0373,0
24.0,1.17,7.64,1136.0,2.0,tertiary,0.0695,0
138.6,2.41,6.69,1796.0,2.0,tertiary,0.2258,0
271.4,4.09,11.05,1287.0,2.0,tertiary,0.4686,1
150.5,2.72,8.72,268.0,7.0,primary,0.5504,1
85.3,1.8,12.32,1170.0,0.0,residential,0.0324,0
231.4,4.69,8.49,782.0,3.0,tertiary,0.7064,0
51.7,2.42,7.25,298.0,7.0,residential,0.6241,0
126.1,4.03,2.65,333.0,5.0,tertiary,0.8874,1
78.4,1.73,3.14,210.0,5.0,residential,0.7245,1
233.1,3.27,2.49,1051.0,6.0,residential,0.9594,1
36.1,0.46,9.14,1406.0,6.0,residential,0.1802,0
36.1,0.82,3.91,814.0,4.0,residential,0.3268,0
196.4,3.73,11.77,2439.0,1.0,residential,0.0936,0
119.7,2.93,8.09,203.0,4.0,tertiary,0.4881,0
207.3,3.83,7.27,679.0,2.0,tertiary,0.2911,1
39.4,0.74,5.47,15.0,1.0,residential,0.15,0
46.2,0.83,9.87,1192.0,1.0,residential,0.0566,0
105.0,3.62,5.59,666.0,8.0,residential,0.8257,1
20.3,0.38,5.04,1726.0,3.0,tertiary,0.2141,0
99.6,3.13,11.57,722.0,1.0,residential,0.1333,0
58.9,1.83,9.06,1043.0,2.0,residential,0.0877,0
78.1,1.15,7.3,1420.0,5.0,residential,0.2318,1
138.0,1.51,9.92,405.0,2.0,tertiary,0.267,0
143.1,1.97,8.03,778.0,6.0,residential,0.7075,1
262.4,4.28,9.15,1278.0,4.0,tertiary,0.7045,1
176.3,2.19,5.55,349.0,1.0,tertiary,0.4049,0
11.0,2.18,14.21,441.0,0.0,secondary,0.0087,0
38.9,1.1,6.26,267.0,5.0,tertiary,0.2792,0
42.0,1.86,12.67,458.0,3.0,tertiary,0.0333,0
164.1,3.26,7.43,136.0,3.0,residential,0.7517,1
237.6,4.95,10.42,348.0,5.0,secondary,0.7043,1
27.4,0.78,10.2,77.0,1.0,tertiary,0.0509,0
167.0,2.89,11.44,257.0,2.0,residential,0.3393,0
85.4,0.7,5.48,610.0,7.0,tertiary,0.59,1
76.3,1.8,11.23,367.0,3.0,residential,0.1206,0
51.0,2.32,13.54,877.0,3.0,tertiary,0.0211,0
68.1,1.79,7.22,757.0,5.0,secondary,0.1783,1
100.0,3.85,8.1,631.0,6.0,primary,0.6082,1
56.2,1.89,6.43,34.0,6.0,primary,0.441,0
115.4,1.75,6.96,1956.0,3.0,tertiary,0.142,0
76.6,2.08,13.13,384.0,3.0,tertiary,0.1068,0
70.0,0.47,4.99,797.0,2.0,secondary,0.1028,0
131.4,1.74,5.17,1238.0,4.0,residential,0.6111,1
107.2,1.11,12.83,235.0,5.0,secondary,0.2587,0
7.3,0.9,9.87,143.0,3.0,tertiary,0.0538,0
119.0,2.18,14.36,23.0,2.0,residential,0.2076,1
102.8,3.0,6.65,1629.0,4.0,residential,0.4506,0
184.1,2.93,8.38,186.0,10.0,secondary,0.971,1
105.9,1.27,6.02,3378.0,2.0,residential,0.301,0
65.1,2.83,8.43,301.0,3.0,residential,0.216,0
49.3,0.0,2.68,1109.0,4.0,residential,0.211,0
16.6,1.03,10.05,35.0,6.0,residential,0.1569,0
84.5,1.99,8.97,1033.0,3.0,residential,0.1311,1
42.4,1.3,7.83,161.0,5.0,secondary,0.3356,1
203.3,3.64,6.83,47.0,5.0,residential,0.9648,1
87.3,1.94,5.32,84.0,4.0,secondary,0.3706,1
32.4,1.59,10.18,993.0,3.0,primary,0.0644,0
11.9,0.46,4.49,93.0,8.0,residential,0.5115,1
17.7,0.0,9.54,326.0,3.0,residential,0.0416,0
111.9,2.11,14.22,1251.0,1.0,tertiary,0.0139,0
219.2,2.61,12.46,461.0,3.0,residential,0.4268,0
129.2,1.77,3.48,26.0,6.0,residential,0.8593,1
77.9,2.66,6.39,177.0,5.0,trunk,0.5677,1
302.9,5.68,9.26,236.0,4.0,trunk,0.8475,0
149.6,3.51,7.79,526.0,7.0,secondary,0.7921,1
106.6,2.84,3.8,2669.0,6.0,residential,0.5572,1
63.6,1.61,9.16,535.0,6.0,tertiary,0.4,0
226.9,4.33,7.97,686.0,2.0,secondary,0.5231,1
68.7,1.91,13.74,498.0,0.0,residential,0.0247,0
42.3,2.87,7.24,141.0,3.0,tertiary,0.2608,0
80.5,1.03,11.5,476.0,1.0,residential,0.0411,0
93.3,2.46,4.2,5000.0,3.0,residential,0.4425,1
158.7,1.69,4.92,727.0,6.0,tertiary,0.8907,1
41.4,1.84,10.16,1363.0,1.0,residential,0.0229,0
48.5,0.01,11.25,614.0,2.0,residential,0.0356,0
50.7,0.44,5.13,3039.0,8.0,secondary,0.4554,0
77.2,0.7,8.07,157.0,2.0,trunk,0.0334,0
33.0,1.4,3.86,378.0,3.0,tertiary,0.152,0
201.6,3.5,7.46,565.0,2.0,secondary,0.3801,1
17.9,2.98,10.51,222.0,4.0,trunk,0.0653,0
231.3,3.5,6.7,397.0,3.0,residential,0.8939,1
147.8,3.19,7.25,1419.0,5.0,residential,0.67,1
39.1,1.4,4.61,1199.0,6.0,residential,0.3721,0
72.4,2.22,6.05,544.0,5.0,residential,0.575,0
45.0,1.45,13.27,159.0,3.0,secondary,0.028,0
149.6,3.48,8.22,93.0,5.0,residential,0.8077,1
215.2,2.54,4.99,899.0,4.0,tertiary,0.7904,1
400.0,3.64,7.06,144.0,4.0,residential,0.9955,1
123.3,2.61,3.21,1438.0,5.0,residential,0.7395,0
18.4,0.0,4.96,1136.0,4.0,primary,0.0656,0
36.4,2.29,12.08,1662.0,1.0,residential,0.0318,0
118.9,1.79,7.57,707.0,1.0,residential,0.2873,0
74.9,0.87,13.67,325.0,2.0,residential,0.0614,0
146.4,4.72,7.71,427.0,4.0,tertiary,0.5088,0
108.0,2.08,7.89,423.0,3.0,tertiary,0.2945,0
39.7,1.11,9.92,2395.0,2.0,tertiary,0.0428,0
65.7,2.19,0.0,617.0,7.0,residential,0.9465,1
151.4,3.27,8.61,63.0,5.0,residential,0.8462,1
112.6,3.06,7.85,506.0,1.0,secondary,0.3118,0
147.5,1.5,12.46,105.0,2.0,tertiary,0.1063,0
25.5,1.53,10.89,13.0,1.0,tertiary,0.041,0
42.2,1.07,4.6,798.0,5.0,tertiary,0.3011,0
191.7,2.36,11.73,352.0,5.0,secondary,0.5625,1
26.5,1.16,7.21,144.0,4.0,residential,0.3457,0
141.4,1.05,5.29,2246.0,2.0,residential,0.4199,1
23.6,1.82,8.59,1711.0,3.0,tertiary,0.0734,0
92.2,1.67,7.39,260.0,2.0,residential,0.2923,0
58.1,1.11,12.62,549.0,4.0,secondary,0.0281,0
39.2,1.16,9.02,1045.0,1.0,tertiary,0.0335,0
97.9,1.84,8.62,170.0,8.0,secondary,0.5929,0
185.3,3.94,10.7,221.0,1.0,primary,0.2657,0
47.5,0.49,11.28,1025.0,0.0,tertiary,0.0129,0
9.1,0.6,10.35,2053.0,1.0,primary,0.0078,0
76.6,1.55,12.26,926.0,0.0,tertiary,0.0098,0
38.8,0.41,9.83,4446.0,0.0,primary,0.0167,0
153.6,2.77,8.5,223.0,4.0,residential,0.4522,1
57.9,0.92,11.72,2244.0,1.0,tertiary,0.04,0
49.1,0.27,7.73,1459.0,3.0,tertiary,0.1275,0
63.4,1.98,8.1,230.0,8.0,residential,0.7439,1
185.2,4.26,13.16,412.0,3.0,residential,0.2617,0
116.7,2.24,12.87,1072.0,3.0,primary,0.1203,0
33.7,1.12,7.98,2648.0,4.0,tertiary,0.294,1
25.5,1.01,6.64,228.0,1.0,residential,0.0964,0
229.1,3.14,12.39,2353.0,0.0,residential,0.1498,1
48.1,2.31,10.4,386.0,4.0,residential,0.1621,0
189.1,3.14,8.95,686.0,3.0,residential,0.6044,0
74.1,0.0,7.03,402.0,6.0,primary,0.3379,0
42.8,2.27,9.0,371.0,4.0,residential,0.0973,0
45.8,2.11,7.93,228.0,8.0,residential,0.5225,1
77.0,2.2,6.01,673.0,8.0,tertiary,0.7178,0
8.6,0.0,8.39,185.0,0.0,residential,0.0389,0
44.1,1.33,8.8,3669.0,2.0,residential,0.0762,0
286.4,4.95,6.87,1090.0,3.0,secondary,0.5567,0
343.9,5.23,10.71,392.0,2.0,tertiary,0.8743,1
48.2,1.54,11.87,441.0,7.0,trunk,0.2361,0
136.1,3.15,10.91,748.0,2.0,tertiary,0.0496,0
114.4,2.28,7.17,534.0,2.0,tertiary,0.3502,0
29.2,2.11,10.27,593.0,2.0,secondary,0.0957,0
137.8,2.58,8.23,831.0,5.0,primary,0.4468,0
62.2,1.61,4.29,388.0,3.0,secondary,0.2872,0
89.4,2.59,10.02,2100.0,1.0,trunk,0.0426,0
157.8,2.37,8.44,167.0,4.0,secondary,0.5188,0
65.7,0.71,15.78,14.0,5.0,primary,0.0449,0
65.1,1.58,12.37,16.0,3.0,residential,0.1216,0
127.1,2.8,10.13,250.0,5.0,secondary,0.433,1
193.0,3.86,8.75,1740.0,4.0,residential,0.4044,0
122.0,3.01,8.49,92.0,5.0,tertiary,0.6072,0
67.7,1.56,4.99,708.0,3.0,tertiary,0.4589,1
179.0,2.81,2.78,141.0,5.0,trunk,0.8261,1
111.0,1.66,5.38,1038.0,9.0,trunk,0.4434,1
221.8,3.66,7.86,128.0,5.0,residential,0.9847,1
262.6,2.64,1.68,24.0,4.0,secondary,0.9643,1
120.5,2.26,6.37,279.0,3.0,secondary,0.3734,0
211.1,5.61,7.26,43.0,9.0,residential,0.9926,1
215.5,2.18,7.35,296.0,7.0,residential,0.9063,1
80.3,1.89,6.01,1480.0,2.0,residential,0.1461,0
215.4,3.69,6.98,22.0,4.0,secondary,0.9492,1
92.6,2.32,13.17,1377.0,2.0,tertiary,0.0355,0
147.4,1.79,9.99,1119.0,5.0,trunk,0.1306,0
85.6,2.24,6.32,2040.0,7.0,tertiary,0.2115,0
21.2,0.63,7.79,1675.0,4.0,trunk,0.0967,0
314.1,3.43,7.92,366.0,2.0,residential,0.8287,1
143.2,3.28,5.7,1553.0,6.0,secondary,0.6599,1
152.3,3.16,5.69,1791.0,3.0,residential,0.3633,0
99.6,1.22,11.03,1017.0,1.0,tertiary,0.0533,0
214.4,2.94,6.74,50.0,8.0,secondary,0.9583,1
78.9,1.28,4.72,441.0,4.0,primary,0.4062,1
83.1,0.48,7.87,295.0,9.0,secondary,0.601,1
34.1,1.82,8.35,1877.0,4.0,residential,0.0819,0
107.5,2.73,2.08,1.0,6.0,residential,0.9814,1
206.9,3.02,7.88,175.0,6.0,residential,0.9168,1
79.7,1.73,10.6,1439.0,1.0,residential,0.0334,0
29.8,1.25,9.35,724.0,2.0,tertiary,0.056,0
177.8,3.13,14.69,80.0,2.0,secondary,0.2359,0
128.0,1.26,11.75,804.0,4.0,secondary,0.165,0
289.6,4.67,12.35,1092.0,3.0,primary,0.4035,1
45.9,0.41,16.4,1720.0,1.0,secondary,0.0062,0
143.6,3.07,10.27,2716.0,2.0,secondary,0.1572,1
28.5,0.29,8.49,68.0,1.0,residential,0.074,0
87.5,0.81,10.92,526.0,2.0,residential,0.1139,0
100.9,1.99,6.32,970.0,6.0,tertiary,0.3097,0
18.8,0.99,8.32,590.0,3.0,primary,0.0218,0
196.6,3.24,6.06,1336.0,3.0,residential,0.5054,0
160.6,2.01,9.19,4332.0,3.0,tertiary,0.2235,0
128.0,2.5,6.04,4663.0,4.0,tertiary,0.3198,0
30.4,1.4,5.94,855.0,3.0,residential,0.1152,0
50.0,2.33,9.24,1017.0,5.0,residential,0.2187,1
173.9,3.04,7.59,1958.0,2.0,primary,0.1403,0
86.8,1.36,2.22,13.0,4.0,tertiary,0.405,1
73.7,0.61,3.63,160.0,4.0,residential,0.3406,0
211.0,2.11,4.56,171.0,4.0,primary,0.7331,1
98.1,2.24,5.35,1378.0,5.0,residential,0.4846,0
33.0,1.83,9.24,2663.0,2.0,primary,0.0448,0
172.4,2.16,8.66,511.0,5.0,residential,0.668,1
29.0,1.35,11.2,125.0,2.0,tertiary,0.0184,0
87.4,1.71,10.26,950.0,2.0,residential,0.1753,1
108.8,2.68,11.22,199.0,1.0,residential,0.1348,0
147.5,3.26,9.83,578.0,6.0,primary,0.4288,0
22.8,0.0,8.63,110.0,2.0,residential,0.0616,0
6.8,1.71,11.3,599.0,4.0,residential,0.0437,0
7.2,1.09,10.76,612.0,1.0,residential,0.0324,0
229.4,3.13,9.13,745.0,3.0,secondary,0.2562,0
18.9,0.62,11.81,767.0,4.0,secondary,0.0702,0
270.2,4.07,0.96,371.0,6.0,trunk,0.9773,1
185.6,2.62,7.13,1898.0,3.0,residential,0.5273,1
38.8,0.52,7.08,113.0,3.0,residential,0.2034,0
10.6,0.36,11.46,70.0,5.0,residential,0.0669,0
92.7,1.08,12.71,530.0,3.0,tertiary,0.1219,0
57.0,2.56,3.65,57.0,6.0,trunk,0.5658,0
213.4,3.41,12.23,122.0,2.0,secondary,0.3037,0
107.9,3.9,4.49,127.0,10.0,tertiary,0.9737,1
88.2,2.16,4.58,79.0,4.0,residential,0.5092,1
74.0,2.16,7.3,1286.0,4.0,primary,0.1163,0
147.2,1.72,7.05,294.0,3.0,tertiary,0.4777,0
82.0,1.61,3.32,2463.0,2.0,residential,0.4076,1
306.8,4.54,9.95,726.0,4.0,residential,0.8263,1
18.1,0.51,10.04,1836.0,5.0,residential,0.07,0
67.8,1.24,11.16,772.0,2.0,residential,0.0521,0
132.4,2.72,6.7,536.0,4.0,residential,0.4731,1
120.0,2.59,7.88,668.0,1.0,tertiary,0.1605,0
306.2,3.41,7.91,281.0,5.0,tertiary,0.9173,1
46.6,1.59,13.06,523.0,2.0,residential,0.0221,0
2.8,1.28,0.0,103.0,10.0,residential,0.8759,1
175.7,2.44,5.13,602.0,4.0,trunk,0.3118,0
104.1,1.5,8.02,1015.0,5.0,secondary,0.4119,1
176.8,3.27,4.74,855.0,3.0,tertiary,0.7045,0
115.7,0.13,7.23,299.0,1.0,residential,0.0959,1
5.4,0.87,7.62,120.0,5.0,primary,0.1559,0
121.2,3.56,6.03,966.0,3.0,residential,0.4262,1
46.3,0.0,8.19,1726.0,3.0,residential,0.0637,0
67.8,2.27,9.88,91.0,4.0,primary,0.1149,0
79.8,2.19,7.29,243.0,2.0,tertiary,0.2145,0
29.0,0.0,6.64,481.0,4.0,secondary,0.1763,0
44.9,1.76,7.5,1398.0,4.0,tertiary,0.2009,0
154.5,3.46,7.98,546.0,4.0,tertiary,0.4571,1
154.4,1.71,2.78,812.0,3.0,residential,0.7355,1
15.8,0.42,9.38,139.0,3.0,residential,0.0684,0
105.0,2.08,6.65,176.0,5.0,residential,0.5462,1
166.7,3.58,11.78,1167.0,3.0,residential,0.3049,1
97.0,1.53,9.77,1279.0,0.0,primary,0.0312,0
109.7,2.08,11.51,256.0,5.0,residential,0.3846,0
17.2,0.47,4.97,1989.0,2.0,tertiary,0.0642,0
207.8,3.31,6.89,31.0,2.0,secondary,0.7161,1
31.7,2.02,4.27,244.0,4.0,secondary,0.451,1
64.9,1.66,5.88,210.0,2.0,residential,0.244,0
167.8,2.53,11.76,134.0,3.0,tertiary,0.3267,1
259.2,3.88,12.46,45.0,3.0,trunk,0.4922,1
69.5,0.99,4.56,1235.0,2.0,tertiary,0.2209,0
358.1,4.3,6.63,918.0,3.0,secondary,0.8219,1
99.7,2.96,7.77,469.0,7.0,primary,0.5556,1
91.2,3.2,9.76,697.0,1.0,secondary,0.045,0
36.3,0.0,2.72,473.0,7.0,residential,0.6227,1
66.1,2.06,3.19,1148.0,5.0,tertiary,0.6999,1
106.4,2.76,9.47,131.0,2.0,residential,0.346,0
133.7,1.43,2.15,30.0,7.0,tertiary,0.9077,1
129.1,1.97,6.66,1942.0,5.0,trunk,0.3978,0
60.3,1.06,8.49,439.0,2.0,tertiary,0.0681,0
228.0,5.06,9.25,2422.0,4.0,residential,0.4385,1
93.5,3.24,7.57,3481.0,0.0,residential,0.0723,0
88.8,1.13,6.9,2372.0,4.0,trunk,0.2306,1
34.0,0.04,10.53,766.0,0.0,residential,0.0356,0
143.7,3.14,8.86,70.0,5.0,residential,0.7139,0
84.9,2.25,6.06,4047.0,1.0,residential,0.1315,0
70.3,2.64,8.11,661.0,7.0,residential,0.565,1
24.3,0.24,9.15,288.0,3.0,tertiary,0.1889,0
25.3,1.68,13.15,1009.0,0.0,tertiary,0.0083,0
115.0,1.59,10.36,295.0,3.0,residential,0.3584,0
251.2,4.31,11.64,244.0,5.0,residential,0.8622,1
74.8,1.67,6.17,1188.0,2.0,residential,0.2626,1
74.4,3.21,6.43,153.0,3.0,residential,0.6325,1
145.0,2.9,7.29,859.0,5.0,residential,0.6084,0
202.6,2.98,7.57,653.0,2.0,tertiary,0.4672,0
55.6,1.58,4.98,833.0,2.0,residential,0.1953,1
34.5,1.13,11.8,999.0,1.0,residential,0.0286,0
83.0,0.87,10.65,228.0,4.0,residential,0.2754,0
127.8,3.87,7.08,1421.0,2.0,residential,0.413,1
7.2,2.17,9.93,1235.0,4.0,residential,0.1314,0
62.4,1.41,8.67,222.0,5.0,residential,0.2682,1
76.5,2.28,10.16,2190.0,4.0,primary,0.0578,0
68.5,3.26,3.97,2094.0,10.0,residential,0.793,1
21.9,2.05,7.56,3182.0,2.0,tertiary,0.066,0
62.6,1.31,7.83,632.0,3.0,tertiary,0.2166,0
77.5,1.66,9.87,31.0,2.0,residential,0.1344,1
40.0,0.0,6.11,1273.0,5.0,residential,0.2709,0
107.1,2.7,0.5,1405.0,10.0,secondary,0.9557,1
160.7,3.72,4.75,210.0,3.0,secondary,0.7257,1
164.8,3.78,7.82,442.0,6.0,residential,0.7837,0
49.2,1.95,8.19,95.0,2.0,residential,0.2862,0
126.0,2.59,13.05,341.0,1.0,residential,0.0938,0
118.3,1.42,9.75,1050.0,1.0,tertiary,0.0611,0
289.5,4.53,8.24,1366.0,3.0,tertiary,0.7055,1
126.5,1.81,7.9,208.0,3.0,residential,0.4665,1
132.1,2.81,11.31,1790.0,3.0,residential,0.3781,1
183.9,2.4,6.23,592.0,1.0,primary,0.4656,0
27.8,1.55,7.58,1380.0,3.0,residential,0.3868,0
91.6,2.96,4.73,351.0,2.0,tertiary,0.287,0
262.0,4.25,12.26,95.0,2.0,secondary,0.8028,1
265.6,4.25,9.18,1249.0,2.0,residential,0.7235,1
62.6,2.28,5.88,158.0,7.0,residential,0.743,0
257.2,5.3,7.66,531.0,3.0,residential,0.8075,1
70.5,1.56,9.53,12.0,4.0,primary,0.2261,0
110.0,2.54,7.25,206.0,10.0,residential,0.8973,1
18.2,2.23,6.4,1372.0,2.0,residential,0.0588,0
220.8,3.99,6.04,362.0,2.0,residential,0.6445,0
67.7,0.01,9.02,1294.0,2.0,residential,0.0435,0
22.6,0.5,6.93,1296.0,4.0,tertiary,0.1515,1
79.0,2.35,6.64,1301.0,3.0,residential,0.3036,1
4.7,0.54,3.99,976.0,4.0,tertiary,0.1435,0
140.5,3.64,8.23,163.0,3.0,tertiary,0.6373,0
193.5,4.61,7.46,610.0,4.0,secondary,0.6994,0
35.5,0.75,7.04,967.0,6.0,residential,0.3545,1
34.3,0.39,8.6,1711.0,0.0,primary,0.0243,0
133.3,2.11,10.24,1195.0,2.0,tertiary,0.1362,0
145.1,2.21,10.1,1287.0,2.0,residential,0.2838,0
51.2,2.64,9.66,1105.0,2.0,secondary,0.0673,0
40.2,0.45,7.28,181.0,3.0,primary,0.0456,0
170.2,3.44,6.3,346.0,3.0,residential,0.8561,0
20.3,2.15,4.87,505.0,3.0,primary,0.0934,0
59.7,2.17,6.22,556.0,1.0,tertiary,0.1297,0
39.2,1.62,8.06,526.0,6.0,tertiary,0.5851,1
131.8,2.25,5.64,206.0,4.0,trunk,0.534,1
42.2,2.79,8.29,1478.0,4.0,residential,0.1093,1
186.3,2.84,5.1,322.0,3.0,secondary,0.7306,1
57.8,2.25,3.02,245.0,8.0,residential,0.8966,1
115.1,2.05,10.46,270.0,5.0,secondary,0.3265,1
42.9,0.0,6.58,951.0,2.0,tertiary,0.0771,0
99.5,1.78,5.49,846.0,3.0,residential,0.2335,0
47.9,1.25,4.72,442.0,4.0,residential,0.2491,0
32.5,1.07,9.27,1096.0,2.0,residential,0.041,0
144.6,2.01,12.12,411.0,1.0,residential,0.1957,0
41.8,1.8,6.79,1786.0,4.0,residential,0.1216,0
42.5,1.9,7.35,2762.0,5.0,residential,0.2504,0
93.0,1.67,11.21,274.0,1.0,residential,0.1535,0
105.6,1.82,2.57,936.0,4.0,residential,0.7116,1
31.3,0.34,13.9,1717.0,0.0,secondary,0.0123,0
124.2,2.49,15.33,518.0,1.0,secondary,0.0219,0
45.0,2.44,0.0,1226.0,5.0,secondary,0.6725,1
23.9,2.19,7.71,349.0,6.0,residential,0.509,0
66.8,1.12,5.84,559.0,3.0,primary,0.225,0
65.9,3.18,7.21,94.0,1.0,tertiary,0.3626,1
116.8,1.91,6.74,178.0,7.0,residential,0.6692,0
296.8,3.55,10.44,657.0,2.0,residential,0.7131,0
91.7,0.81,7.66,64.0,4.0,tertiary,0.3592,1
128.8,1.48,5.27,246.0,1.0,residential,0.3549,0
17.7,1.28,7.48,479.0,7.0,tertiary,0.2609,0
192.4,2.9,9.54,1416.0,5.0,trunk,0.3756,1
75.9,1.21,4.45,49.0,6.0,residential,0.6002,0
26.1,0.43,3.06,9.0,8.0,residential,0.6828,1
187.3,2.18,13.98,2220.0,2.0,trunk,0.0717,0
78.5,1.03,6.07,780.0,5.0,tertiary,0.5036,0
166.5,3.61,7.59,463.0,2.0,residential,0.557,1
318.5,6.06,6.81,465.0,5.0,primary,0.9343,1
19.9,2.53,9.64,318.0,0.0,primary,0.0135,0
43.3,1.87,13.32,164.0,2.0,tertiary,0.0277,0
146.2,2.16,9.74,1343.0,3.0,tertiary,0.3303,0
82.8,1.26,3.44,2143.0,7.0,residential,0.7482,1
5.5,1.47,3.85,756.0,7.0,residential,0.5202,0
60.9,1.33,6.8,1915.0,2.0,tertiary,0.1221,0
69.2,1.96,7.2,526.0,7.0,residential,0.6458,1
78.6,3.29,2.83,83.0,4.0,tertiary,0.701,1
41.9,1.48,10.46,1479.0,1.0,secondary,0.0187,0
226.6,5.34,4.74,75.0,9.0,residential,0.9974,1
17.7,0.11,12.48,951.0,3.0,tertiary,0.0285,0
110.6,2.49,13.46,661.0,2.0,residential,0.1171,0
51.7,1.67,7.26,249.0,4.0,primary,0.2389,0
48.5,0.59,9.32,486.0,2.0,residential,0.0517,0
206.3,3.92,4.3,3245.0,8.0,tertiary,0.6756,0
66.3,2.82,9.87,830.0,4.0,tertiary,0.1577,0
111.1,3.9,6.51,1578.0,5.0,residential,0.3602,1
153.3,2.97,4.74,198.0,4.0,tertiary,0.833,0
85.8,0.31,7.13,1024.0,1.0,secondary,0.1699,0
208.2,3.68,6.6,649.0,3.0,tertiary,0.5341,1
23.4,1.67,7.02,115.0,5.0,secondary,0.3385,0
116.2,2.01,10.85,394.0,6.0,trunk,0.3141,1
298.9,4.56,5.64,2501.0,1.0,residential,0.7532,1
109.0,1.72,13.21,616.0,3.0,tertiary,0.0909,0
13.4,0.85,4.02,1302.0,5.0,residential,0.1546,0
119.3,3.05,12.85,192.0,1.0,secondary,0.0948,0
232.9,4.71,4.95,1333.0,5.0,tertiary,0.8433,1
61.5,0.52,8.0,719.0,1.0,residential,0.1281,0
60.9,1.12,6.53,1697.0,5.0,residential,0.4376,1
142.0,1.23,6.97,338.0,3.0,primary,0.2317,0
123.9,3.76,10.4,519.0,3.0,residential,0.1322,0
88.3,2.56,12.5,1576.0,2.0,tertiary,0.0198,0
44.7,0.0,11.57,979.0,1.0,residential,0.052,0
56.0,1.42,6.79,410.0,4.0,trunk,0.1396,0
33.5,0.98,8.55,108.0,7.0,residential,0.2355,0
11.7,0.34,5.65,112.0,5.0,residential,0.163,0
192.5,3.94,5.03,3389.0,7.0,primary,0.7894,0
147.6,3.38,4.56,502.0,3.0,primary,0.5306,0
137.1,2.66,6.69,485.0,2.0,residential,0.6123,1
135.3,1.91,8.75,583.0,6.0,tertiary,0.5059,1
71.1,1.15,2.26,3909.0,3.0,secondary,0.3846,0
63.5,1.6,7.86,276.0,7.0,primary,0.3617,1
26.3,0.75,12.55,668.0,2.0,residential,0.0391,0
156.5,2.67,11.37,163.0,1.0,tertiary,0.3842,1
400.0,6.05,6.24,250.0,3.0,secondary,0.9917,1
115.5,0.96,3.81,35.0,4.0,secondary,0.7876,1
172.8,2.27,9.38,251.0,3.0,secondary,0.4512,0
173.3,2.85,1.05,550.0,6.0,tertiary,0.8637,1
243.4,4.97,11.33,228.0,7.0,residential,0.9055,1
39.5,1.95,7.36,777.0,5.0,primary,0.2179,1
18.0,1.01,13.49,5.0,4.0,primary,0.0259,0
98.7,2.31,2.82,348.0,4.0,secondary,0.6252,0
76.5,1.64,10.75,115.0,3.0,residential,0.118,1
395.8,6.41,7.7,237.0,3.0,residential,0.9945,1
34.0,1.56,7.01,2.0,7.0,secondary,0.6734,1
295.9,5.37,3.89,371.0,4.0,residential,0.9752,1
77.1,0.64,9.79,982.0,5.0,trunk,0.0885,0
30.2,0.52,10.03,381.0,2.0,residential,0.0933,1
259.4,4.13,13.36,119.0,2.0,secondary,0.6874,1
40.1,1.68,11.02,1216.0,7.0,primary,0.0542,0
173.5,4.8,6.22,841.0,3.0,residential,0.6918,0
100.9,0.56,4.99,946.0,4.0,residential,0.5145,1
295.2,4.32,3.89,45.0,10.0,tertiary,0.9985,1
200.5,3.14,12.42,779.0,2.0,tertiary,0.133,0
75.5,1.9,5.67,421.0,2.0,residential,0.1996,0
260.3,5.31,12.44,928.0,6.0,tertiary,0.3146,0
126.4,3.02,9.58,2237.0,2.0,primary,0.0581,0
90.2,0.6,8.99,905.0,2.0,tertiary,0.0393,0
99.2,3.22,7.08,336.0,2.0,residential,0.3002,1
178.4,4.15,9.98,96.0,0.0,residential,0.5324,1
72.4,1.88,7.95,495.0,2.0,residential,0.098,0
56.4,0.18,6.89,73.0,7.0,residential,0.6356,0
45.6,1.23,10.09,581.0,2.0,residential,0.1563,0
114.3,2.55,7.57,168.0,2.0,tertiary,0.3775,0
48.5,2.18,5.6,164.0,4.0,residential,0.5371,1
180.3,1.55,9.8,143.0,4.0,trunk,0.1742,0
70.9,1.04,7.81,1346.0,3.0,residential,0.1794,0
133.7,3.28,9.47,1243.0,5.0,residential,0.2379,1
208.5,4.5,6.64,586.0,5.0,secondary,0.6217,1
248.3,4.12,4.37,620.0,5.0,primary,0.7957,1
105.5,2.99,13.21,2994.0,3.0,residential,0.0655,0
9.8,1.28,12.64,1540.0,2.0,residential,0.0193,0
10.6,1.7,10.65,1855.0,3.0,residential,0.0432,0
176.9,3.04,6.84,784.0,5.0,tertiary,0.5324,1
37.6,1.63,7.1,1.0,3.0,tertiary,0.2453,0
68.2,0.64,12.15,1092.0,2.0,residential,0.0315,0
195.7,3.73,6.94,463.0,7.0,residential,0.9121,1
57.0,0.48,6.1,62.0,7.0,tertiary,0.4813,1
26.4,1.69,13.62,422.0,4.0,trunk,0.0091,0
70.1,1.29,7.86,1295.0,3.0,tertiary,0.1035,1
153.3,2.94,13.31,231.0,5.0,tertiary,0.4386,0
56.1,0.71,3.8,103.0,0.0,residential,0.2421,1
138.3,2.06,9.55,104.0,3.0,residential,0.2737,1
27.3,1.42,14.21,44.0,4.0,residential,0.0434,0
44.3,1.94,8.09,1751.0,3.0,secondary,0.0671,0
71.0,2.53,7.21,1149.0,2.0,primary,0.1388,0
214.0,2.45,4.5,2335.0,4.0,primary,0.6879,0
62.4,0.35,11.25,1195.0,3.0,trunk,0.0157,0
54.9,0.68,5.69,891.0,4.0,trunk,0.1744,0
55.1,0.61,7.72,395.0,3.0,trunk,0.1266,0
138.2,3.71,4.3,363.0,2.0,residential,0.686,1
164.1,3.84,12.67,620.0,2.0,residential,0.133,0
207.4,2.49,11.46,1071.0,0.0,residential,0.199,0
327.1,6.09,7.91,189.0,3.0,tertiary,0.9731,1
114.9,3.2,4.54,812.0,5.0,residential,0.6494,1
49.1,0.09,12.61,325.0,1.0,secondary,0.0232,1
79.3,0.93,6.9,1436.0,5.0,tertiary,0.3105,1
39.4,0.0,4.68,402.0,3.0,tertiary,0.1965,0
99.6,1.93,2.71,438.0,7.0,residential,0.9035,1
45.7,1.36,6.06,909.0,4.0,residential,0.2148,0
206.5,3.29,3.64,740.0,1.0,residential,0.5382,1
108.3,0.48,6.13,816.0,3.0,primary,0.2194,0
253.1,2.7,10.23,96.0,6.0,tertiary,0.9416,1
160.0,2.93,6.87,663.0,4.0,secondary,0.2481,1
149.7,3.09,9.07,63.0,4.0,residential,0.768,1
26.2,0.0,5.83,218.0,3.0,residential,0.1577,1
138.0,1.43,8.2,286.0,3.0,residential,0.3176,1
322.4,5.49,13.76,254.0,1.0,secondary,0.5674,1
63.9,0.59,6.95,53.0,6.0,secondary,0.4678,0
185.1,3.01,9.15,379.0,1.0,residential,0.45,1
19.0,0.0,3.3,479.0,3.0,primary,0.0858,1
34.2,1.88,12.56,1439.0,3.0,residential,0.0444,0
83.7,0.19,6.57,1377.0,5.0,primary,0.3788,0
55.7,1.22,11.15,2128.0,5.0,residential,0.1663,0
45.1,2.09,7.63,2172.0,2.0,residential,0.0437,0
55.9,1.96,9.83,880.0,3.0,secondary,0.0971,0
127.2,1.96,10.01,2974.0,2.0,residential,0.076,0
186.7,2.48,6.64,277.0,2.0,residential,0.6393,1
135.1,2.24,11.28,305.0,3.0,residential,0.1896,0
140.8,1.46,5.72,117.0,4.0,residential,0.71,1
86.6,1.76,10.33,31.0,6.0,secondary,0.2953,1
33.3,1.13,6.83,65.0,3.0,primary,0.0735,0
81.3,1.44,9.05,85.0,2.0,primary,0.1131,0
101.5,2.82,6.61,2853.0,1.0,residential,0.1648,0
192.5,2.25,8.15,588.0,1.0,tertiary,0.4051,0
280.3,2.8,4.78,233.0,6.0,residential,0.9668,1
119.6,1.81,8.74,281.0,1.0,residential,0.1007,0
179.0,3.05,8.13,147.0,1.0,residential,0.6112,1
7.4,0.8,6.38,452.0,2.0,primary,0.0994,0
70.0,1.52,7.83,396.0,4.0,primary,0.1268,0
86.3,0.93,8.4,1744.0,1.0,secondary,0.079,0
132.6,1.61,6.15,3010.0,1.0,tertiary,0.1751,0
284.8,3.83,7.61,246.0,3.0,tertiary,0.9534,1
114.3,1.72,4.98,1188.0,3.0,tertiary,0.3102,1
16.3,1.87,15.04,701.0,3.0,tertiary,0.0166,0
142.0,2.72,11.18,852.0,1.0,residential,0.044,0
65.8,1.16,8.82,424.0,3.0,residential,0.2881,0
132.2,3.26,11.52,1515.0,0.0,residential,0.0442,0
150.5,2.96,2.06,1264.0,4.0,trunk,0.725,1
15.0,0.0,0.33,719.0,6.0,tertiary,0.5159,0
82.7,0.0,6.8,662.0,2.0,trunk,0.0726,0
85.2,0.76,3.86,108.0,4.0,residential,0.4509,0
113.3,2.64,7.29,216.0,7.0,tertiary,0.6592,1
48.2,2.09,8.62,223.0,4.0,residential,0.2341,1
36.9,0.0,10.76,35.0,3.0,residential,0.0538,0
281.7,4.71,4.59,370.0,1.0,residential,0.8847,1
104.8,2.55,9.2,684.0,6.0,residential,0.2799,0
40.6,2.4,8.04,1255.0,3.0,primary,0.0742,0
57.0,2.24,9.04,12.0,4.0,residential,0.175,1
290.5,5.37,6.44,584.0,5.0,tertiary,0.9293,1
218.4,3.81,12.15,2096.0,1.0,tertiary,0.0676,0
51.8,1.79,7.69,293.0,1.0,residential,0.1745,0
33.7,0.93,13.32,82.0,2.0,tertiary,0.0486,1
36.2,1.89,5.63,1157.0,2.0,residential,0.1862,0
202.7,2.17,10.23,414.0,4.0,trunk,0.2804,1
62.2,1.44,7.82,814.0,5.0,secondary,0.1578,0
21.5,1.49,7.02,296.0,2.0,secondary,0.0781,0
58.5,2.63,9.9,611.0,4.0,tertiary,0.1452,0
112.4,1.77,7.1,2348.0,4.0,residential,0.4068,1
81.6,2.55,0.01,319.0,6.0,primary,0.8476,1
221.0,3.29,0.0,1096.0,4.0,residential,0.8369,1
113.4,2.95,11.82,761.0,2.0,residential,0.1409,1
125.2,1.66,11.69,1318.0,2.0,residential,0.1129,0
171.4,3.44,13.66,1270.0,2.0,secondary,0.0521,0
165.1,2.7,7.95,694.0,3.0,tertiary,0.2957,0
58.3,0.55,4.12,2090.0,2.0,secondary,0.1686,0
34.3,1.09,6.74,32.0,0.0,secondary,0.0677,0
106.7,3.14,8.03,62.0,8.0,residential,0.8094,0
95.9,1.14,4.98,77.0,7.0,primary,0.6501,1
114.1,0.98,12.95,693.0,3.0,residential,0.1006,1
121.3,2.57,14.72,105.0,5.0,tertiary,0.3325,0
267.4,2.67,9.43,585.0,1.0,residential,0.4999,1
72.1,2.92,7.97,738.0,3.0,trunk,0.0383,0
124.9,3.53,4.12,672.0,7.0,residential,0.8756,1
34.2,2.04,12.64,393.0,2.0,residential,0.0183,0
45.0,1.33,8.23,615.0,4.0,tertiary,0.1064,0
91.3,3.23,7.13,901.0,3.0,residential,0.1652,0
39.3,2.35,9.44,1593.0,3.0,residential,0.1054,0
144.0,2.1,6.24,114.0,5.0,tertiary,0.6211,1
128.8,3.5,8.44,1385.0,3.0,residential,0.379,1
52.4,0.7,3.67,633.0,8.0,primary,0.4354,1
76.4,1.56,11.26,79.0,7.0,residential,0.2102,0
204.1,1.81,7.69,425.0,5.0,secondary,0.6296,1
105.8,2.19,11.48,479.0,4.0,tertiary,0.0995,0
374.7,5.06,7.4,576.0,6.0,tertiary,0.9888,1
76.4,1.36,7.59,599.0,8.0,tertiary,0.4761,0
83.7,1.67,4.36,2063.0,8.0,tertiary,0.8184,1
91.3,1.43,10.28,552.0,3.0,trunk,0.0565,0
18.7,1.06,5.37,658.0,4.0,residential,0.2719,0
80.6,2.79,6.54,122.0,3.0,residential,0.431,1
78.4,0.89,8.0,518.0,4.0,tertiary,0.4757,1
153.5,3.33,8.36,1598.0,3.0,secondary,0.1547,0
209.8,3.49,2.88,631.0,6.0,residential,0.7884,1
71.2,1.95,7.31,317.0,7.0,residential,0.6406,1
9.7,0.89,10.39,151.0,3.0,primary,0.0202,0
102.3,1.45,6.86,278.0,7.0,secondary,0.6277,0
38.9,1.62,7.33,299.0,1.0,trunk,0.0448,0
109.2,2.53,8.49,100.0,4.0,tertiary,0.4162,0
107.1,1.45,7.62,3071.0,1.0,tertiary,0.0935,0
49.0,0.32,4.91,338.0,5.0,residential,0.4513,1
103.0,2.1,7.89,182.0,2.0,primary,0.1527,0
22.3,1.67,10.98,320.0,1.0,residential,0.0349,0
114.3,2.98,4.85,166.0,6.0,secondary,0.7659,1
163.9,3.73,6.88,1290.0,3.0,residential,0.6608,1
133.0,2.69,3.86,382.0,8.0,tertiary,0.9516,1
59.4,1.3,10.82,3.0,4.0,secondary,0.068,0
155.3,2.66,7.72,446.0,4.0,tertiary,0.5336,1
143.0,1.52,5.45,895.0,6.0,primary,0.4714,1
147.6,2.03,8.28,0.0,3.0,residential,0.4118,1
227.3,3.48,4.39,369.0,6.0,tertiary,0.7769,0
122.5,2.06,4.9,860.0,5.0,residential,0.6069,1
35.3,1.3,3.62,107.0,5.0,residential,0.5299,1
41.1,0.19,4.8,231.0,1.0,residential,0.2295,1
122.5,1.35,12.07,728.0,1.0,residential,0.109,1
79.6,2.38,5.8,2999.0,4.0,residential,0.3905,0
68.2,0.95,9.4,290.0,3.0,tertiary,0.1652,1
140.0,1.94,5.49,1798.0,4.0,tertiary,0.5896,0
29.3,1.23,10.28,1628.0,2.0,tertiary,0.0453,0
142.0,1.76,4.92,448.0,2.0,residential,0.6594,1
75.9,2.6,8.12,451.0,3.0,residential,0.1514,0
116.7,1.19,8.16,79.0,6.0,residential,0.5442,1
31.9,1.18,14.98,141.0,1.0,secondary,0.0079,0
146.0,1.95,9.89,53.0,2.0,primary,0.1636,0
184.4,3.14,6.22,3247.0,3.0,residential,0.5085,0
400.0,5.2,10.06,1079.0,3.0,tertiary,0.936,1
111.1,2.11,14.41,342.0,2.0,residential,0.1056,0
179.9,3.94,3.11,344.0,8.0,residential,0.9863,1
39.2,0.72,5.47,840.0,1.0,residential,0.1078,0
219.0,2.87,7.29,2529.0,4.0,residential,0.6351,0
24.0,0.84,6.75,662.0,6.0,tertiary,0.3346,1
279.1,5.33,7.0,284.0,7.0,primary,0.974,1
103.0,1.96,4.09,991.0,5.0,residential,0.6745,1
26.4,2.1,12.21,309.0,2.0,tertiary,0.1138,0
69.7,1.5,3.73,2463.0,3.0,secondary,0.3213,1
178.5,3.89,7.4,383.0,7.0,trunk,0.6992,1
80.8,2.1,11.14,110.0,4.0,tertiary,0.1623,0
80.0,2.2,7.91,552.0,3.0,residential,0.3219,1
167.2,1.66,5.06,869.0,2.0,tertiary,0.5457,1
86.2,0.57,3.95,557.0,4.0,residential,0.6077,1
209.7,4.17,7.31,412.0,4.0,trunk,0.7018,1
57.9,2.34,5.73,451.0,6.0,residential,0.4413,0
17.0,2.94,8.62,537.0,4.0,tertiary,0.2633,0
90.1,0.69,3.8,1016.0,7.0,residential,0.846,1
98.5,2.37,10.44,29.0,7.0,residential,0.6131,1
56.0,0.65,8.35,1029.0,2.0,primary,0.0581,0
114.3,1.58,8.57,143.0,7.0,tertiary,0.6513,1
20.2,0.64,12.32,57.0,5.0,residential,0.0718,0
116.7,2.51,6.69,64.0,3.0,primary,0.2916,0
33.7,0.67,5.82,647.0,7.0,primary,0.3745,1
26.3,1.14,6.36,2019.0,1.0,residential,0.037,0
96.4,2.62,7.42,76.0,6.0,tertiary,0.6323,1
24.3,1.99,7.73,722.0,3.0,tertiary,0.2183,0
11.3,1.49,5.51,2288.0,4.0,tertiary,0.1938,0
128.2,2.7,1.93,1386.0,3.0,residential,0.6878,1
37.3,1.13,6.32,281.0,2.0,residential,0.1391,0
137.8,2.0,9.08,1286.0,3.0,primary,0.0716,0
73.6,2.11,8.41,180.0,3.0,primary,0.1899,0
96.4,1.12,11.6,2331.0,1.0,secondary,0.0416,0
180.5,3.06,13.87,9.0,2.0,trunk,0.2592,1
123.2,1.42,10.28,531.0,4.0,secondary,0.1654,1
139.9,2.45,12.15,186.0,4.0,secondary,0.2253,1
136.3,1.59,10.3,662.0,0.0,secondary,0.0815,0
51.7,1.1,13.13,16.0,3.0,tertiary,0.0306,0
119.2,1.69,13.55,321.0,1.0,tertiary,0.075,0
41.8,0.66,10.85,959.0,3.0,residential,0.058,0
119.4,2.16,10.12,52.0,3.0,tertiary,0.3477,1
70.9,0.0,7.38,4223.0,5.0,residential,0.5765,0
82.8,0.35,7.88,628.0,3.0,residential,0.167,0
258.3,4.54,6.99,55.0,7.0,tertiary,0.9867,1
132.3,2.51,9.86,246.0,3.0,residential,0.361,0
55.1,0.88,5.84,1215.0,3.0,residential,0.0915,1
20.1,1.82,7.43,75.0,6.0,secondary,0.4141,0
98.7,1.47,0.93,1039.0,6.0,primary,0.4214,1
23.0,0.61,13.17,814.0,3.0,residential,0.0422,0
280.4,3.54,7.34,129.0,1.0,residential,0.8082,1
84.6,3.34,9.37,1558.0,2.0,residential,0.0749,0
168.2,3.01,12.37,1543.0,1.0,secondary,0.0649,0
28.0,1.29,8.9,236.0,2.0,secondary,0.032,0
129.8,2.73,12.33,736.0,1.0,residential,0.0768,1
192.8,1.63,4.27,801.0,9.0,secondary,0.8837,1
137.5,1.97,15.19,391.0,0.0,residential,0.0199,0
159.5,3.08,11.26,82.0,2.0,residential,0.384,0
121.5,2.25,8.63,667.0,7.0,trunk,0.5472,1
65.8,3.35,12.28,524.0,2.0,residential,0.1024,0
43.3,0.89,4.49,530.0,7.0,residential,0.536,0
49.6,2.15,7.13,226.0,4.0,residential,0.3279,0
284.8,4.86,12.33,2.0,7.0,tertiary,0.967,1
106.5,2.19,2.4,1283.0,3.0,primary,0.2542,0
205.3,3.52,9.68,1453.0,0.0,trunk,0.0534,0
57.8,1.26,9.6,996.0,6.0,residential,0.2733,0
153.0,1.06,13.91,554.0,0.0,residential,0.0319,0
40.7,1.57,3.25,550.0,5.0,secondary,0.4211,0
75.2,2.04,12.83,388.0,5.0,residential,0.1046,0
63.4,2.03,6.32,98.0,3.0,primary,0.3194,0
263.5,4.01,6.66,2271.0,4.0,tertiary,0.8085,1
47.0,2.14,4.33,198.0,5.0,residential,0.7686,1
141.3,1.8,4.74,47.0,5.0,secondary,0.8635,0
123.8,3.46,9.21,211.0,6.0,residential,0.6156,0
30.6,0.38,4.66,323.0,4.0,residential,0.2107,0
206.8,3.19,10.22,385.0,2.0,tertiary,0.4538,0
223.2,4.02,6.01,461.0,4.0,tertiary,0.7708,1
106.8,1.67,4.36,1223.0,7.0,tertiary,0.7386,1
94.1,2.53,6.42,2718.0,2.0,tertiary,0.149,1
16.7,0.73,9.01,871.0,3.0,trunk,0.0486,1
26.4,1.21,7.17,2566.0,1.0,trunk,0.0411,0
73.6,1.54,8.1,194.0,2.0,tertiary,0.1392,0
41.8,0.84,10.09,886.0,3.0,residential,0.0321,0
168.4,4.62,11.25,165.0,3.0,secondary,0.6436,1
25.4,0.43,7.07,903.0,6.0,trunk,0.1063,0
23.1,0.0,4.87,107.0,9.0,residential,0.6454,1
132.5,1.75,8.23,165.0,3.0,tertiary,0.3556,0
117.7,2.32,9.41,151.0,7.0,residential,0.7396,1
101.3,1.71,3.62,460.0,3.0,residential,0.4563,0
153.4,3.46,5.33,1047.0,4.0,tertiary,0.4461,0
53.9,2.23,5.84,11.0,6.0,residential,0.7236,1
65.7,1.33,7.38,1674.0,6.0,secondary,0.3738,0
115.1,0.84,5.72,104.0,3.0,secondary,0.3348,0
106.4,1.05,10.12,811.0,3.0,secondary,0.104,0
45.0,1.31,3.18,300.0,4.0,residential,0.3423,0
187.5,1.8,3.26,57.0,6.0,residential,0.9558,1
31.4,0.88,7.0,244.0,4.0,secondary,0.2008,0
70.1,2.78,7.47,110.0,2.0,secondary,0.2398,0
33.6,1.48,3.64,232.0,9.0,tertiary,0.7042,1
366.0,5.23,6.18,5.0,5.0,primary,0.9944,1
96.0,1.12,6.8,1137.0,2.0,residential,0.214,0
39.5,1.42,6.82,1153.0,4.0,primary,0.1117,0
63.8,1.36,8.46,1669.0,4.0,residential,0.1127,0
113.9,2.36,6.02,1148.0,3.0,residential,0.3942,0
167.6,3.39,12.43,3312.0,2.0,tertiary,0.1078,0
43.1,2.04,9.46,43.0,5.0,residential,0.3861,0
230.9,3.67,5.58,40.0,4.0,residential,0.9515,1
93.2,2.33,8.28,95.0,3.0,residential,0.5493,1
133.4,1.99,8.37,356.0,5.0,residential,0.5484,1
59.9,2.42,11.64,832.0,1.0,secondary,0.0525,1
120.1,1.53,6.2,60.0,3.0,residential,0.5498,1
56.3,1.31,10.3,593.0,2.0,tertiary,0.0336,0
66.6,2.59,8.13,1359.0,3.0,secondary,0.1585,0
172.0,2.48,12.47,1970.0,0.0,residential,0.0567,0
128.2,1.27,11.87,243.0,5.0,residential,0.2546,1
72.1,1.34,8.59,1412.0,1.0,primary,0.0648,0
165.5,3.9,7.21,473.0,2.0,secondary,0.2874,0
111.2,0.32,9.52,88.0,6.0,tertiary,0.1861,0
13.6,1.05,7.46,98.0,7.0,secondary,0.2916,0
83.1,1.29,13.04,282.0,5.0,residential,0.1739,0
169.4,2.7,8.24,343.0,3.0,residential,0.6468,1
279.1,3.87,6.78,151.0,6.0,secondary,0.9677,1
36.1,2.0,6.62,573.0,2.0,residential,0.0523,0
161.8,2.78,4.36,673.0,7.0,secondary,0.771,1
92.7,2.72,9.67,1236.0,3.0,tertiary,0.0719,1
30.6,2.19,5.54,146.0,6.0,secondary,0.2768,1
33.1,1.22,11.29,1016.0,3.0,tertiary,0.0402,0
37.4,0.96,4.12,513.0,2.0,residential,0.2618,0
22.0,1.37,8.38,798.0,7.0,residential,0.4148,0
28.0,1.59,11.45,630.0,3.0,residential,0.0704,0
95.5,1.02,1.54,740.0,4.0,secondary,0.5024,1
13.3,1.15,14.05,705.0,0.0,residential,0.0139,0
43.7,1.12,6.72,2296.0,6.0,residential,0.3195,0
67.2,1.27,8.42,365.0,6.0,residential,0.3936,1
43.9,0.77,9.71,111.0,2.0,residential,0.0577,0
24.9,0.6,10.18,95.0,7.0,secondary,0.1616,0
90.5,2.89,8.82,535.0,4.0,residential,0.2719,0
43.1,1.03,10.99,243.0,4.0,trunk,0.0247,0
46.2,2.27,9.56,290.0,1.0,residential,0.1122,0
80.1,1.87,13.28,25.0,4.0,tertiary,0.1546,0
140.6,1.58,9.57,472.0,4.0,residential,0.4581,0
52.7,1.58,13.89,1239.0,0.0,residential,0.0088,0
55.0,0.51,10.7,346.0,4.0,primary,0.0815,1
29.4,1.64,2.58,269.0,1.0,trunk,0.0629,0
168.0,2.65,15.83,233.0,0.0,primary,0.0449,0
91.7,2.58,6.28,351.0,4.0,residential,0.5924,1
160.7,3.88,12.49,2458.0,1.0,residential,0.0499,0
179.0,1.56,8.08,296.0,1.0,tertiary,0.4281,1
52.1,1.06,11.18,5.0,4.0,residential,0.2657,1
152.4,1.66,5.93,1066.0,2.0,secondary,0.2434,0
98.7,3.71,9.88,9.0,2.0,tertiary,0.5851,0
56.1,1.12,7.24,852.0,3.0,tertiary,0.0675,0
48.9,0.33,12.74,815.0,2.0,secondary,0.0193,0
89.8,3.67,9.32,1567.0,4.0,secondary,0.0443,0
106.5,1.5,10.81,104.0,6.0,residential,0.5521,0
9.6,0.0,1.51,382.0,5.0,residential,0.2939,0
63.0,0.63,7.74,2342.0,2.0,tertiary,0.0372,0
103.1,2.15,9.23,343.0,1.0,tertiary,0.1427,0
121.6,2.3,8.67,133.0,5.0,residential,0.7165,0
79.6,1.09,10.88,1823.0,0.0,residential,0.0279,0
119.0,1.84,6.9,316.0,6.0,secondary,0.6005,1
49.0,1.43,8.15,32.0,8.0,secondary,0.7253,1
116.8,3.26,11.54,540.0,3.0,tertiary,0.109,0
105.5,2.33,1.16,796.0,9.0,residential,0.9085,0
177.0,2.47,9.77,212.0,2.0,residential,0.5536,0
238.9,3.48,7.0,427.0,1.0,tertiary,0.6446,0
180.0,3.58,5.26,735.0,2.0,residential,0.752,1
72.1,3.01,9.01,765.0,4.0,tertiary,0.1114,0
31.1,0.29,11.68,621.0,5.0,tertiary,0.0309,0
43.6,2.21,11.12,47.0,6.0,residential,0.2035,0
234.6,3.37,7.59,140.0,1.0,residential,0.8052,1
93.3,0.62,10.63,1288.0,1.0,residential,0.1033,0
108.6,0.65,10.6,716.0,0.0,primary,0.0462,0
160.6,3.79,7.74,619.0,1.0,tertiary,0.3601,0
89.1,3.03,5.92,1636.0,4.0,residential,0.5197,1
198.9,2.73,6.09,431.0,6.0,primary,0.7296,1
27.6,0.96,10.51,485.0,2.0,tertiary,0.0149,0
125.7,0.88,7.87,170.0,5.0,tertiary,0.2743,0
284.2,4.82,4.86,444.0,5.0,primary,0.8819,1
209.8,3.29,2.95,456.0,2.0,residential,0.6551,1
218.2,2.18,10.5,65.0,5.0,residential,0.626,1
24.9,1.26,6.36,596.0,4.0,tertiary,0.1254,0
104.2,0.94,8.99,155.0,1.0,residential,0.173,0
80.9,2.22,11.72,1316.0,0.0,tertiary,0.0286,0
43.4,0.45,4.07,312.0,2.0,residential,0.3754,1
105.5,2.34,7.86,505.0,3.0,residential,0.1974,0
31.4,0.65,7.49,638.0,1.0,residential,0.0788,0
118.8,0.33,9.14,73.0,6.0,residential,0.6122,1
40.6,2.08,11.72,992.0,1.0,residential,0.0221,0
114.5,3.01,4.01,1342.0,1.0,residential,0.2712,0
45.2,0.93,9.71,267.0,9.0,primary,0.4887,1
68.9,1.85,11.09,560.0,4.0,residential,0.1198,0
63.8,1.92,7.44,453.0,2.0,residential,0.299,0
79.6,2.13,7.59,322.0,7.0,residential,0.4461,1
86.0,3.21,9.26,500.0,10.0,residential,0.8886,1
64.0,1.9,9.03,927.0,4.0,residential,0.2895,0
36.8,0.96,9.75,293.0,6.0,tertiary,0.1323,1
185.2,3.36,9.68,272.0,6.0,residential,0.7725,1
88.8,1.52,5.05,1533.0,4.0,primary,0.1571,0
107.2,1.23,10.97,70.0,2.0,primary,0.0623,0
64.1,2.54,11.5,530.0,4.0,residential,0.0689,0
373.3,5.71,8.56,715.0,1.0,residential,0.7213,0
94.6,0.45,3.52,1340.0,3.0,residential,0.2883,0
191.7,2.55,7.66,1498.0,1.0,tertiary,0.3835,0
69.8,2.24,8.58,172.0,2.0,residential,0.0941,0
129.4,1.1,4.57,1512.0,3.0,primary,0.4692,0
77.1,1.12,6.92,1227.0,5.0,secondary,0.3673,0
171.0,4.98,3.77,88.0,3.0,secondary,0.9575,1
58.7,1.24,9.82,873.0,0.0,tertiary,0.037,0
33.0,2.06,8.5,291.0,4.0,trunk,0.2026,0
107.0,3.28,3.06,623.0,6.0,residential,0.6944,0
179.0,2.22,9.05,534.0,1.0,residential,0.4348,0
78.9,1.96,7.83,1371.0,2.0,residential,0.4206,0
57.4,3.14,9.55,257.0,3.0,primary,0.1141,0
27.6,1.5,6.83,443.0,6.0,tertiary,0.3179,0
180.7,4.86,5.6,250.0,6.0,secondary,0.884,1
42.1,0.8,5.69,2580.0,4.0,residential,0.2533,1
63.4,3.0,6.39,16.0,5.0,trunk,0.526,1
62.2,1.56,8.06,878.0,6.0,tertiary,0.1191,0
83.9,1.54,8.44,5000.0,5.0,tertiary,0.2998,0
128.6,2.86,7.43,617.0,3.0,trunk,0.3205,1
303.6,4.35,6.73,913.0,3.0,residential,0.795,1
110.4,2.06,6.95,1858.0,2.0,residential,0.1829,0
27.7,1.52,15.52,235.0,0.0,tertiary,0.0121,0
80.7,0.32,5.69,74.0,8.0,residential,0.6068,0
111.6,1.5,6.33,173.0,8.0,residential,0.8714,0
201.0,3.79,17.88,572.0,2.0,residential,0.1042,0
185.5,3.82,9.26,525.0,5.0,residential,0.8768,1
78.3,2.02,3.86,986.0,4.0,primary,0.3026,0
92.7,2.13,10.53,263.0,3.0,tertiary,0.1368,1
102.8,2.36,5.27,1264.0,5.0,residential,0.5727,0
93.0,2.68,10.73,123.0,4.0,residential,0.3649,1
80.6,0.63,7.37,207.0,4.0,residential,0.4921,0
243.3,3.31,6.68,393.0,3.0,tertiary,0.8927,1
49.5,1.33,12.83,768.0,4.0,primary,0.0237,0
163.8,2.92,9.7,136.0,7.0,primary,0.6942,1
143.5,0.83,10.92,1761.0,4.0,residential,0.1763,0
78.2,0.73,9.3,885.0,3.0,residential,0.0907,0
46.8,1.35,6.67,549.0,6.0,tertiary,0.1008,0
88.5,2.67,9.83,480.0,1.0,tertiary,0.1917,0
132.5,2.05,11.63,194.0,3.0,tertiary,0.1631,1
3.3,0.31,8.4,133.0,2.0,tertiary,0.0371,0
31.2,1.6,13.4,738.0,5.0,tertiary,0.1913,0
6.9,0.62,10.55,195.0,2.0,residential,0.0281,0
108.1,2.8,8.64,229.0,5.0,residential,0.5427,0
104.5,1.88,8.75,1968.0,2.0,residential,0.157,0
34.5,0.32,8.41,274.0,3.0,residential,0.1227,1
43.7,2.46,4.25,101.0,3.0,residential,0.4281,0
100.3,2.99,7.73,112.0,2.0,secondary,0.4618,0
19.7,0.27,8.66,389.0,7.0,residential,0.2827,1
138.2,2.78,6.75,471.0,3.0,residential,0.518,1
71.5,1.4,9.01,156.0,2.0,tertiary,0.0937,0
84.1,2.3,8.06,1370.0,1.0,secondary,0.0666,0
89.6,1.17,10.32,704.0,2.0,residential,0.1468,0
28.2,1.84,9.99,377.0,5.0,secondary,0.1909,0
90.0,2.84,8.5,609.0,2.0,primary,0.0833,0
126.8,1.56,3.9,153.0,10.0,tertiary,0.9237,1
47.6,1.43,13.37,1068.0,2.0,tertiary,0.0342,0
43.1,2.29,7.57,340.0,4.0,residential,0.3126,0
291.2,3.49,7.76,531.0,2.0,primary,0.7424,1
39.3,0.74,6.97,928.0,1.0,residential,0.0501,0
60.7,2.06,6.53,165.0,5.0,primary,0.3424,0
214.9,3.25,12.63,16.0,5.0,tertiary,0.8235,1
18.2,0.0,12.16,254.0,2.0,residential,0.0167,0
76.6,1.46,9.33,1514.0,2.0,residential,0.2089,0
124.9,3.7,7.68,180.0,6.0,tertiary,0.8921,1
80.3,3.41,9.86,664.0,4.0,tertiary,0.1817,0
15.4,0.47,8.22,935.0,4.0,residential,0.1063,0
31.1,0.44,7.43,191.0,4.0,secondary,0.1471,0
12.8,0.59,9.01,988.0,2.0,primary,0.0274,0
72.7,3.11,6.68,1960.0,4.0,tertiary,0.3645,1
111.8,2.82,8.76,57.0,3.0,tertiary,0.3415,0
47.2,2.54,8.61,338.0,4.0,residential,0.1807,0
64.3,2.37,9.81,45.0,5.0,secondary,0.3535,0
64.1,0.51,6.14,1334.0,3.0,residential,0.2592,0
191.6,2.34,10.13,934.0,2.0,primary,0.1607,1
99.2,1.43,5.28,172.0,4.0,residential,0.6629,0
89.7,1.46,6.28,648.0,2.0,tertiary,0.3338,0
171.0,2.31,6.41,349.0,1.0,residential,0.551,0
23.3,0.63,4.78,215.0,2.0,residential,0.1968,0
98.2,2.49,11.05,797.0,2.0,secondary,0.0622,0
54.1,1.56,5.09,199.0,7.0,tertiary,0.6546,0
209.6,4.29,5.9,350.0,5.0,tertiary,0.8143,1
172.0,3.07,11.77,186.0,3.0,trunk,0.1469,0
54.1,0.91,6.29,748.0,3.0,trunk,0.1636,0
67.5,1.76,7.44,216.0,5.0,primary,0.4766,0
37.2,0.04,4.96,312.0,6.0,residential,0.2755,1
153.5,0.79,10.5,512.0,4.0,tertiary,0.3203,0
130.9,2.89,10.54,248.0,4.0,primary,0.1468,0
70.5,2.46,10.22,360.0,6.0,residential,0.5681,0
69.9,1.7,9.61,2997.0,4.0,residential,0.1455,0
57.8,1.18,8.22,438.0,2.0,secondary,0.2439,0
200.9,2.14,6.43,315.0,6.0,tertiary,0.804,1
75.5,2.64,5.56,644.0,4.0,tertiary,0.3235,1
59.7,1.91,11.87,1099.0,3.0,trunk,0.0328,0
143.1,2.75,10.29,744.0,3.0,tertiary,0.3074,0
6.2,0.87,5.92,1542.0,0.0,residential,0.0705,0
66.6,1.22,8.12,977.0,3.0,residential,0.2317,0
157.1,1.79,7.1,232.0,6.0,residential,0.7537,1
232.1,3.79,4.62,302.0,4.0,residential,0.9553,1
49.0,0.96,8.53,86.0,5.0,secondary,0.4403,1
120.3,1.9,6.75,1083.0,2.0,secondary,0.2643,0
48.7,2.76,5.14,45.0,7.0,residential,0.7552,1
307.8,4.45,3.56,1205.0,2.0,residential,0.9118,1
93.9,0.0,3.31,329.0,2.0,primary,0.0928,0
130.2,1.93,6.89,786.0,4.0,residential,0.5531,1
8.2,0.1,7.74,129.0,2.0,tertiary,0.0234,0
57.3,1.38,5.37,177.0,5.0,tertiary,0.546,1
143.6,1.38,9.95,2005.0,2.0,tertiary,0.1335,1
23.1,1.42,7.8,953.0,7.0,residential,0.4489,1
93.7,1.69,9.73,142.0,2.0,tertiary,0.1565,0
239.2,3.29,7.45,140.0,4.0,residential,0.947,1
149.3,2.71,5.64,1109.0,3.0,tertiary,0.52,1
123.4,2.22,8.34,284.0,1.0,residential,0.3515,0
60.1,1.41,4.21,3126.0,3.0,tertiary,0.2189,0
29.6,0.98,9.62,412.0,1.0,tertiary,0.0298,0
79.9,1.74,5.19,2498.0,5.0,residential,0.2934,0
134.0,2.68,10.75,269.0,3.0,residential,0.2081,0
37.2,1.42,6.98,1380.0,3.0,residential,0.1478,0
148.3,3.48,11.19,147.0,3.0,residential,0.4729,1
97.6,1.53,4.63,935.0,7.0,residential,0.7675,0
43.2,1.51,5.97,2004.0,4.0,primary,0.0995,0
17.5,2.97,9.14,491.0,1.0,residential,0.0673,0
22.6,1.04,11.51,228.0,4.0,secondary,0.1024,0
77.5,1.73,13.0,485.0,2.0,trunk,0.0281,0
182.9,1.98,8.12,213.0,4.0,residential,0.6675,0
43.8,0.75,13.51,1142.0,2.0,tertiary,0.0226,0
199.7,3.11,7.13,56.0,3.0,primary,0.8198,1
15.3,1.41,11.3,127.0,3.0,tertiary,0.0628,0
87.9,2.37,5.17,123.0,2.0,residential,0.4069,1
81.3,2.04,9.26,482.0,1.0,residential,0.0819,0
112.5,2.79,0.97,91.0,5.0,residential,0.906,1
96.4,1.16,4.64,89.0,4.0,tertiary,0.4617,1
59.5,1.9,9.4,999.0,4.0,trunk,0.0998,0
59.9,1.53,4.06,82.0,9.0,trunk,0.8717,1
160.3,2.82,9.28,784.0,0.0,residential,0.1327,0
91.5,1.61,10.72,172.0,5.0,secondary,0.1603,1
7.6,0.13,6.5,22.0,10.0,residential,0.4502,0
64.4,0.6,5.09,234.0,5.0,primary,0.505,1
69.1,1.89,6.58,736.0,1.0,residential,0.2068,1
68.8,2.02,5.1,288.0,6.0,primary,0.4095,0
144.4,2.43,7.7,80.0,7.0,secondary,0.8127,1
52.5,1.42,8.31,510.0,2.0,residential,0.2035,0
102.5,1.45,7.08,958.0,0.0,residential,0.1135,1
242.0,4.11,13.02,443.0,2.0,secondary,0.428,0
183.8,3.05,5.84,3081.0,7.0,residential,0.8207,1
48.6,1.09,12.17,680.0,3.0,tertiary,0.039,0
93.5,2.61,4.88,524.0,5.0,primary,0.1873,0
3.3,1.36,8.22,273.0,1.0,tertiary,0.0378,0
128.7,1.12,11.55,415.0,4.0,residential,0.1761,0
27.5,1.17,11.39,360.0,3.0,residential,0.0762,0
83.9,1.04,6.74,1322.0,6.0,residential,0.497,0
75.5,1.82,9.67,174.0,1.0,trunk,0.0544,0
177.4,0.41,9.26,1661.0,1.0,residential,0.2783,0
103.1,2.19,6.38,600.0,3.0,residential,0.1526,0
75.0,2.27,9.85,925.0,2.0,residential,0.0919,0
135.0,2.33,13.59,1249.0,2.0,trunk,0.017,0
197.3,2.24,9.42,926.0,4.0,residential,0.3499,0
5.1,2.43,9.7,403.0,2.0,primary,0.029,0
51.0,2.34,10.02,5.0,2.0,secondary,0.1292,1
246.7,3.34,3.62,3094.0,6.0,secondary,0.9177,1
328.0,4.53,9.38,158.0,1.0,trunk,0.8136,1
43.0,0.0,4.95,106.0,3.0,secondary,0.1106,1
158.4,3.08,6.23,839.0,4.0,primary,0.4159,1
42.9,0.22,14.49,783.0,3.0,residential,0.0515,0
32.8,1.73,7.24,125.0,3.0,secondary,0.3058,0
77.4,2.55,5.78,2405.0,5.0,tertiary,0.3299,0
171.4,2.8,11.46,1014.0,2.0,tertiary,0.16,0
69.9,0.79,5.16,1317.0,3.0,primary,0.1074,0
169.9,3.84,6.66,125.0,5.0,trunk,0.8557,1
180.9,2.97,11.75,82.0,5.0,secondary,0.8219,1
57.7,1.57,8.13,786.0,3.0,tertiary,0.1018,0
56.3,0.73,3.32,148.0,1.0,tertiary,0.3283,1
71.4,1.81,9.63,247.0,3.0,residential,0.245,0
86.3,1.67,6.81,1689.0,6.0,residential,0.4455,1
78.5,0.68,12.62,20.0,3.0,residential,0.06,0
92.6,2.98,6.18,1344.0,3.0,residential,0.5905,1
61.3,2.94,11.15,304.0,1.0,residential,0.1152,0
30.0,1.97,13.33,490.0,1.0,secondary,0.0233,0
285.5,4.92,5.45,1285.0,2.0,residential,0.78,1
51.0,2.82,7.42,1090.0,6.0,primary,0.2249,0
16.9,0.16,9.17,2891.0,5.0,tertiary,0.0603,1
142.6,1.66,5.43,3052.0,7.0,residential,0.8301,1
35.5,0.89,8.81,415.0,1.0,residential,0.0475,0
132.7,2.63,7.33,219.0,1.0,residential,0.2556,0
49.0,1.15,7.26,205.0,2.0,trunk,0.0459,0
322.2,3.85,8.15,951.0,2.0,residential,0.9206,1
218.6,3.43,8.21,370.0,5.0,tertiary,0.7808,1
74.0,1.61,8.49,433.0,3.0,primary,0.1269,0
123.6,2.96,6.2,881.0,3.0,trunk,0.1375,0
106.2,2.11,6.33,973.0,1.0,residential,0.1843,0
47.5,0.0,7.64,463.0,3.0,residential,0.0707,1
139.0,2.78,7.87,1001.0,2.0,residential,0.3087,0
92.0,3.17,6.68,581.0,3.0,residential,0.2636,0
101.9,2.05,8.97,219.0,3.0,residential,0.3906,0
131.0,3.16,2.56,287.0,4.0,tertiary,0.6498,1
80.2,1.36,5.81,1059.0,3.0,primary,0.1228,0
42.4,1.76,7.16,81.0,6.0,tertiary,0.6061,1
123.6,1.69,5.43,1194.0,4.0,tertiary,0.6404,0
147.7,2.38,12.89,280.0,3.0,residential,0.2225,0
148.2,2.39,8.06,78.0,5.0,secondary,0.6091,1
150.4,2.99,8.53,2456.0,3.0,tertiary,0.2676,0
112.6,1.49,6.55,784.0,4.0,primary,0.5027,1
18.0,0.0,7.95,4.0,3.0,primary,0.0408,0
331.9,5.16,4.35,103.0,7.0,residential,0.9977,1
146.9,2.91,7.49,606.0,2.0,residential,0.2574,0
64.2,1.66,5.19,35.0,4.0,residential,0.4465,0
162.4,3.49,7.17,266.0,1.0,residential,0.5636,0
31.9,1.02,0.32,440.0,3.0,primary,0.4335,0
133.3,2.62,4.62,1366.0,9.0,residential,0.9038,0
69.6,1.36,12.39,287.0,2.0,secondary,0.0614,0
33.6,1.0,10.49,629.0,1.0,tertiary,0.0177,0
33.1,1.47,11.96,871.0,5.0,residential,0.0547,0
118.8,4.04,12.16,127.0,3.0,residential,0.4891,0
129.2,2.94,10.02,640.0,5.0,tertiary,0.3117,0
40.0,1.72,6.64,516.0,6.0,tertiary,0.2439,1
70.4,2.26,4.89,558.0,6.0,residential,0.6529,1
110.5,0.25,11.44,127.0,2.0,residential,0.0923,0
56.8,1.74,8.19,558.0,4.0,secondary,0.1481,0
295.8,5.08,15.48,107.0,2.0,residential,0.8614,0
119.9,2.31,6.9,483.0,2.0,primary,0.3853,0
80.4,1.73,13.92,2638.0,2.0,residential,0.0507,0
179.5,2.2,7.53,187.0,7.0,residential,0.8975,1
127.2,1.98,12.01,1257.0,4.0,tertiary,0.2502,0
111.2,1.47,13.09,220.0,1.0,tertiary,0.0579,0
121.5,3.06,4.93,767.0,2.0,tertiary,0.3523,1
149.5,3.8,6.55,489.0,2.0,residential,0.4383,0
52.4,2.98,4.9,1758.0,10.0,trunk,0.5154,1
13.4,0.28,4.31,260.0,2.0,tertiary,0.1882,0
189.8,2.54,10.0,2364.0,2.0,tertiary,0.113,0
92.2,1.31,7.41,242.0,5.0,residential,0.3895,0
60.9,0.72,8.16,1197.0,4.0,residential,0.1612,0
42.3,0.51,9.67,697.0,1.0,tertiary,0.0181,0
37.5,0.84,2.43,261.0,5.0,residential,0.5177,0
99.7,2.7,11.86,1093.0,3.0,tertiary,0.0907,0
85.7,1.25,6.95,5000.0,2.0,residential,0.2506,0
181.1,3.82,9.6,632.0,5.0,trunk,0.3463,1
131.4,3.47,9.86,1282.0,1.0,tertiary,0.1051,0
147.7,2.8,12.11,179.0,2.0,primary,0.0741,0
174.8,3.88,7.69,677.0,2.0,tertiary,0.2727,0
103.7,0.96,1.63,1500.0,1.0,residential,0.2077,0
238.3,3.21,8.17,3308.0,3.0,secondary,0.5886,1
50.1,1.55,8.6,186.0,2.0,tertiary,0.0976,0
172.3,3.05,4.9,984.0,5.0,secondary,0.7187,0
13.2,2.1,8.44,208.0,4.0,residential,0.2444,0
14.0,0.17,6.92,15.0,5.0,tertiary,0.2464,0
31.1,0.74,3.97,330.0,3.0,primary,0.3417,0
80.7,1.7,10.01,1807.0,3.0,tertiary,0.0927,0
11.5,0.52,6.31,225.0,3.0,residential,0.1033,0
78.6,0.91,6.78,182.0,4.0,tertiary,0.3882,0
63.8,1.18,6.61,629.0,4.0,tertiary,0.5199,1
312.9,4.36,11.71,533.0,0.0,trunk,0.2467,0
23.8,2.24,7.88,278.0,6.0,residential,0.2947,0
96.5,1.14,8.24,11.0,4.0,residential,0.1462,0
129.3,3.0,6.68,315.0,5.0,secondary,0.3726,0
227.6,4.55,9.39,544.0,2.0,tertiary,0.6979,0
145.4,2.13,12.05,393.0,3.0,secondary,0.1457,0
191.4,3.3,9.94,87.0,2.0,tertiary,0.418,0
106.7,2.54,10.06,90.0,3.0,residential,0.3507,0
45.8,1.68,9.82,60.0,1.0,secondary,0.1922,0
21.3,1.12,3.86,111.0,6.0,residential,0.5712,1
154.7,2.11,5.37,306.0,6.0,residential,0.9309,1
61.3,2.07,7.39,93.0,7.0,tertiary,0.5037,1
9.5,0.61,5.82,1235.0,7.0,secondary,0.4668,1
66.4,1.62,4.81,187.0,7.0,primary,0.5191,1
85.3,1.96,2.38,98.0,3.0,residential,0.5941,0
210.9,4.01,3.96,1198.0,2.0,residential,0.5918,0
71.0,3.19,7.23,253.0,1.0,trunk,0.0991,0
85.8,1.24,7.79,307.0,6.0,residential,0.608,0
86.9,1.88,5.62,115.0,6.0,residential,0.6725,1
169.5,1.65,8.24,421.0,3.0,residential,0.5868,0
46.9,2.55,6.7,766.0,3.0,tertiary,0.1282,0
117.1,2.24,11.27,203.0,2.0,primary,0.0969,0
56.8,1.24,7.52,88.0,3.0,secondary,0.1371,0
207.6,3.33,10.09,131.0,3.0,secondary,0.7917,1
240.4,3.77,8.61,3036.0,2.0,residential,0.5238,0
96.9,1.38,3.79,250.0,3.0,residential,0.5659,1
111.2,3.08,7.73,1832.0,3.0,tertiary,0.1909,1
72.4,2.18,4.29,183.0,5.0,residential,0.6195,0
13.9,1.59,7.68,3324.0,2.0,residential,0.0409,0
87.5,1.31,5.76,388.0,4.0,residential,0.5986,1
81.4,1.19,9.15,685.0,0.0,residential,0.0279,0
65.0,1.49,3.97,67.0,7.0,tertiary,0.7258,1
71.3,2.3,8.04,439.0,3.0,secondary,0.2423,1
118.3,2.62,9.72,487.0,6.0,residential,0.3093,1
111.4,1.51,10.72,3090.0,3.0,tertiary,0.1188,0
72.8,2.21,5.71,1596.0,4.0,secondary,0.1767,0
220.3,2.67,8.05,586.0,3.0,secondary,0.5369,0
11.5,0.41,8.55,1553.0,2.0,secondary,0.0331,0
49.0,1.51,12.64,35.0,3.0,residential,0.0301,0
154.5,1.72,3.56,2841.0,4.0,secondary,0.6654,1
16.6,0.23,5.27,711.0,3.0,residential,0.1061,0
11.2,2.18,16.41,1629.0,1.0,residential,0.0043,0
48.4,2.47,7.18,594.0,2.0,residential,0.1579,0
82.2,3.62,2.33,2265.0,6.0,tertiary,0.7139,1
58.6,1.86,6.25,1199.0,1.0,residential,0.1426,0
99.6,2.51,0.0,2145.0,5.0,residential,0.8532,1
12.4,0.83,8.72,1090.0,3.0,secondary,0.0153,0
44.2,1.05,10.43,738.0,2.0,residential,0.0689,0
137.8,3.15,5.27,1082.0,6.0,residential,0.7393,0
117.6,3.3,6.59,1170.0,5.0,residential,0.4531,0
51.9,2.05,10.77,1115.0,3.0,residential,0.0857,0
94.5,1.26,2.75,2012.0,7.0,residential,0.8543,1
80.9,2.08,4.04,1609.0,1.0,residential,0.157,0
82.7,1.18,7.32,2036.0,2.0,residential,0.2642,0
105.6,1.81,5.74,304.0,9.0,secondary,0.8905,1
250.1,5.11,7.12,2712.0,1.0,primary,0.3703,0
253.8,2.89,4.21,527.0,4.0,tertiary,0.8228,1
17.0,2.74,8.64,189.0,9.0,tertiary,0.818,1
69.6,2.07,7.55,169.0,3.0,primary,0.2065,0
29.6,0.78,9.65,492.0,5.0,trunk,0.071,0
112.3,2.2,8.6,169.0,2.0,tertiary,0.2725,1
72.7,1.12,8.62,375.0,2.0,primary,0.09,0
174.2,2.45,3.66,1856.0,0.0,primary,0.3479,0
85.5,1.88,9.48,152.0,5.0,secondary,0.3013,1
226.8,3.26,7.01,771.0,5.0,tertiary,0.6642,0
260.6,3.18,7.5,628.0,3.0,residential,0.8478,1
221.2,3.28,11.14,64.0,1.0,residential,0.4492,1
7.8,0.0,5.84,348.0,7.0,tertiary,0.2281,0
104.8,1.04,12.05,958.0,3.0,tertiary,0.0791,0
64.6,0.55,12.33,1315.0,3.0,residential,0.0446,0
72.8,3.01,10.26,625.0,0.0,tertiary,0.0559,0
154.6,2.98,5.06,683.0,4.0,tertiary,0.7095,0
68.3,2.1,1.44,1794.0,5.0,secondary,0.5015,0
89.6,1.88,11.24,1531.0,4.0,residential,0.1389,0
93.5,2.33,8.33,180.0,2.0,residential,0.2293,0
11.5,1.88,5.76,319.0,5.0,secondary,0.3488,0
60.2,1.85,11.52,844.0,3.0,secondary,0.0645,0
182.7,4.3,5.42,585.0,2.0,trunk,0.5329,0
9.3,0.88,6.73,845.0,7.0,primary,0.1866,0
127.9,2.81,9.57,573.0,4.0,primary,0.2427,0
40.2,1.85,4.66,831.0,3.0,residential,0.3133,0
63.4,0.82,7.67,597.0,3.0,residential,0.232,0
146.1,2.59,11.27,270.0,1.0,residential,0.24,0
31.9,0.0,8.63,2076.0,3.0,tertiary,0.07,0
68.0,1.51,11.74,77.0,3.0,primary,0.038,0
17.1,0.78,11.4,406.0,3.0,residential,0.0599,0
115.6,1.92,8.02,701.0,3.0,tertiary,0.2925,0
44.6,1.01,0.99,1678.0,3.0,residential,0.3116,0
22.3,1.48,4.68,567.0,1.0,residential,0.1873,0
85.5,1.12,10.29,15.0,3.0,residential,0.1945,0
16.2,2.48,3.35,1572.0,5.0,residential,0.3779,0
61.9,2.0,7.02,1146.0,1.0,primary,0.0604,0
41.1,0.65,9.02,552.0,5.0,residential,0.2638,0
100.2,2.52,12.41,603.0,5.0,secondary,0.2777,1
101.9,2.82,6.27,349.0,5.0,tertiary,0.5862,1
47.8,1.67,6.07,2082.0,3.0,residential,0.1687,0
223.1,2.67,7.84,114.0,2.0,residential,0.7841,1
176.5,4.71,9.05,908.0,5.0,secondary,0.3441,0
35.9,1.74,7.54,618.0,5.0,residential,0.3556,1
356.7,4.08,11.15,771.0,3.0,primary,0.5116,1
141.3,2.66,5.6,863.0,3.0,residential,0.3358,1
108.5,1.93,8.36,1526.0,8.0,tertiary,0.7386,0
113.9,2.17,9.34,54.0,2.0,secondary,0.0966,0
27.4,0.17,6.8,1514.0,2.0,residential,0.1662,1
196.5,3.2,10.52,387.0,6.0,residential,0.8606,0
11.6,0.27,8.45,1479.0,1.0,trunk,0.019,0
113.4,1.88,10.37,377.0,2.0,residential,0.2073,1
178.1,3.25,8.58,963.0,4.0,residential,0.324,1
38.7,0.88,9.13,199.0,4.0,residential,0.1258,0
148.4,2.35,6.1,2198.0,4.0,residential,0.5623,1
91.9,2.56,6.11,1025.0,4.0,secondary,0.3366,0
155.1,1.95,11.67,12.0,5.0,secondary,0.4904,1
172.5,2.35,9.91,57.0,4.0,residential,0.6706,1
236.9,2.64,4.93,240.0,8.0,secondary,0.9651,1
202.6,2.57,8.54,686.0,3.0,residential,0.376,1
13.7,1.07,0.88,352.0,4.0,residential,0.5524,0
36.7,1.75,6.28,132.0,2.0,tertiary,0.1133,0
122.2,1.62,10.88,818.0,3.0,trunk,0.0622,1
174.1,3.38,7.62,681.0,4.0,residential,0.7604,0
32.1,1.27,8.35,1500.0,2.0,residential,0.0339,0
139.2,1.36,0.0,293.0,10.0,tertiary,0.9765,1
212.5,3.49,6.82,743.0,4.0,secondary,0.7527,1
169.5,3.79,9.01,1940.0,2.0,residential,0.3193,1
137.7,0.94,9.4,1848.0,5.0,residential,0.4058,0
81.0,3.38,10.89,96.0,2.0,secondary,0.1351,0
77.9,1.25,7.37,1392.0,1.0,residential,0.1885,1
319.0,3.31,7.5,156.0,3.0,residential,0.8929,1
55.8,1.58,4.0,144.0,3.0,residential,0.5293,0
36.7,1.91,7.39,8.0,7.0,residential,0.6345,0
22.2,0.84,4.22,2049.0,10.0,tertiary,0.6287,0
131.7,2.63,2.46,298.0,5.0,primary,0.7347,0
118.9,3.92,4.74,517.0,5.0,tertiary,0.8656,1
86.8,2.01,12.53,894.0,3.0,tertiary,0.0378,0
118.8,4.61,7.19,11.0,6.0,trunk,0.6962,0
155.0,3.67,8.66,608.0,2.0,residential,0.2838,1
72.0,1.71,6.46,186.0,5.0,residential,0.5629,0
125.0,2.53,2.63,454.0,4.0,primary,0.7716,1
66.8,1.35,10.81,544.0,6.0,residential,0.2427,0
128.1,2.54,1.48,81.0,7.0,secondary,0.8796,0
213.5,3.81,6.34,1558.0,1.0,secondary,0.3702,0
166.1,2.47,7.84,2501.0,2.0,residential,0.3943,0
265.4,2.88,8.69,181.0,6.0,tertiary,0.9294,1
56.1,2.53,5.82,1124.0,3.0,residential,0.2812,0
45.7,2.13,2.49,408.0,3.0,residential,0.2607,1
116.9,1.07,5.6,131.0,6.0,tertiary,0.5215,0
57.6,1.63,5.75,1266.0,1.0,residential,0.1199,0
132.2,3.21,5.68,970.0,3.0,secondary,0.5091,1
100.1,2.74,10.91,2875.0,0.0,primary,0.0145,0
37.2,0.69,4.36,99.0,4.0,secondary,0.3041,1
120.8,3.04,8.9,295.0,3.0,residential,0.4211,0
39.7,1.29,8.47,928.0,4.0,residential,0.0951,1
224.0,3.8,10.88,329.0,2.0,residential,0.4453,0
73.3,0.94,7.6,1053.0,4.0,residential,0.2368,0
45.2,0.0,10.37,224.0,0.0,primary,0.0106,0
102.4,1.41,7.48,239.0,1.0,residential,0.2687,0
111.0,2.56,9.3,1024.0,3.0,residential,0.1718,0
54.5,1.29,3.49,281.0,3.0,secondary,0.4205,0
52.3,1.95,0.09,568.0,6.0,residential,0.7807,0
16.0,1.88,9.13,154.0,2.0,residential,0.098,1
159.9,2.45,9.29,298.0,3.0,residential,0.5472,1
219.7,3.09,9.43,171.0,3.0,tertiary,0.665,0
177.4,1.18,6.43,937.0,7.0,secondary,0.7025,1
44.0,0.09,12.47,1435.0,2.0,residential,0.0287,0
118.5,1.15,6.62,232.0,4.0,primary,0.4283,0
103.7,2.49,9.26,257.0,4.0,primary,0.2715,0
21.2,0.8,9.78,1061.0,5.0,secondary,0.0304,0
54.1,1.02,13.16,1480.0,3.0,residential,0.0287,0
112.5,1.63,7.05,584.0,2.0,residential,0.1993,0
9.3,0.29,6.04,308.0,6.0,primary,0.2279,0
31.8,1.92,3.51,359.0,4.0,residential,0.2428,0
146.9,2.64,12.66,2075.0,1.0,tertiary,0.0636,0
42.7,2.11,9.26,208.0,3.0,secondary,0.1581,0
21.5,0.0,9.36,198.0,3.0,residential,0.09,0
171.1,3.28,17.35,1418.0,1.0,secondary,0.0204,0
42.7,0.93,8.98,385.0,2.0,primary,0.0198,0
147.7,2.35,4.09,2307.0,7.0,secondary,0.7471,1
261.3,5.02,7.41,2587.0,3.0,residential,0.8153,1
30.8,0.86,5.08,186.0,6.0,primary,0.2551,0
75.4,2.1,6.81,1119.0,6.0,tertiary,0.6716,0
104.4,1.24,6.79,107.0,5.0,secondary,0.5649,0
168.9,2.86,6.24,927.0,4.0,secondary,0.5104,0
53.9,0.17,3.82,1553.0,3.0,secondary,0.2422,1
3.7,0.8,12.78,544.0,1.0,residential,0.0169,0
30.8,1.48,8.9,223.0,3.0,residential,0.1022,1
63.5,2.45,7.32,126.0,10.0,residential,0.8414,1
147.5,1.92,10.27,479.0,2.0,tertiary,0.3783,1
76.0,1.29,9.41,171.0,5.0,tertiary,0.4399,1
140.6,1.97,8.83,704.0,4.0,tertiary,0.301,0
61.6,1.34,10.05,516.0,4.0,residential,0.1089,0
97.1,1.19,8.4,1256.0,3.0,secondary,0.0673,1
155.5,0.94,10.01,1005.0,0.0,primary,0.1431,0
185.2,2.19,10.26,759.0,6.0,residential,0.7179,1
301.0,4.37,8.49,342.0,1.0,secondary,0.8425,1
107.3,1.97,7.34,2093.0,3.0,tertiary,0.1748,0
12.2,1.39,12.59,1519.0,0.0,tertiary,0.0062,0
121.5,2.93,6.57,1636.0,5.0,residential,0.3935,0
11.2,0.57,9.17,118.0,3.0,secondary,0.0117,0
132.3,1.12,9.24,23.0,4.0,trunk,0.1582,0
94.5,2.26,6.17,1078.0,6.0,secondary,0.4987,0
178.3,2.93,5.58,335.0,6.0,primary,0.8168,1
61.2,1.33,6.94,345.0,2.0,trunk,0.0606,0
98.0,2.95,6.52,101.0,7.0,residential,0.8858,1
123.1,2.64,3.63,994.0,4.0,tertiary,0.508,0
5.3,0.96,6.05,1852.0,4.0,tertiary,0.1898,0
118.9,2.36,8.8,3831.0,3.0,trunk,0.1365,1
45.4,2.02,11.8,3357.0,1.0,residential,0.0375,0
110.0,1.57,9.66,1793.0,3.0,residential,0.1701,0
8.7,0.2,0.2,179.0,6.0,primary,0.3828,0
136.8,2.25,9.92,279.0,2.0,residential,0.1644,0
128.7,1.4,6.33,69.0,3.0,secondary,0.1978,1
172.9,2.84,9.36,545.0,1.0,residential,0.3519,0
16.0,1.07,7.96,1428.0,4.0,trunk,0.024,0
295.2,4.29,7.42,38.0,6.0,primary,0.9736,1
25.5,0.82,7.69,3532.0,4.0,residential,0.1535,0
97.5,3.29,7.93,125.0,10.0,secondary,0.8267,0
64.5,2.33,12.03,211.0,2.0,residential,0.0866,1
77.6,1.65,7.94,910.0,3.0,tertiary,0.1829,0
266.7,4.08,11.26,598.0,6.0,tertiary,0.7734,1
29.6,2.26,10.82,1746.0,6.0,secondary,0.1211,0
239.2,3.2,10.0,1040.0,4.0,residential,0.542,1
151.2,1.84,2.64,43.0,4.0,residential,0.8513,1
84.7,2.0,11.35,1662.0,3.0,secondary,0.0401,0
84.0,2.14,6.63,1161.0,1.0,tertiary,0.114,0
129.1,2.74,10.15,816.0,3.0,tertiary,0.1915,0
60.7,2.19,5.08,36.0,5.0,residential,0.5664,0
71.0,1.07,4.44,1108.0,3.0,residential,0.3702,1
97.1,0.84,13.93,583.0,3.0,primary,0.0094,0
221.0,2.98,5.13,925.0,3.0,residential,0.8346,0
76.8,2.19,11.44,1547.0,3.0,residential,0.0414,0
13.8,0.23,8.36,1294.0,2.0,primary,0.0477,0
100.2,0.46,6.74,1106.0,6.0,residential,0.5879,0
80.5,1.88,7.87,824.0,2.0,secondary,0.1687,0
49.2,0.94,4.1,434.0,4.0,residential,0.2727,1
112.3,0.77,7.96,1208.0,3.0,primary,0.1239,0
50.7,1.47,4.75,492.0,9.0,secondary,0.7349,1
75.2,1.39,6.81,1153.0,1.0,primary,0.0787,0
97.4,3.31,10.78,1314.0,6.0,residential,0.3838,1
104.9,2.13,8.76,381.0,1.0,tertiary,0.181,1
119.2,2.7,3.55,731.0,4.0,secondary,0.628,1
131.7,2.37,10.55,513.0,3.0,residential,0.29,0
95.8,1.47,7.98,604.0,3.0,residential,0.3075,0
18.0,0.63,6.37,120.0,6.0,residential,0.355,0
107.8,2.96,10.24,2188.0,4.0,trunk,0.1451,0
169.7,3.43,7.5,1064.0,4.0,secondary,0.4373,0
13.3,0.0,4.5,49.0,4.0,tertiary,0.0987,0
18.2,0.02,13.54,478.0,3.0,secondary,0.0296,0
43.6,0.37,7.95,716.0,4.0,tertiary,0.1706,0
162.3,3.6,7.76,657.0,1.0,tertiary,0.2721,1
41.3,0.0,6.78,1924.0,6.0,residential,0.3444,1
163.9,3.4,11.54,2018.0,0.0,tertiary,0.1266,0
102.9,2.35,6.43,1981.0,0.0,residential,0.1304,0
52.7,1.55,3.37,2219.0,8.0,primary,0.7428,1
400.0,5.22,5.96,686.0,5.0,secondary,0.9824,1
26.0,2.06,11.98,286.0,3.0,residential,0.0587,0
87.7,1.94,10.5,266.0,8.0,tertiary,0.3545,1
36.8,0.09,7.23,1387.0,1.0,residential,0.0712,0
111.6,1.17,12.12,223.0,2.0,trunk,0.0815,0
38.4,0.0,10.24,594.0,3.0,primary,0.0257,0
59.4,2.47,7.2,524.0,3.0,primary,0.1574,0
45.5,2.49,7.5,2217.0,4.0,residential,0.3218,0
69.3,2.5,8.99,262.0,5.0,residential,0.2081,0
168.5,2.71,5.5,886.0,4.0,residential,0.7106,0
22.1,0.0,8.01,438.0,6.0,residential,0.2767,1
41.9,0.46,8.93,654.0,1.0,residential,0.0611,0
61.6,0.75,2.94,655.0,5.0,residential,0.3573,0
71.7,1.62,7.43,751.0,3.0,trunk,0.0673,0
211.0,4.44,7.09,512.0,3.0,residential,0.5108,1
43.8,2.43,11.08,924.0,3.0,residential,0.0376,0
163.4,2.37,2.47,397.0,6.0,secondary,0.9209,1
229.6,1.77,6.86,74.0,1.0,tertiary,0.5658,0
75.5,0.77,6.55,1353.0,4.0,secondary,0.29,0
34.4,2.16,10.88,185.0,4.0,tertiary,0.1819,0
192.7,3.3,7.87,494.0,5.0,primary,0.4768,0
153.6,2.36,13.39,180.0,3.0,tertiary,0.22,0
31.2,0.83,9.99,2506.0,3.0,tertiary,0.025,0
254.3,3.25,6.77,4028.0,2.0,secondary,0.5491,0
47.6,0.41,8.72,2142.0,1.0,residential,0.0664,0
74.5,3.35,6.94,922.0,3.0,residential,0.2294,0
135.9,3.81,10.58,154.0,4.0,tertiary,0.3278,0
233.7,2.95,4.0,2601.0,8.0,residential,0.9062,0
106.8,0.68,5.53,209.0,6.0,secondary,0.8201,1
68.4,1.76,9.37,1092.0,2.0,residential,0.119,0
60.5,1.41,11.68,425.0,4.0,residential,0.0995,0
68.3,2.12,1.39,75.0,1.0,residential,0.6694,0
352.4,5.71,12.12,647.0,3.0,secondary,0.8637,0
118.1,1.28,7.58,451.0,2.0,residential,0.3806,0
96.1,2.98,2.35,1.0,7.0,tertiary,0.9401,1
154.7,2.37,0.0,558.0,8.0,primary,0.9319,1
72.3,2.15,3.41,963.0,4.0,residential,0.595,0
225.4,3.3,7.94,595.0,2.0,secondary,0.4633,1
125.4,3.04,7.8,200.0,4.0,residential,0.7455,0
67.0,0.0,9.9,723.0,1.0,residential,0.0539,0
56.1,2.06,6.35,475.0,4.0,tertiary,0.3825,0
15.5,0.32,4.68,497.0,5.0,primary,0.2794,0
168.3,2.88,6.76,1264.0,4.0,residential,0.4027,1
21.9,2.06,8.1,369.0,5.0,tertiary,0.2317,1
216.6,2.76,8.69,275.0,3.0,residential,0.79,1
41.0,0.52,5.63,578.0,4.0,tertiary,0.1639,0
45.7,1.05,10.7,430.0,2.0,tertiary,0.0371,0
295.4,4.0,6.14,55.0,5.0,tertiary,0.9894,1
159.4,1.87,5.39,389.0,2.0,tertiary,0.6686,1
94.2,2.02,6.37,2148.0,7.0,residential,0.2045,0
276.8,4.25,11.22,1666.0,3.0,tertiary,0.6101,0
81.1,2.14,7.6,3012.0,3.0,tertiary,0.0554,0
58.6,0.85,5.92,932.0,3.0,tertiary,0.1846,0
101.0,1.26,10.78,2807.0,4.0,residential,0.0853,0
176.4,2.82,14.43,433.0,0.0,residential,0.0624,0
27.4,0.93,8.63,788.0,5.0,residential,0.1795,0
44.8,1.16,11.7,2007.0,2.0,residential,0.0469,0
35.2,0.66,11.11,1146.0,3.0,residential,0.104,1
29.9,1.42,6.18,435.0,4.0,residential,0.1504,0
74.5,0.94,8.08,947.0,3.0,secondary,0.1946,0
29.3,1.05,4.15,229.0,2.0,residential,0.2043,0
13.3,0.71,7.39,532.0,4.0,secondary,0.0928,0
44.5,1.31,6.12,282.0,4.0,tertiary,0.4657,1
41.9,2.25,6.79,790.0,4.0,secondary,0.2462,0
120.2,1.19,5.75,266.0,5.0,tertiary,0.3773,1
165.7,0.88,7.14,958.0,3.0,tertiary,0.3742,0
50.7,0.93,9.6,1410.0,0.0,tertiary,0.0192,0
45.3,0.42,7.64,297.0,6.0,primary,0.1602,0
284.4,1.8,2.41,1403.0,5.0,tertiary,0.9402,1
161.5,4.14,5.76,894.0,4.0,tertiary,0.6704,1
110.6,2.57,3.44,1180.0,5.0,tertiary,0.4806,1
65.3,2.12,8.73,3031.0,0.0,secondary,0.0291,0
159.0,2.48,9.51,1320.0,0.0,residential,0.1025,0
32.4,1.53,8.77,661.0,5.0,tertiary,0.1919,0
164.1,2.43,5.64,930.0,2.0,tertiary,0.4113,0
124.5,2.95,8.74,424.0,5.0,primary,0.4803,0
142.1,2.66,6.59,1809.0,3.0,tertiary,0.3719,0
95.0,1.91,4.59,733.0,5.0,tertiary,0.6197,1
23.8,1.12,10.23,1143.0,2.0,trunk,0.02,0
33.3,2.37,10.45,5000.0,1.0,tertiary,0.0142,0
129.5,2.49,10.85,386.0,2.0,residential,0.1661,0
119.9,1.42,6.17,1096.0,2.0,residential,0.2223,0
55.5,1.73,11.54,1226.0,1.0,residential,0.0471,0
54.5,1.85,6.52,764.0,4.0,residential,0.3706,1
195.8,3.03,9.96,1048.0,4.0,residential,0.4559,0
85.8,1.79,6.47,1616.0,4.0,secondary,0.2544,1
42.4,0.46,7.33,2782.0,2.0,secondary,0.0319,0
217.7,3.49,0.74,243.0,5.0,residential,0.9724,1
204.0,2.28,7.09,477.0,4.0,tertiary,0.3791,1
85.7,1.63,8.27,39.0,5.0,residential,0.5849,0
99.8,1.46,6.77,267.0,3.0,primary,0.4602,1
161.9,3.53,13.27,678.0,0.0,residential,0.0606,0
136.2,3.67,4.51,1097.0,3.0,tertiary,0.5239,0
23.0,0.16,6.31,884.0,7.0,residential,0.4433,1
222.6,3.47,5.29,92.0,9.0,tertiary,0.9763,1
18.5,0.77,6.31,26.0,5.0,residential,0.296,0
119.1,2.6,11.09,1923.0,4.0,secondary,0.1571,0
28.4,1.22,12.43,470.0,3.0,residential,0.0487,0
136.0,2.12,5.9,386.0,2.0,primary,0.2946,0
46.7,1.44,5.83,287.0,0.0,tertiary,0.0831,0
49.6,1.22,4.53,335.0,8.0,secondary,0.5496,1
155.5,3.94,11.92,314.0,0.0,secondary,0.1651,0
28.4,0.51,11.36,1053.0,2.0,trunk,0.0327,0
55.4,1.67,7.68,346.0,6.0,residential,0.2145,0
29.4,1.56,3.81,932.0,5.0,residential,0.1989,0
94.3,2.28,4.08,444.0,2.0,residential,0.2932,0
28.9,0.91,8.51,903.0,2.0,residential,0.0563,0
111.8,3.24,9.65,1129.0,2.0,tertiary,0.1076,0
202.2,1.56,1.8,1509.0,6.0,trunk,0.8431,1
9.7,0.04,7.04,2465.0,2.0,trunk,0.0321,0
46.9,1.89,12.85,1298.0,2.0,tertiary,0.0231,0
32.2,0.48,7.35,1833.0,4.0,tertiary,0.2301,0
23.4,0.33,12.47,176.0,1.0,primary,0.0059,0
109.6,1.74,9.95,317.0,3.0,primary,0.1884,1
100.2,1.37,4.75,79.0,7.0,residential,0.9244,1
221.6,3.97,7.12,86.0,4.0,tertiary,0.8294,1
143.9,3.25,7.61,800.0,4.0,secondary,0.1994,0
89.3,1.94,5.14,148.0,4.0,residential,0.6162,1
105.9,2.91,5.09,471.0,2.0,residential,0.5117,0
55.3,0.35,12.52,917.0,2.0,trunk,0.0145,0
108.6,2.16,5.07,870.0,0.0,trunk,0.035,0
18.7,2.1,11.24,58.0,5.0,primary,0.0498,0
76.6,2.5,6.69,17.0,2.0,secondary,0.273,0
121.7,3.41,7.92,281.0,2.0,residential,0.4643,0
73.4,1.21,9.69,2316.0,3.0,residential,0.0943,0
48.5,2.12,6.2,28.0,4.0,tertiary,0.4597,0
92.5,1.57,9.7,81.0,2.0,tertiary,0.1692,0
42.3,1.78,1.86,424.0,3.0,tertiary,0.5442,1
69.8,2.69,9.32,187.0,2.0,tertiary,0.1038,0
154.0,2.01,0.59,236.0,8.0,residential,0.9743,1
160.9,1.25,7.32,461.0,5.0,secondary,0.6991,1
101.8,3.5,10.56,2857.0,4.0,residential,0.1184,0
35.1,1.61,9.87,1015.0,3.0,residential,0.0577,0
64.4,1.49,4.1,4.0,3.0,residential,0.5128,1
93.8,1.8,4.49,405.0,10.0,residential,0.8598,1
46.5,0.0,5.93,732.0,6.0,primary,0.1534,0
263.2,4.13,8.56,268.0,2.0,residential,0.7813,1
47.4,0.94,1.9,2320.0,1.0,residential,0.2186,0
89.0,1.91,7.96,955.0,5.0,secondary,0.345,0
168.1,2.84,8.93,147.0,2.0,tertiary,0.354,0
235.1,0.92,7.15,32.0,3.0,residential,0.7258,1
34.3,1.6,9.58,369.0,1.0,residential,0.1004,0
19.4,1.18,8.67,1335.0,3.0,residential,0.1355,0
100.9,2.27,6.38,737.0,5.0,tertiary,0.4497,0
284.4,4.07,2.19,114.0,4.0,residential,0.9895,1
22.8,1.11,8.4,2297.0,0.0,residential,0.0204,0
66.4,1.74,5.14,55.0,10.0,residential,0.9177,1
107.5,2.31,6.26,626.0,1.0,tertiary,0.3549,0
92.1,2.29,9.44,716.0,0.0,residential,0.1295,0
120.2,2.47,12.25,2344.0,3.0,secondary,0.0712,0
212.7,4.83,7.89,250.0,5.0,residential,0.9253,1
170.4,2.26,9.66,814.0,3.0,tertiary,0.2238,0
65.2,1.28,3.67,290.0,3.0,residential,0.3199,0
22.5,2.42,8.74,671.0,3.0,residential,0.0912,0
179.5,2.83,7.82,38.0,1.0,residential,0.629,1
66.2,2.34,11.69,837.0,3.0,secondary,0.0776,0
91.1,2.0,6.38,34.0,2.0,primary,0.2475,1
158.4,2.52,7.28,437.0,4.0,residential,0.6637,0
175.6,3.7,11.18,165.0,3.0,residential,0.259,0
152.0,3.04,7.72,1439.0,3.0,primary,0.2354,0
253.5,2.61,4.67,160.0,4.0,tertiary,0.9009,1
83.7,1.94,15.65,252.0,1.0,residential,0.0157,0
50.0,0.6,4.76,682.0,6.0,residential,0.5551,1
38.1,2.27,7.81,625.0,2.0,tertiary,0.1807,0
52.5,2.83,9.04,739.0,5.0,secondary,0.1778,0
54.3,2.95,8.8,204.0,3.0,tertiary,0.3145,1
102.1,2.31,7.43,1219.0,2.0,trunk,0.0737,0
129.3,1.98,7.45,1336.0,6.0,tertiary,0.7487,1
33.3,1.46,7.3,443.0,6.0,residential,0.2007,1
158.7,1.95,4.65,680.0,3.0,tertiary,0.5539,0
169.5,4.71,14.45,2128.0,2.0,residential,0.1125,0
131.5,3.33,7.34,811.0,5.0,residential,0.5597,0
59.1,1.75,9.79,531.0,1.0,residential,0.1227,0
207.4,4.09,7.0,337.0,0.0,residential,0.3207,0
82.5,1.4,6.94,807.0,4.0,secondary,0.2233,0
44.8,0.45,6.63,763.0,3.0,residential,0.1491,0
33.0,0.0,3.35,2063.0,5.0,residential,0.4141,1
95.9,2.02,7.52,129.0,6.0,tertiary,0.4102,0
59.9,1.35,6.78,236.0,6.0,tertiary,0.4118,0
25.0,1.52,11.51,310.0,1.0,secondary,0.0189,0
18.2,1.03,4.41,59.0,3.0,secondary,0.2299,0
107.0,2.46,6.27,2543.0,3.0,secondary,0.3372,1
21.4,1.71,5.3,1601.0,4.0,residential,0.2359,0
6.3,0.0,12.33,1762.0,8.0,tertiary,0.1422,0
171.2,3.55,5.39,868.0,5.0,tertiary,0.8361,1
37.0,0.92,9.69,820.0,3.0,residential,0.1377,0
119.7,2.65,10.91,1080.0,1.0,residential,0.0275,0
94.4,2.75,7.56,403.0,3.0,residential,0.442,0
49.0,2.21,3.87,209.0,0.0,tertiary,0.2725,0
223.4,3.58,3.91,857.0,5.0,residential,0.8888,1
133.7,2.55,10.58,706.0,1.0,residential,0.1017,0
78.6,2.46,4.22,1941.0,3.0,secondary,0.1682,0
40.2,0.08,9.18,283.0,6.0,primary,0.0494,0
126.2,1.55,8.34,99.0,2.0,residential,0.4143,1
140.5,2.26,9.13,1957.0,2.0,primary,0.1431,0
88.1,0.79,9.41,389.0,5.0,residential,0.2696,0
80.2,1.54,5.2,1299.0,2.0,primary,0.1795,0
133.4,2.14,5.07,721.0,5.0,trunk,0.5922,1
77.1,1.8,10.14,513.0,0.0,residential,0.0229,0
44.1,1.28,6.11,443.0,1.0,secondary,0.0968,0
23.1,1.93,0.0,3069.0,4.0,trunk,0.2805,0
77.6,2.19,9.95,1401.0,4.0,primary,0.1028,0
22.4,1.01,4.89,1078.0,4.0,trunk,0.1305,0
141.7,2.23,9.4,320.0,6.0,tertiary,0.6644,1
77.6,1.69,12.18,517.0,3.0,residential,0.0422,0
157.2,2.66,8.05,396.0,6.0,secondary,0.7849,1
99.9,4.01,10.99,2918.0,3.0,tertiary,0.0722,0
120.1,1.07,8.46,2558.0,1.0,tertiary,0.1008,0
47.6,0.63,12.76,848.0,1.0,residential,0.0091,0
73.6,0.83,4.81,2341.0,7.0,tertiary,0.5702,1
98.8,2.2,7.98,284.0,4.0,residential,0.418,0
90.6,2.07,10.02,996.0,4.0,secondary,0.1298,0
87.7,1.39,7.43,969.0,4.0,residential,0.2205,0
32.6,1.91,11.46,586.0,4.0,secondary,0.0336,0
13.6,1.26,6.7,322.0,6.0,secondary,0.3257,0
30.5,1.92,14.21,1639.0,1.0,tertiary,0.0042,0
4.2,1.81,14.37,1443.0,1.0,tertiary,0.0106,0
16.0,0.0,8.85,453.0,5.0,residential,0.2646,1
104.2,2.6,9.66,174.0,5.0,trunk,0.5506,1
66.3,0.56,11.58,349.0,1.0,secondary,0.0157,0
41.8,1.5,4.44,1654.0,4.0,residential,0.3816,0
65.3,1.53,4.06,1119.0,4.0,residential,0.3489,0
10.5,0.9,11.77,291.0,4.0,residential,0.1064,0
76.1,0.75,8.82,906.0,3.0,tertiary,0.1445,0
24.8,1.92,7.32,88.0,4.0,primary,0.1555,1
187.7,2.02,8.03,988.0,3.0,secondary,0.2674,0
124.1,2.89,0.84,385.0,10.0,residential,0.9766,1
116.5,1.05,7.43,986.0,3.0,primary,0.1229,0
89.4,1.86,5.74,934.0,9.0,residential,0.7914,0
131.7,3.82,10.75,122.0,5.0,primary,0.501,0
76.4,3.61,10.99,1157.0,1.0,residential,0.0407,0
40.8,0.0,9.73,554.0,4.0,tertiary,0.065,1
118.0,1.65,9.19,3389.0,2.0,primary,0.1028,0
163.3,2.34,3.51,862.0,4.0,residential,0.8119,1
34.4,3.02,9.77,591.0,4.0,tertiary,0.0889,0
18.4,0.97,9.89,264.0,3.0,trunk,0.0319,0
269.1,4.89,11.74,659.0,1.0,residential,0.339,0
204.0,3.49,14.35,218.0,1.0,residential,0.5386,0
82.9,0.84,2.92,867.0,3.0,tertiary,0.2941,0
7.7,0.0,6.83,1227.0,4.0,residential,0.1559,0
99.2,1.5,5.77,861.0,4.0,residential,0.4794,1
365.4,7.04,8.52,1755.0,5.0,tertiary,0.8795,0
131.0,2.58,8.04,92.0,2.0,secondary,0.271,0
123.3,3.12,7.3,142.0,9.0,residential,0.9137,1
78.2,0.6,11.08,1836.0,4.0,residential,0.079,0
115.4,1.92,4.7,19.0,5.0,secondary,0.7453,0
130.5,2.99,4.88,154.0,4.0,tertiary,0.6749,1
93.2,1.05,4.93,1085.0,4.0,secondary,0.3601,1
69.7,1.58,6.92,674.0,1.0,residential,0.0497,0
94.4,1.23,4.31,91.0,6.0,trunk,0.4534,0
91.1,2.55,7.85,58.0,3.0,tertiary,0.3588,0
9.7,1.24,7.5,181.0,5.0,residential,0.3461,1
320.1,5.19,5.64,258.0,6.0,primary,0.9531,1
123.4,2.98,10.62,1451.0,8.0,tertiary,0.6042,1
182.6,2.81,7.82,833.0,3.0,residential,0.5765,1
101.8,2.82,11.19,653.0,0.0,residential,0.0254,0
53.6,0.97,7.41,35.0,5.0,tertiary,0.3791,1
156.7,3.18,7.93,380.0,0.0,residential,0.2062,0
17.3,0.0,6.31,888.0,4.0,residential,0.2168,0
127.0,1.73,7.98,1309.0,5.0,residential,0.516,0
155.4,4.52,10.14,766.0,3.0,residential,0.4293,0
77.1,2.21,6.77,450.0,8.0,residential,0.6556,1
118.4,2.71,9.56,1921.0,3.0,tertiary,0.2066,0
9.9,0.26,5.56,37.0,8.0,residential,0.6967,1
122.1,1.39,10.28,832.0,2.0,residential,0.1187,0
62.3,1.34,6.26,722.0,4.0,tertiary,0.2448,0
118.8,2.17,10.56,608.0,2.0,residential,0.1971,1
79.8,3.29,8.18,394.0,3.0,tertiary,0.0803,0
79.0,2.56,12.56,510.0,3.0,residential,0.0615,0
121.5,2.34,4.54,409.0,4.0,residential,0.7678,1
64.8,1.63,3.57,306.0,7.0,residential,0.7855,1
76.8,2.33,6.15,449.0,7.0,tertiary,0.6101,1
276.9,3.07,3.85,1456.0,5.0,residential,0.894,1
191.0,1.55,3.85,395.0,3.0,secondary,0.6858,1
69.6,2.23,9.86,719.0,7.0,residential,0.3197,0
81.0,1.83,7.99,314.0,6.0,tertiary,0.257,0
50.5,0.36,6.56,20.0,4.0,tertiary,0.3558,1
62.4,0.0,6.84,224.0,4.0,residential,0.1812,0
64.8,2.29,6.21,90.0,5.0,tertiary,0.5233,1
89.8,1.46,12.95,350.0,1.0,residential,0.0198,0
11.6,1.26,5.79,65.0,5.0,residential,0.3061,0
61.1,1.32,4.03,755.0,4.0,residential,0.5469,1
53.1,1.41,10.39,755.0,1.0,secondary,0.0487,0
208.3,2.83,7.35,399.0,2.0,primary,0.4436,1
80.3,1.7,14.12,21.0,3.0,residential,0.0738,0
99.0,2.45,6.42,1359.0,8.0,tertiary,0.6647,0
59.7,1.3,10.54,987.0,2.0,secondary,0.0539,0
80.8,1.5,11.25,359.0,4.0,residential,0.0842,0
62.4,2.04,6.44,2001.0,3.0,secondary,0.1592,0
90.8,2.43,5.77,21.0,4.0,tertiary,0.7132,1
118.2,1.31,10.22,361.0,3.0,primary,0.1122,0
25.9,1.09,9.72,316.0,5.0,trunk,0.0717,1
130.2,1.94,3.77,3.0,5.0,residential,0.813,0
37.6,1.26,4.61,612.0,4.0,residential,0.3659,0
283.4,5.35,0.39,883.0,10.0,tertiary,0.9982,1
89.4,2.16,9.79,1465.0,3.0,residential,0.2391,0
98.0,3.71,7.21,1145.0,2.0,residential,0.1668,0
100.9,2.19,7.51,564.0,2.0,trunk,0.0939,0
85.2,1.69,2.93,173.0,1.0,residential,0.5942,0
46.6,1.34,4.71,83.0,9.0,tertiary,0.8397,1
98.2,2.09,6.57,1326.0,5.0,secondary,0.4147,1
94.2,2.19,5.98,1501.0,3.0,residential,0.1468,1
42.0,0.51,8.35,1121.0,3.0,tertiary,0.1363,0
26.2,0.93,9.75,2179.0,4.0,trunk,0.0337,0
156.0,2.09,14.81,2062.0,1.0,tertiary,0.0413,0
61.0,2.36,7.94,1350.0,3.0,residential,0.1122,0
72.9,0.13,11.35,1144.0,4.0,residential,0.2092,0
94.5,2.06,5.51,1810.0,6.0,primary,0.2889,0
45.5,0.13,2.98,588.0,8.0,residential,0.8809,1
104.4,2.4,6.94,266.0,3.0,tertiary,0.3908,0
75.6,1.39,3.21,266.0,8.0,residential,0.8415,1
81.0,0.32,8.04,1183.0,4.0,residential,0.1592,0
177.2,3.68,5.66,1222.0,4.0,primary,0.4318,1
92.0,0.0,2.14,396.0,6.0,tertiary,0.683,1
70.2,1.62,13.21,185.0,0.0,trunk,0.0137,0
34.8,1.77,6.39,1818.0,1.0,residential,0.1058,0
100.5,3.11,3.09,2015.0,5.0,tertiary,0.577,0
151.6,1.33,10.69,459.0,3.0,primary,0.1762,0
71.1,1.24,5.81,383.0,5.0,residential,0.6128,1
150.8,3.48,11.27,514.0,3.0,residential,0.4147,0
101.5,2.94,5.8,60.0,3.0,primary,0.5656,1
86.8,2.87,6.38,1216.0,5.0,residential,0.4963,0
110.5,4.17,9.03,218.0,4.0,tertiary,0.4063,1
27.2,0.72,9.78,1052.0,2.0,trunk,0.0226,0
61.8,1.84,10.31,453.0,2.0,residential,0.0537,0
63.6,1.29,7.73,1182.0,3.0,residential,0.2415,0
73.5,0.1,9.59,347.0,2.0,residential,0.096,0
253.5,3.77,10.24,476.0,6.0,residential,0.9128,1
88.9,0.27,8.6,861.0,5.0,residential,0.4207,0
23.4,0.66,7.57,74.0,4.0,tertiary,0.1859,0
50.6,0.23,3.66,860.0,4.0,residential,0.3049,0
81.1,2.12,9.8,96.0,5.0,tertiary,0.1567,0
91.7,1.28,8.13,450.0,1.0,residential,0.1646,0
3.9,0.0,6.76,1052.0,2.0,residential,0.0674,0
117.4,2.9,11.83,663.0,1.0,residential,0.1217,0
120.9,1.77,3.72,513.0,8.0,secondary,0.8828,1
33.4,0.86,12.93,495.0,2.0,tertiary,0.0305,0
148.7,1.8,7.93,628.0,4.0,residential,0.5019,1
70.7,2.57,8.95,802.0,2.0,primary,0.0283,0
39.3,1.49,6.81,154.0,8.0,tertiary,0.7314,1
31.3,0.68,3.0,1360.0,7.0,residential,0.468,0
115.6,0.66,7.58,1006.0,6.0,primary,0.2723,0
53.4,3.45,9.0,579.0,2.0,residential,0.111,0
98.8,3.57,10.03,57.0,4.0,residential,0.5591,1
30.4,2.32,7.41,249.0,6.0,tertiary,0.3611,0
64.2,1.01,1.42,2390.0,2.0,residential,0.319,0
110.4,1.72,3.38,539.0,5.0,residential,0.7948,0
173.5,3.2,14.16,1661.0,1.0,secondary,0.0239,0
186.2,2.32,4.72,263.0,3.0,residential,0.7408,0
171.2,2.06,12.28,811.0,4.0,secondary,0.0801,0
379.6,6.52,5.2,422.0,3.0,primary,0.954,0
99.9,1.95,7.45,568.0,2.0,tertiary,0.0997,0
29.6,0.26,9.88,1305.0,2.0,secondary,0.0458,0
51.6,2.18,5.54,984.0,3.0,secondary,0.1892,1
182.8,2.53,12.78,542.0,2.0,trunk,0.0611,0
46.2,0.0,8.23,3787.0,1.0,residential,0.0127,0
2.5,0.0,9.38,724.0,5.0,residential,0.0507,0
66.1,1.18,7.2,436.0,4.0,tertiary,0.1565,0
146.6,2.74,9.98,2171.0,2.0,tertiary,0.1197,0
50.8,1.55,12.74,671.0,3.0,residential,0.0742,1
189.0,4.05,7.61,313.0,3.0,tertiary,0.5218,0
270.0,3.85,13.19,2446.0,1.0,residential,0.1227,0
98.2,1.61,6.17,260.0,7.0,primary,0.3713,1
301.8,5.42,10.29,279.0,4.0,residential,0.9278,1
225.9,4.29,9.47,271.0,2.0,residential,0.434,1
149.8,2.43,4.79,53.0,3.0,residential,0.5906,0
107.9,2.33,8.64,103.0,1.0,residential,0.3021,0
101.1,1.63,8.02,129.0,3.0,residential,0.5281,1
77.4,0.8,5.44,67.0,1.0,residential,0.2202,0
123.9,4.04,9.07,472.0,2.0,residential,0.2744,1
11.0,0.5,8.44,1159.0,2.0,residential,0.1466,0
232.7,3.83,7.78,118.0,4.0,residential,0.8861,1
305.3,3.25,7.79,224.0,0.0,residential,0.7308,0
10.1,1.51,7.73,1961.0,9.0,residential,0.3744,0
143.6,1.56,6.9,428.0,4.0,residential,0.7135,1
220.3,4.79,8.42,88.0,5.0,residential,0.9596,1
91.2,3.33,6.07,390.0,6.0,residential,0.7653,1
74.4,2.15,15.97,2379.0,1.0,residential,0.0151,0
62.0,1.64,3.77,691.0,2.0,secondary,0.1823,0
52.8,1.28,6.25,2.0,5.0,trunk,0.2431,0
104.4,2.02,6.48,3674.0,4.0,primary,0.1482,0
187.9,3.38,14.12,2303.0,0.0,tertiary,0.0372,0
12.6,1.02,4.04,1415.0,1.0,tertiary,0.1058,0
36.1,2.02,9.28,4.0,4.0,residential,0.2527,0
49.7,0.66,8.75,812.0,5.0,secondary,0.2038,1
20.2,2.26,9.0,3987.0,2.0,secondary,0.0401,0
132.7,2.05,11.71,48.0,5.0,secondary,0.3858,1
120.3,1.65,11.65,2340.0,6.0,primary,0.1097,0
156.3,2.97,6.65,1246.0,3.0,residential,0.3068,1
7.9,1.24,8.58,305.0,1.0,secondary,0.0199,0
143.3,1.13,2.41,1398.0,5.0,secondary,0.81,0
187.2,2.66,8.3,49.0,7.0,residential,0.8155,0
134.6,0.68,5.62,279.0,5.0,primary,0.4921,0
85.7,1.29,7.44,39.0,5.0,residential,0.5172,1
76.7,1.21,2.94,348.0,2.0,trunk,0.1646,0
112.1,2.38,9.21,913.0,5.0,secondary,0.266,0
102.7,1.4,2.91,1593.0,4.0,residential,0.604,0
51.1,0.97,8.44,1945.0,1.0,tertiary,0.0289,0
8.8,1.95,4.32,1292.0,3.0,residential,0.1373,0
57.4,3.14,5.45,2125.0,5.0,secondary,0.2756,0
282.0,3.45,11.46,2116.0,2.0,secondary,0.3088,1
10.6,1.74,9.76,679.0,4.0,tertiary,0.04,0
101.4,2.33,11.45,295.0,2.0,primary,0.0735,0
238.3,2.27,12.68,3439.0,1.0,residential,0.1768,0
158.9,2.07,5.68,124.0,1.0,residential,0.6424,1
176.3,0.49,12.5,453.0,0.0,residential,0.0723,0
162.8,3.01,3.6,563.0,4.0,residential,0.7589,1
20.5,0.18,10.24,620.0,1.0,residential,0.0394,0
210.0,3.43,6.52,489.0,7.0,residential,0.9509,1
230.4,5.62,5.21,1696.0,9.0,residential,0.9155,1
27.5,2.4,9.84,585.0,1.0,residential,0.0364,0
61.6,0.93,10.83,1154.0,1.0,primary,0.0069,0
92.3,1.1,10.75,115.0,3.0,residential,0.1022,0
62.2,2.58,8.64,3667.0,1.0,primary,0.0651,1
47.2,0.56,8.4,389.0,7.0,residential,0.2458,0
48.2,2.17,9.58,117.0,10.0,residential,0.7716,1
143.0,4.7,8.91,776.0,4.0,tertiary,0.4492,1
172.7,3.41,9.62,388.0,4.0,residential,0.4981,0
48.4,2.33,8.61,1647.0,1.0,residential,0.0453,0
171.9,3.72,10.53,427.0,0.0,tertiary,0.2999,0
62.0,1.1,3.12,74.0,9.0,residential,0.9214,1
29.3,1.38,7.61,2631.0,6.0,residential,0.5069,0
110.1,1.36,3.85,255.0,5.0,tertiary,0.3623,1
89.1,2.9,8.83,342.0,4.0,residential,0.4225,1
113.2,1.29,12.93,579.0,1.0,secondary,0.0106,0
111.8,2.7,6.58,372.0,5.0,residential,0.6195,0
103.4,2.95,8.38,287.0,2.0,trunk,0.1301,0
81.4,1.38,10.27,187.0,7.0,secondary,0.2246,0
169.2,2.25,1.8,193.0,6.0,trunk,0.842,1
135.4,2.29,6.43,594.0,2.0,secondary,0.2502,0
63.8,0.85,9.09,1338.0,3.0,residential,0.1352,0
62.5,1.68,0.0,195.0,5.0,tertiary,0.6687,1
18.6,0.29,5.07,443.0,3.0,residential,0.125,0
21.8,0.39,11.3,690.0,7.0,secondary,0.1359,1
76.9,2.16,11.01,1886.0,2.0,tertiary,0.0697,0
154.6,3.15,9.12,298.0,3.0,residential,0.7762,0
41.7,1.07,10.65,1768.0,5.0,primary,0.0654,0
139.8,1.16,8.65,756.0,4.0,residential,0.4314,1
100.7,2.95,9.67,871.0,3.0,tertiary,0.1375,0
44.1,0.97,7.05,924.0,4.0,secondary,0.2499,1
91.6,3.55,8.35,1888.0,2.0,residential,0.0864,0
88.9,1.76,6.1,386.0,2.0,tertiary,0.2325,0
45.8,1.46,11.79,1.0,4.0,secondary,0.1069,0
133.3,2.05,12.56,29.0,1.0,residential,0.1779,1
165.0,2.98,12.14,1989.0,3.0,tertiary,0.205,0
68.5,4.4,6.78,41.0,3.0,residential,0.6588,1
32.1,0.91,5.14,420.0,7.0,tertiary,0.5895,1
170.6,3.87,11.83,4446.0,1.0,residential,0.0513,0
20.4,1.12,9.63,1199.0,0.0,primary,0.013,0
107.3,3.03,8.99,934.0,10.0,primary,0.3785,0
41.6,0.0,6.1,363.0,4.0,residential,0.1997,0
29.6,2.71,9.28,740.0,2.0,residential,0.21,1
56.3,1.75,4.74,691.0,2.0,tertiary,0.2165,1
88.9,1.65,9.9,1363.0,1.0,secondary,0.036,0
35.7,1.95,12.14,1140.0,1.0,residential,0.0282,0
25.0,1.22,12.89,268.0,2.0,residential,0.0292,0
14.4,0.05,10.13,458.0,4.0,residential,0.0407,0
238.4,1.72,3.85,134.0,6.0,trunk,0.7775,1
113.6,3.62,8.59,93.0,5.0,tertiary,0.6823,0
44.3,1.15,14.42,1361.0,3.0,primary,0.0118,0
117.7,1.72,5.39,646.0,2.0,tertiary,0.2783,1
88.2,1.43,7.82,630.0,4.0,primary,0.2311,0
143.3,3.69,12.24,1571.0,5.0,residential,0.3876,0
72.8,1.28,9.85,1293.0,1.0,residential,0.0785,0
161.3,3.25,15.44,689.0,1.0,primary,0.0258,0
50.0,1.13,5.8,78.0,2.0,primary,0.1312,0
100.1,1.0,5.03,65.0,5.0,residential,0.7487,1
154.4,3.37,11.67,277.0,3.0,residential,0.4641,0
103.8,2.93,4.41,584.0,4.0,tertiary,0.6219,1
288.2,3.71,7.41,1917.0,3.0,residential,0.6951,1
141.4,2.47,7.8,1317.0,0.0,residential,0.2247,0
116.3,2.27,11.11,1366.0,2.0,primary,0.0973,0
64.8,1.93,9.84,102.0,3.0,residential,0.2778,0
101.7,3.6,9.37,42.0,6.0,secondary,0.9063,0
193.8,2.87,6.79,761.0,1.0,residential,0.5239,1
58.3,1.24,11.65,1655.0,2.0,residential,0.075,0
40.4,1.14,20.08,279.0,2.0,tertiary,0.007,0
58.6,0.75,10.07,383.0,1.0,residential,0.0503,0
56.0,0.09,8.3,1173.0,2.0,tertiary,0.0437,0
127.9,2.44,4.11,2421.0,3.0,residential,0.3975,0
266.0,4.41,6.09,161.0,2.0,primary,0.81,1
21.5,1.06,7.36,5000.0,4.0,secondary,0.0581,0
90.1,1.83,6.4,173.0,4.0,primary,0.2996,1
35.9,0.51,7.95,370.0,4.0,residential,0.165,0
110.6,2.33,13.33,913.0,3.0,residential,0.1475,0
120.1,2.38,11.74,565.0,2.0,residential,0.0708,0
56.3,1.86,7.52,271.0,3.0,tertiary,0.2857,0
130.4,2.62,4.38,556.0,4.0,residential,0.7067,1
48.8,1.7,12.01,299.0,4.0,residential,0.1283,0
48.7,2.44,7.85,551.0,4.0,residential,0.2349,0
42.5,1.77,2.82,1702.0,7.0,residential,0.8498,1
59.1,1.89,10.14,885.0,2.0,residential,0.0502,0
83.5,0.41,11.08,839.0,3.0,residential,0.0721,0
76.6,2.56,0.72,257.0,6.0,residential,0.8948,1
96.3,1.72,5.53,2167.0,3.0,tertiary,0.3174,0
125.7,2.37,7.67,2567.0,1.0,residential,0.1768,0
97.2,0.95,10.2,573.0,3.0,residential,0.1427,0
235.4,5.3,6.45,353.0,2.0,tertiary,0.8595,1
88.1,0.0,5.5,421.0,1.0,secondary,0.1588,0
146.6,3.75,10.18,1982.0,4.0,residential,0.2756,0
18.6,1.36,6.6,453.0,2.0,tertiary,0.2134,1
96.3,0.43,9.63,8.0,5.0,trunk,0.1756,0
75.9,3.34,4.67,87.0,10.0,tertiary,0.9454,1
70.7,2.06,3.94,49.0,6.0,primary,0.7875,1
191.1,1.21,10.27,772.0,2.0,secondary,0.0798,0
295.6,4.01,8.76,1562.0,5.0,residential,0.7393,1
126.7,2.75,10.77,362.0,0.0,residential,0.1052,1
14.2,2.34,6.4,666.0,3.0,tertiary,0.0809,0
53.9,1.12,5.61,54.0,6.0,trunk,0.4493,1
22.1,0.0,12.08,811.0,0.0,tertiary,0.0152,0
94.4,3.1,3.43,2298.0,4.0,residential,0.7126,0
115.3,2.58,11.75,1254.0,0.0,tertiary,0.0285,0
16.9,0.0,11.96,2200.0,3.0,residential,0.045,0
214.3,3.65,10.58,418.0,1.0,secondary,0.4466,0
29.1,1.51,5.94,488.0,1.0,tertiary,0.1006,0
111.4,1.88,5.55,864.0,2.0,secondary,0.3376,1
211.2,2.67,7.37,164.0,3.0,primary,0.6106,1
95.8,1.46,4.11,2629.0,4.0,tertiary,0.5945,0
46.2,1.09,5.11,1047.0,9.0,tertiary,0.579,1
43.8,1.61,9.93,131.0,4.0,secondary,0.0658,0
97.7,2.6,9.95,357.0,0.0,secondary,0.0572,0
146.8,0.84,4.85,336.0,7.0,primary,0.7093,0
108.6,2.31,10.03,1813.0,1.0,residential,0.0996,0
43.0,1.71,9.36,1999.0,5.0,tertiary,0.1635,0
74.5,1.83,12.53,327.0,2.0,residential,0.0488,0
37.9,0.93,9.71,1498.0,1.0,primary,0.0122,0
37.5,2.39,11.18,269.0,4.0,tertiary,0.238,0
35.8,2.3,9.43,738.0,2.0,residential,0.0686,0
62.1,1.25,10.94,107.0,2.0,residential,0.071,0
80.7,1.7,4.14,1861.0,7.0,residential,0.7244,1
88.1,2.48,7.63,342.0,4.0,secondary,0.2229,0
104.4,3.08,7.88,1723.0,5.0,residential,0.295,1
45.2,0.69,7.27,983.0,3.0,residential,0.2016,0
82.1,0.95,9.33,326.0,0.0,primary,0.0202,0
90.0,2.1,9.9,1315.0,3.0,secondary,0.0508,0
179.8,2.06,9.18,165.0,3.0,residential,0.4871,0
17.5,0.0,7.47,871.0,5.0,residential,0.2014,0
23.1,0.42,5.79,1572.0,5.0,trunk,0.2273,0
122.1,2.6,11.29,841.0,2.0,secondary,0.0979,0
131.4,3.62,9.05,752.0,3.0,tertiary,0.3239,1
122.5,1.7,4.94,222.0,6.0,residential,0.695,1
121.6,2.16,7.42,796.0,3.0,residential,0.3519,1
19.4,1.16,2.77,1670.0,2.0,residential,0.1305,0
266.3,3.48,8.11,855.0,3.0,secondary,0.7356,0
166.1,2.21,7.4,292.0,4.0,residential,0.6632,1
19.7,1.3,6.28,49.0,7.0,residential,0.5357,0
67.0,0.65,12.75,225.0,2.0,secondary,0.039,0
64.1,0.95,4.53,1970.0,5.0,primary,0.2406,0
76.3,1.55,10.12,523.0,1.0,secondary,0.0389,0
57.7,1.75,14.56,61.0,4.0,tertiary,0.0488,0
31.3,0.0,11.23,748.0,1.0,tertiary,0.0478,1
91.2,1.79,7.91,186.0,9.0,residential,0.7741,1
187.7,2.02,4.6,2951.0,4.0,residential,0.6788,1
56.3,0.93,3.91,1532.0,4.0,tertiary,0.4177,1
103.8,2.68,6.77,2858.0,1.0,residential,0.1565,1
78.0,1.68,5.94,1086.0,6.0,tertiary,0.2134,1
121.6,3.59,5.84,186.0,5.0,primary,0.8608,1
72.8,1.62,7.02,64.0,3.0,trunk,0.1431,0
49.7,2.17,7.69,772.0,4.0,residential,0.1556,0
58.9,2.14,9.46,57.0,0.0,residential,0.0921,0
182.8,2.98,4.29,4055.0,2.0,residential,0.4912,1
85.6,0.78,5.95,410.0,4.0,residential,0.3271,0
83.5,1.72,7.52,1166.0,4.0,residential,0.2834,1
179.0,2.52,7.41,566.0,4.0,residential,0.4041,0
201.6,2.76,13.51,806.0,0.0,secondary,0.0922,0
7.7,1.02,8.7,849.0,1.0,tertiary,0.0496,0
23.7,0.0,3.16,2453.0,3.0,primary,0.0691,0
144.7,1.84,9.25,1470.0,5.0,residential,0.4635,0
88.6,1.05,9.64,140.0,5.0,residential,0.2341,0
202.1,3.02,7.62,1955.0,2.0,residential,0.3621,1
17.6,0.4,4.36,94.0,5.0,residential,0.4081,0
98.3,1.42,13.27,208.0,2.0,residential,0.1099,0
126.0,2.42,4.79,512.0,3.0,trunk,0.3795,0
64.9,1.22,9.98,10.0,4.0,residential,0.1243,0
139.0,2.47,8.6,120.0,2.0,residential,0.4303,0
146.6,1.67,9.8,10.0,3.0,tertiary,0.4261,0
78.7,1.08,13.12,375.0,2.0,tertiary,0.0282,0
74.7,3.33,9.68,192.0,3.0,tertiary,0.1899,0
156.6,2.12,6.32,731.0,2.0,residential,0.4092,0
96.9,0.28,11.32,1511.0,1.0,secondary,0.0464,0
120.0,2.51,6.11,387.0,5.0,residential,0.6028,0
96.6,1.39,8.49,622.0,6.0,residential,0.4694,1
93.0,2.11,4.12,27.0,6.0,tertiary,0.7017,0
74.5,1.62,4.9,559.0,5.0,primary,0.3885,1
125.7,2.75,8.15,169.0,4.0,residential,0.3629,0
41.9,1.22,9.1,511.0,2.0,tertiary,0.0775,0
18.5,0.84,2.89,755.0,2.0,residential,0.2978,0
83.4,2.72,9.49,4571.0,3.0,residential,0.1187,0
204.2,1.48,5.54,2882.0,2.0,residential,0.6097,1
97.0,0.9,11.84,580.0,7.0,secondary,0.256,0
69.3,0.97,6.94,1175.0,3.0,residential,0.1099,0
62.5,0.2,4.63,154.0,4.0,secondary,0.1797,0
59.3,1.13,8.23,675.0,2.0,residential,0.094,0
3.5,0.38,5.25,788.0,0.0,primary,0.0265,0
185.5,3.81,11.81,510.0,4.0,secondary,0.2764,0
54.5,1.38,8.0,350.0,2.0,residential,0.0773,0
84.6,1.64,7.54,1003.0,9.0,residential,0.3481,0
66.1,1.29,9.78,104.0,3.0,residential,0.3126,0
47.1,0.52,4.99,816.0,5.0,primary,0.4202,1
192.0,3.82,4.13,30.0,4.0,residential,0.9323,1
32.6,2.16,9.23,26.0,3.0,tertiary,0.0948,0
128.7,1.37,4.7,191.0,8.0,residential,0.9433,1
21.6,2.35,4.7,1489.0,1.0,secondary,0.0277,0
75.0,1.16,10.51,376.0,4.0,tertiary,0.2122,0
174.2,2.29,9.58,1064.0,4.0,tertiary,0.4415,1
57.3,1.87,4.24,788.0,2.0,trunk,0.1057,0
120.8,2.7,6.14,1656.0,3.0,residential,0.5286,1
55.2,1.4,5.29,67.0,4.0,secondary,0.2861,1
64.7,1.3,13.33,2294.0,0.0,residential,0.0235,0
140.9,3.43,10.72,512.0,4.0,tertiary,0.3022,0
122.7,1.77,6.74,501.0,2.0,primary,0.1129,0
205.7,3.21,9.73,802.0,2.0,tertiary,0.5776,0
57.1,2.84,3.93,1672.0,4.0,tertiary,0.2695,0
107.0,1.01,5.98,2509.0,5.0,residential,0.4322,0
88.2,1.49,8.31,419.0,4.0,residential,0.3874,0
109.1,2.93,9.36,504.0,3.0,residential,0.4082,0
165.2,3.2,7.71,169.0,5.0,tertiary,0.6462,1
49.1,2.1,8.74,621.0,1.0,tertiary,0.1201,0
103.9,0.99,8.24,130.0,5.0,residential,0.4388,0
190.5,3.34,7.51,265.0,3.0,residential,0.7101,1
88.3,1.63,7.11,142.0,1.0,residential,0.2015,0
140.2,4.3,6.72,500.0,3.0,residential,0.5776,0
12.6,1.6,8.7,716.0,2.0,residential,0.0295,0
91.3,1.88,9.23,772.0,4.0,primary,0.1559,0
59.8,1.75,8.6,1079.0,6.0,tertiary,0.2853,0
121.4,2.3,4.46,1961.0,5.0,residential,0.5822,0
104.4,2.61,5.0,371.0,5.0,tertiary,0.6768,1
42.3,0.62,9.2,1035.0,4.0,secondary,0.0793,0
24.1,2.18,12.42,348.0,3.0,residential,0.0572,0
272.6,3.01,8.46,354.0,4.0,residential,0.8789,1
110.4,2.29,6.76,1899.0,3.0,residential,0.2687,1
108.5,1.44,8.67,520.0,1.0,residential,0.0976,0
48.0,1.41,4.59,21.0,6.0,secondary,0.6574,0
66.3,2.39,11.93,316.0,5.0,trunk,0.0586,0
191.8,1.73,8.56,988.0,0.0,residential,0.3143,0
89.7,1.74,5.99,397.0,4.0,secondary,0.3184,0
196.3,2.0,7.5,790.0,3.0,residential,0.6445,0
110.7,1.9,6.42,162.0,4.0,tertiary,0.6901,0
168.4,1.67,11.94,673.0,2.0,secondary,0.1136,0
11.5,1.07,7.39,3122.0,0.0,residential,0.0535,0
45.8,1.01,8.47,404.0,3.0,residential,0.1745,0
88.4,2.46,9.72,238.0,1.0,tertiary,0.1315,1
70.7,2.63,5.78,873.0,5.0,trunk,0.3117,1
121.9,2.27,8.58,613.0,2.0,residential,0.205,0
24.2,1.8,8.82,3648.0,5.0,residential,0.2801,1
24.6,2.2,3.34,1654.0,9.0,residential,0.7498,1
118.7,1.49,8.76,424.0,1.0,tertiary,0.0971,0
163.5,3.91,7.86,1129.0,1.0,tertiary,0.1906,0
66.0,1.56,8.39,748.0,0.0,secondary,0.0648,0
209.7,2.53,8.11,896.0,4.0,secondary,0.4163,1
242.5,3.95,8.78,514.0,5.0,primary,0.8686,1
81.9,1.73,12.01,213.0,3.0,secondary,0.1549,0
64.2,0.44,4.46,16.0,4.0,residential,0.2842,0
53.0,0.56,6.97,454.0,2.0,tertiary,0.1549,0
45.5,2.66,10.0,584.0,3.0,residential,0.0735,0
135.3,2.65,9.44,105.0,3.0,residential,0.3718,0
40.8,2.47,9.38,1293.0,2.0,primary,0.0269,0
34.7,0.88,16.26,308.0,2.0,tertiary,0.0077,0
43.8,0.68,9.84,578.0,0.0,trunk,0.0188,0
82.5,0.44,11.39,1438.0,0.0,residential,0.035,0
87.0,2.62,7.08,501.0,2.0,tertiary,0.2524,0
130.3,2.69,5.02,1009.0,5.0,tertiary,0.6121,0
76.9,1.4,7.06,1390.0,3.0,residential,0.1669,1
22.6,0.44,10.14,613.0,2.0,residential,0.0338,0
61.9,2.44,9.22,223.0,1.0,tertiary,0.1682,0
84.1,1.67,9.21,19.0,4.0,residential,0.3133,0
50.4,1.27,7.36,638.0,5.0,primary,0.2909,1
104.1,1.57,6.88,1129.0,3.0,residential,0.2231,0
6.5,0.55,7.46,1085.0,2.0,residential,0.0672,0
76.4,2.16,10.17,2734.0,3.0,secondary,0.0819,0
185.7,1.89,10.52,972.0,3.0,residential,0.4471,1
160.4,2.79,4.98,663.0,2.0,primary,0.4927,0
91.8,2.67,10.29,46.0,4.0,secondary,0.3596,1
86.4,1.77,6.05,1084.0,9.0,residential,0.7726,1
114.8,3.02,9.41,1226.0,2.0,tertiary,0.0843,0
35.0,2.29,7.42,455.0,6.0,tertiary,0.3265,1
151.7,3.34,12.7,124.0,3.0,secondary,0.5655,0
205.6,2.84,6.75,908.0,4.0,secondary,0.4888,1
76.0,1.68,8.54,929.0,1.0,secondary,0.0471,0
91.8,2.18,9.82,559.0,3.0,tertiary,0.0829,0
131.5,2.0,5.38,367.0,5.0,residential,0.6313,0
46.6,0.96,7.78,298.0,3.0,tertiary,0.0803,0
210.0,2.87,7.2,148.0,4.0,trunk,0.5451,1
268.5,6.06,6.46,640.0,5.0,tertiary,0.9338,0
121.5,2.04,6.68,31.0,3.0,tertiary,0.613,1
221.0,4.31,11.34,176.0,2.0,residential,0.6812,1
31.1,0.48,6.2,93.0,8.0,secondary,0.3383,1
101.7,3.38,9.7,337.0,5.0,trunk,0.136,0
13.3,0.66,8.94,138.0,2.0,residential,0.0236,0
62.0,1.59,3.81,223.0,4.0,residential,0.387,0
63.1,0.09,9.56,1343.0,5.0,tertiary,0.1004,0
51.2,2.31,3.76,45.0,3.0,tertiary,0.4635,1
31.6,2.25,9.88,549.0,3.0,tertiary,0.0912,0
120.6,1.3,6.48,228.0,7.0,residential,0.7184,0
43.6,2.26,8.03,1391.0,1.0,residential,0.1343,1
120.7,1.18,4.12,75.0,7.0,tertiary,0.9416,1
80.2,2.27,8.37,1041.0,2.0,tertiary,0.1065,0
106.0,1.84,10.78,779.0,1.0,tertiary,0.0261,0
55.3,2.53,5.58,342.0,6.0,secondary,0.4507,0
79.6,1.95,6.18,2079.0,3.0,tertiary,0.189,0
299.7,5.14,9.36,1155.0,3.0,secondary,0.7168,1
103.5,3.03,9.44,1629.0,4.0,tertiary,0.107,1
210.4,3.09,0.7,953.0,3.0,tertiary,0.7391,1
203.2,3.21,14.05,1614.0,3.0,tertiary,0.1649,0
26.5,0.23,9.59,1137.0,2.0,residential,0.0377,1
202.8,2.99,10.09,2308.0,2.0,residential,0.2219,1
79.5,3.3,7.57,473.0,2.0,tertiary,0.145,0
63.0,2.16,2.43,1023.0,3.0,primary,0.2403,0
36.0,0.4,10.02,2095.0,2.0,tertiary,0.0443,0
26.7,2.43,6.3,1237.0,6.0,residential,0.1365,0
118.3,2.53,9.63,1234.0,5.0,tertiary,0.2866,1
25.8,1.77,7.34,35.0,7.0,residential,0.6405,1
121.8,2.65,8.71,1654.0,5.0,secondary,0.3341,0
8.4,1.24,5.68,352.0,6.0,secondary,0.5428,1
38.7,0.0,10.59,1326.0,2.0,tertiary,0.0293,0
71.0,2.54,4.43,1532.0,3.0,tertiary,0.2713,0
86.8,0.04,14.74,97.0,1.0,residential,0.0377,0
40.6,2.1,14.71,2279.0,3.0,residential,0.0241,0
29.1,1.23,12.9,291.0,3.0,primary,0.0477,0
65.0,2.25,11.83,754.0,3.0,secondary,0.0799,0
52.2,1.55,7.75,297.0,5.0,tertiary,0.3065,0
57.7,2.33,11.5,8.0,4.0,residential,0.2445,0
126.2,2.33,7.71,474.0,4.0,residential,0.4415,0
181.9,3.21,3.34,34.0,5.0,residential,0.958,1
62.2,1.87,12.51,397.0,3.0,residential,0.0527,0
126.2,3.82,11.39,306.0,3.0,residential,0.4002,0
53.5,1.92,7.91,1330.0,3.0,primary,0.1746,1
50.2,0.35,4.32,654.0,2.0,tertiary,0.0807,0
64.7,1.13,6.24,165.0,4.0,residential,0.5126,0
164.2,3.25,2.54,269.0,3.0,residential,0.8754,1
20.4,2.05,10.84,942.0,2.0,residential,0.0648,0
17.6,0.43,3.19,113.0,7.0,secondary,0.4405,1
237.0,5.44,8.86,226.0,4.0,residential,0.9037,1
39.5,1.41,5.47,28.0,7.0,secondary,0.7162,1
71.8,2.0,3.72,653.0,3.0,secondary,0.3218,0
57.3,0.48,8.72,869.0,3.0,residential,0.1706,0
206.8,4.17,7.0,61.0,2.0,tertiary,0.7976,0
163.0,2.4,10.51,456.0,2.0,trunk,0.115,0
28.8,0.55,4.2,4875.0,6.0,residential,0.5129,0
87.3,1.59,5.73,132.0,10.0,residential,0.9161,0
104.5,3.16,0.84,2923.0,7.0,primary,0.8339,1
123.7,2.66,1.45,997.0,5.0,primary,0.646,1
11.6,0.23,13.39,134.0,1.0,tertiary,0.0103,0
17.6,0.59,14.25,381.0,1.0,tertiary,0.0153,0
130.0,3.49,8.28,1359.0,4.0,residential,0.5344,1
25.1,0.91,5.53,184.0,6.0,secondary,0.2585,0
103.3,2.49,7.1,178.0,2.0,tertiary,0.4791,1
30.3,1.81,10.62,341.0,4.0,residential,0.0853,0
18.8,0.0,6.46,282.0,5.0,tertiary,0.2084,0
38.3,2.27,8.71,279.0,4.0,trunk,0.1232,0
77.8,1.05,7.96,2422.0,1.0,secondary,0.0499,0
100.0,1.71,6.29,1341.0,3.0,residential,0.2792,0
108.8,3.34,6.42,241.0,5.0,residential,0.5245,0
140.8,3.65,8.88,946.0,2.0,primary,0.1877,0
40.3,1.68,5.07,1036.0,8.0,primary,0.4239,1
135.4,3.01,9.36,307.0,9.0,tertiary,0.8192,1
83.5,2.58,6.59,4369.0,5.0,tertiary,0.2729,0
93.4,3.07,8.38,378.0,3.0,tertiary,0.3615,0
317.8,5.86,12.15,368.0,2.0,residential,0.8193,1
120.1,2.33,7.5,514.0,6.0,residential,0.4874,1
67.3,1.02,10.76,1051.0,6.0,residential,0.2025,0
58.9,1.3,2.62,4416.0,5.0,residential,0.4214,1
78.4,1.84,6.59,657.0,1.0,secondary,0.1117,0
21.5,1.02,8.08,278.0,1.0,residential,0.087,0
103.2,1.23,13.77,285.0,1.0,residential,0.0485,0
77.7,2.08,2.12,570.0,6.0,tertiary,0.7834,1
92.6,0.66,7.71,118.0,2.0,residential,0.2884,0
83.2,1.87,12.37,380.0,4.0,residential,0.0977,0
23.8,1.21,5.64,552.0,4.0,tertiary,0.1788,1
122.9,2.37,7.36,3154.0,4.0,residential,0.188,0
49.2,2.07,9.0,5000.0,2.0,tertiary,0.0498,0
152.1,3.2,8.55,1798.0,5.0,primary,0.2457,0
130.2,4.14,12.7,834.0,1.0,residential,0.1086,0
228.4,3.13,9.35,1686.0,3.0,primary,0.3644,0
78.2,1.96,11.98,51.0,4.0,primary,0.2258,0
140.9,2.66,6.92,150.0,6.0,secondary,0.71,0
245.3,3.88,5.78,126.0,9.0,tertiary,0.9911,1
45.6,0.34,7.32,555.0,4.0,tertiary,0.2224,0
164.7,1.83,4.52,436.0,3.0,tertiary,0.8405,1
118.5,2.23,9.45,373.0,4.0,tertiary,0.368,0
33.9,0.0,6.84,194.0,4.0,residential,0.1783,0
71.2,1.39,5.98,762.0,1.0,trunk,0.0716,0
350.2,4.48,9.5,102.0,4.0,tertiary,0.9752,1
158.6,2.46,4.57,25.0,8.0,secondary,0.9717,1
110.7,3.03,10.31,309.0,3.0,residential,0.2475,0
46.7,0.5,6.56,215.0,3.0,residential,0.1409,0
8.7,1.6,11.48,364.0,7.0,tertiary,0.4065,0
25.4,0.65,6.82,217.0,6.0,tertiary,0.1926,0
80.6,1.41,9.9,388.0,3.0,residential,0.2188,1
80.6,2.14,8.54,2066.0,4.0,residential,0.2423,0
188.3,2.84,10.23,120.0,4.0,residential,0.7093,1
37.7,0.54,8.33,209.0,4.0,tertiary,0.0796,0
34.9,0.92,3.01,423.0,3.0,residential,0.6658,0
119.8,0.82,11.03,5000.0,2.0,trunk,0.0461,0
59.8,1.82,7.74,3.0,3.0,residential,0.2636,0
59.3,0.0,10.37,341.0,10.0,residential,0.344,0
175.9,3.62,10.07,1267.0,2.0,residential,0.1039,0
33.0,1.69,5.68,743.0,3.0,tertiary,0.2295,0
158.5,3.98,5.26,492.0,7.0,tertiary,0.8372,1
109.7,3.86,9.97,122.0,3.0,tertiary,0.4024,0
55.0,2.21,7.09,55.0,1.0,trunk,0.0776,0
78.7,1.24,10.81,1919.0,3.0,residential,0.1167,0
41.3,3.03,7.47,993.0,1.0,tertiary,0.0834,0
69.1,0.67,11.07,142.0,4.0,residential,0.1849,1
236.5,2.12,9.27,357.0,5.0,residential,0.8371,0
45.3,2.83,8.86,1389.0,2.0,tertiary,0.0459,0
15.4,1.47,6.88,808.0,7.0,residential,0.2317,1
80.5,0.27,8.7,1066.0,0.0,tertiary,0.0446,0
209.7,2.23,11.58,742.0,3.0,tertiary,0.3563,0
94.6,2.38,7.84,554.0,5.0,secondary,0.3571,0
65.8,0.89,9.59,54.0,5.0,tertiary,0.1041,0
63.5,0.98,8.14,62.0,6.0,tertiary,0.3854,0
161.7,4.31,8.37,2140.0,3.0,residential,0.2367,0
103.4,3.76,13.17,1264.0,3.0,residential,0.0812,0
119.6,2.35,11.61,59.0,1.0,residential,0.2527,0
88.9,1.75,8.24,967.0,0.0,tertiary,0.0198,0
143.7,3.25,8.64,373.0,1.0,trunk,0.2719,1
236.6,3.19,5.89,131.0,2.0,residential,0.7846,1
79.5,0.0,7.48,253.0,7.0,tertiary,0.5577,1
102.0,0.0,8.93,1836.0,2.0,secondary,0.1316,0
229.8,3.5,10.55,900.0,5.0,secondary,0.5094,0
88.8,2.57,10.25,6.0,5.0,tertiary,0.5195,0
160.1,2.73,4.67,1026.0,6.0,tertiary,0.7102,1
38.9,1.91,10.93,3.0,4.0,tertiary,0.0771,0
44.0,2.06,7.73,1774.0,4.0,primary,0.1539,0
273.6,5.19,5.04,780.0,6.0,residential,0.9417,0
135.4,2.57,12.01,819.0,2.0,primary,0.1417,0
71.9,1.88,12.39,13.0,5.0,residential,0.3465,0
52.5,1.4,8.79,57.0,7.0,secondary,0.2988,0
63.7,1.36,10.13,576.0,4.0,residential,0.1919,0
26.4,0.0,10.3,277.0,2.0,residential,0.0524,1
127.6,3.27,12.19,561.0,1.0,residential,0.211,1
118.8,1.92,10.18,458.0,6.0,residential,0.3909,0
116.8,1.85,4.02,1437.0,6.0,residential,0.6982,0
196.6,2.73,14.03,116.0,1.0,residential,0.2704,0
85.1,0.75,11.2,363.0,2.0,tertiary,0.0648,0
109.9,2.05,6.47,315.0,2.0,residential,0.2152,0
16.2,1.41,4.91,1653.0,2.0,secondary,0.1421,0
136.3,1.87,9.51,765.0,1.0,primary,0.1584,0
120.8,3.08,7.17,209.0,2.0,tertiary,0.4382,0
29.7,0.86,8.99,371.0,5.0,residential,0.1041,1
72.1,0.44,10.23,215.0,3.0,residential,0.1051,0
178.7,4.04,6.3,449.0,7.0,primary,0.7631,1
107.4,2.25,4.65,532.0,4.0,residential,0.5556,0
49.2,2.08,9.16,943.0,3.0,residential,0.121,0
121.1,2.96,6.4,561.0,4.0,primary,0.453,1
256.8,3.13,8.44,1956.0,1.0,trunk,0.3916,1
22.0,0.65,3.97,696.0,4.0,residential,0.3713,1
133.0,3.22,7.24,176.0,2.0,tertiary,0.3548,0
104.4,3.52,10.14,880.0,3.0,tertiary,0.2044,0
27.1,1.18,9.82,694.0,4.0,secondary,0.0624,0
107.9,1.59,5.63,98.0,5.0,residential,0.6616,0
53.2,2.78,4.5,42.0,1.0,residential,0.4168,0
66.3,1.09,8.05,185.0,3.0,tertiary,0.185,0
121.6,2.52,9.68,383.0,2.0,residential,0.3293,0
118.2,1.88,9.22,81.0,5.0,tertiary,0.5473,0
116.5,2.41,6.46,59.0,2.0,residential,0.3703,0
349.2,4.23,8.89,612.0,2.0,primary,0.5748,1
74.5,1.39,12.51,90.0,7.0,secondary,0.3066,1
32.9,0.69,8.62,2446.0,2.0,tertiary,0.07,0
134.1,2.94,3.1,625.0,5.0,secondary,0.8426,0
103.9,2.18,8.61,141.0,3.0,residential,0.3539,0
55.4,2.17,14.13,3097.0,0.0,tertiary,0.0107,0
52.3,0.77,4.14,680.0,7.0,residential,0.6879,1
205.3,3.1,8.09,1802.0,5.0,primary,0.3016,0
10.4,1.43,7.32,558.0,4.0,secondary,0.0545,0
102.2,2.71,8.29,478.0,3.0,primary,0.2398,0
50.6,0.25,8.58,2318.0,2.0,primary,0.0496,1
112.7,2.41,11.42,1016.0,2.0,trunk,0.0791,0
44.2,0.68,8.25,705.0,4.0,residential,0.3274,1
114.7,2.9,11.83,447.0,3.0,primary,0.0888,0
171.6,4.35,7.65,634.0,5.0,tertiary,0.6443,1
56.6,0.0,6.95,919.0,5.0,residential,0.1699,1
63.7,1.04,5.99,852.0,4.0,tertiary,0.3162,0
111.6,2.35,2.55,495.0,3.0,residential,0.402,1
142.2,2.5,8.83,244.0,5.0,residential,0.5024,0
307.0,5.24,14.16,185.0,5.0,residential,0.9196,1
64.8,1.64,9.37,287.0,3.0,residential,0.1259,0
63.6,1.14,10.06,226.0,5.0,tertiary,0.1937,0
35.0,0.4,6.76,2.0,1.0,primary,0.043,0
7.1,0.0,7.27,693.0,5.0,tertiary,0.0881,0
172.7,2.28,10.95,1051.0,1.0,tertiary,0.0476,0
77.3,1.28,14.03,1916.0,2.0,residential,0.0425,0
33.9,1.51,12.46,3297.0,2.0,tertiary,0.0199,0
155.0,2.53,10.42,1232.0,2.0,residential,0.205,1
133.8,1.89,8.11,487.0,8.0,secondary,0.6774,1
63.0,0.75,8.63,311.0,0.0,residential,0.0564,0
105.3,1.5,5.74,878.0,6.0,secondary,0.5382,0
39.2,0.82,3.66,1560.0,4.0,secondary,0.2461,1
138.7,1.87,4.62,486.0,4.0,tertiary,0.5813,0
54.1,1.99,8.15,329.0,2.0,primary,0.051,0
186.4,4.13,7.12,1393.0,5.0,residential,0.8794,1
122.8,1.33,3.59,24.0,4.0,primary,0.7063,1
27.9,2.03,7.89,1340.0,1.0,secondary,0.0784,0
173.0,3.43,7.04,146.0,3.0,secondary,0.8038,1
163.7,2.91,4.48,92.0,7.0,tertiary,0.9361,1
149.0,3.81,6.89,728.0,3.0,secondary,0.3806,0
154.7,2.52,7.04,1714.0,3.0,trunk,0.213,0
85.5,2.15,6.15,470.0,1.0,residential,0.185,0
104.0,2.15,10.78,736.0,2.0,secondary,0.1153,0
73.6,1.72,2.29,2239.0,7.0,secondary,0.5901,0
16.0,1.36,2.04,177.0,1.0,tertiary,0.1446,0
121.3,2.29,8.01,663.0,1.0,primary,0.0568,0
21.7,1.43,8.29,1200.0,3.0,residential,0.0793,0
34.9,0.68,9.21,1126.0,0.0,tertiary,0.0202,0
51.7,0.91,6.38,830.0,1.0,residential,0.0802,0
89.6,1.34,5.25,190.0,3.0,residential,0.4397,0
268.0,3.72,7.98,349.0,6.0,secondary,0.8531,1
51.4,2.23,6.68,62.0,1.0,residential,0.2997,1
282.5,3.82,12.65,1047.0,4.0,residential,0.4346,0
160.5,3.25,7.03,91.0,6.0,residential,0.8279,1
110.9,2.34,7.84,8.0,3.0,tertiary,0.3936,1
46.7,1.01,15.43,226.0,0.0,secondary,0.0066,0
90.5,2.93,7.42,486.0,5.0,primary,0.4312,0
96.1,2.54,9.67,175.0,3.0,residential,0.2959,0
137.4,2.45,9.94,885.0,0.0,tertiary,0.0388,0
48.8,1.32,10.19,282.0,1.0,tertiary,0.0598,0
163.9,2.84,8.87,462.0,5.0,tertiary,0.6351,0
82.9,0.57,8.58,1054.0,2.0,residential,0.0909,0
121.1,1.59,8.3,381.0,1.0,residential,0.2014,1
77.9,2.1,6.27,556.0,4.0,tertiary,0.5161,0
202.4,1.96,8.98,268.0,4.0,tertiary,0.4958,0
36.9,0.64,14.09,538.0,3.0,tertiary,0.0381,0
106.2,1.76,11.63,145.0,2.0,tertiary,0.2015,0
27.3,3.45,8.91,97.0,1.0,secondary,0.1301,1
128.2,2.88,10.57,2691.0,1.0,secondary,0.0335,0
34.2,2.09,5.39,906.0,3.0,residential,0.3437,0
70.4,1.0,7.22,936.0,3.0,secondary,0.203,0
64.0,1.86,10.84,298.0,1.0,primary,0.0449,0
328.7,3.34,12.46,339.0,4.0,residential,0.8225,1
47.9,1.11,5.69,984.0,6.0,tertiary,0.5292,0
164.8,3.18,6.55,1203.0,0.0,residential,0.1784,0
6.7,0.0,14.54,59.0,1.0,secondary,0.0084,0
89.8,2.19,8.29,144.0,1.0,residential,0.1822,0
208.4,3.68,13.47,208.0,3.0,tertiary,0.2462,0
17.1,0.52,8.62,848.0,0.0,residential,0.018,0
159.9,2.05,8.74,2088.0,2.0,tertiary,0.241,0
78.4,1.17,7.08,1227.0,2.0,primary,0.0941,0
9.9,0.64,10.83,969.0,4.0,residential,0.0747,0
175.7,2.66,12.07,56.0,4.0,primary,0.3346,1
132.5,2.8,4.89,253.0,2.0,trunk,0.4015,0
42.3,0.88,6.94,2064.0,1.0,primary,0.0543,0
138.3,3.74,10.75,41.0,6.0,residential,0.9275,1
18.6,2.3,7.61,1347.0,5.0,secondary,0.115,0
54.4,1.64,6.52,149.0,8.0,residential,0.803,1
88.1,1.58,11.03,565.0,3.0,residential,0.1616,1
84.6,1.39,11.31,31.0,4.0,primary,0.1266,0
118.5,2.47,6.65,1471.0,6.0,tertiary,0.3728,1
323.4,5.07,8.64,293.0,2.0,tertiary,0.9462,1
101.0,1.85,4.37,1691.0,0.0,residential,0.2104,0
103.0,1.72,5.31,759.0,10.0,secondary,0.7892,1
186.8,3.32,8.37,2679.0,5.0,secondary,0.3694,0
84.2,1.87,8.09,1386.0,1.0,tertiary,0.0938,0
14.1,0.51,5.1,9.0,5.0,primary,0.1361,0
93.7,2.02,5.85,466.0,4.0,residential,0.4046,0
12.1,0.46,4.8,1086.0,7.0,residential,0.3839,0
175.0,2.3,9.37,675.0,2.0,tertiary,0.2708,0
87.3,1.84,2.1,1938.0,1.0,trunk,0.2132,0
115.0,1.72,4.97,494.0,4.0,residential,0.533,1
37.5,0.66,2.41,983.0,8.0,residential,0.7295,1
39.2,2.11,9.26,190.0,3.0,residential,0.1756,0
131.4,2.06,2.59,1150.0,3.0,primary,0.3585,0
70.2,3.12,8.1,443.0,2.0,residential,0.1588,1
48.2,1.88,12.92,239.0,1.0,tertiary,0.0243,0
208.3,2.64,13.02,1150.0,1.0,trunk,0.0681,0
95.5,2.87,2.58,2589.0,3.0,residential,0.6822,1
54.0,0.87,8.9,284.0,3.0,tertiary,0.0644,0
99.9,3.58,5.03,51.0,4.0,tertiary,0.8078,0
62.1,1.73,4.42,234.0,4.0,secondary,0.3822,1
123.6,2.72,7.66,140.0,3.0,residential,0.5158,1
35.5,1.25,11.68,1687.0,1.0,residential,0.0186,0
177.0,3.14,9.8,1193.0,2.0,residential,0.3784,1
62.0,1.36,5.85,159.0,3.0,secondary,0.0881,0
26.4,0.38,10.12,1975.0,1.0,secondary,0.0118,0
29.7,1.43,1.27,1040.0,4.0,residential,0.6182,0
74.2,2.51,5.74,2359.0,3.0,residential,0.3775,1
48.5,0.43,5.53,274.0,5.0,primary,0.4173,1
21.6,2.29,8.23,815.0,2.0,residential,0.0912,0
22.9,1.56,7.39,627.0,2.0,residential,0.1205,0
87.9,1.51,7.58,409.0,3.0,tertiary,0.1039,0
104.0,1.68,7.48,112.0,5.0,residential,0.5676,1
92.6,3.4,8.07,647.0,2.0,residential,0.2664,1
204.2,4.0,9.62,203.0,6.0,tertiary,0.8278,0
115.0,3.09,8.45,1143.0,3.0,residential,0.2395,0
53.4,1.24,7.15,3048.0,5.0,tertiary,0.3594,1
400.0,6.04,9.21,1045.0,2.0,secondary,0.912,1
40.8,1.57,10.48,30.0,3.0,tertiary,0.1254,0
19.1,0.89,6.33,398.0,4.0,residential,0.2044,0
136.3,2.52,7.82,309.0,5.0,secondary,0.6325,0
269.0,4.92,11.49,877.0,4.0,residential,0.6082,1
156.3,3.96,4.69,1979.0,3.0,secondary,0.5784,1
70.9,1.45,13.41,2557.0,1.0,residential,0.0178,0
44.7,0.29,3.98,862.0,2.0,secondary,0.2049,0
129.7,3.67,6.96,450.0,5.0,residential,0.6851,0
74.0,3.01,5.15,592.0,4.0,residential,0.4008,0
67.8,1.93,14.56,354.0,2.0,tertiary,0.0383,0
215.3,4.82,6.49,303.0,7.0,residential,0.9553,1
14.7,1.24,6.5,386.0,8.0,residential,0.6372,0
110.9,1.4,6.89,28.0,5.0,secondary,0.3995,0
47.6,0.32,8.29,764.0,10.0,secondary,0.5373,1
85.1,0.76,7.01,1987.0,3.0,residential,0.1624,0
39.6,1.28,7.6,2498.0,3.0,primary,0.1121,1
74.0,1.32,0.0,466.0,7.0,secondary,0.8787,1
363.9,4.7,8.17,201.0,2.0,primary,0.9192,1
146.3,2.47,8.05,288.0,4.0,tertiary,0.5243,0
129.6,3.04,11.12,673.0,0.0,tertiary,0.1485,1
86.9,1.41,11.93,542.0,0.0,tertiary,0.0432,0
81.1,1.2,7.44,165.0,4.0,tertiary,0.2336,0
91.3,1.51,10.45,413.0,2.0,primary,0.0924,0
120.3,2.98,4.7,1062.0,4.0,residential,0.4961,1
148.2,2.52,10.3,180.0,1.0,residential,0.2681,0
290.6,4.51,6.28,226.0,9.0,residential,0.982,1
70.7,2.89,4.45,683.0,7.0,primary,0.668,0
211.8,5.62,7.44,1611.0,3.0,residential,0.4799,1
292.7,4.82,12.2,467.0,7.0,tertiary,0.886,1
156.0,3.11,8.54,126.0,2.0,secondary,0.2824,0
80.1,0.81,12.49,125.0,5.0,trunk,0.0778,0
156.7,2.98,5.75,435.0,3.0,residential,0.6486,0
20.6,1.1,11.14,2920.0,0.0,secondary,0.0056,0
260.5,4.64,6.04,2295.0,8.0,primary,0.8963,1
166.3,2.48,8.68,834.0,2.0,residential,0.2792,0
77.6,1.89,8.65,1023.0,3.0,secondary,0.1923,1
73.2,2.16,9.98,501.0,3.0,residential,0.1106,0
25.8,2.63,8.75,1368.0,2.0,tertiary,0.0663,0
183.9,4.26,5.78,98.0,6.0,tertiary,0.9047,1
74.5,2.71,10.64,1928.0,2.0,residential,0.0695,0
275.6,4.69,13.19,284.0,4.0,residential,0.8097,1
20.3,0.7,6.25,1447.0,1.0,residential,0.0875,0
40.3,1.87,2.49,988.0,5.0,residential,0.5232,1
36.3,0.62,9.5,381.0,3.0,tertiary,0.1592,0
6.0,0.71,7.01,536.0,3.0,residential,0.0931,0
136.7,3.86,7.61,721.0,4.0,residential,0.57,1
31.1,1.6,9.67,626.0,2.0,tertiary,0.0452,0
40.5,1.47,6.63,2194.0,3.0,tertiary,0.0886,0
32.9,1.48,7.19,937.0,1.0,tertiary,0.0348,0
62.9,1.48,7.7,202.0,9.0,primary,0.4418,1
239.7,1.95,12.41,2305.0,2.0,residential,0.3073,0
120.3,1.23,8.09,525.0,5.0,secondary,0.518,1
98.6,2.48,4.29,128.0,8.0,residential,0.935,1
85.3,1.09,4.41,124.0,7.0,secondary,0.6613,0
55.0,1.37,8.42,327.0,2.0,trunk,0.0405,0
55.7,0.49,4.61,5.0,9.0,secondary,0.7336,1
95.0,1.37,3.31,571.0,6.0,tertiary,0.582,1
222.2,3.46,9.91,7.0,3.0,tertiary,0.8531,1
51.8,2.16,10.05,321.0,4.0,residential,0.2172,0
169.9,3.74,6.9,440.0,7.0,tertiary,0.7913,1
34.2,0.62,8.88,422.0,4.0,secondary,0.1799,0
135.9,2.68,8.56,1624.0,5.0,trunk,0.1412,0
216.4,2.26,9.81,26.0,4.0,tertiary,0.7209,0
80.3,1.81,9.81,846.0,5.0,residential,0.323,0
55.4,2.23,0.18,49.0,10.0,tertiary,0.9781,1
135.6,2.37,7.28,1399.0,1.0,residential,0.1577,0
257.3,4.94,9.55,125.0,5.0,residential,0.9404,1
164.7,3.45,6.77,580.0,1.0,residential,0.2995,0
280.7,4.36,8.11,1139.0,3.0,secondary,0.6786,0
86.3,1.64,10.25,1442.0,3.0,residential,0.1657,0
82.3,1.36,8.24,1313.0,2.0,residential,0.0535,0
22.6,0.0,12.52,526.0,3.0,residential,0.0418,0
53.4,0.4,11.38,1823.0,3.0,primary,0.0243,0
77.7,2.53,7.64,1402.0,3.0,tertiary,0.1557,0
83.8,3.02,7.41,2302.0,1.0,residential,0.0684,0
133.8,1.54,0.0,818.0,7.0,residential,0.9098,0
58.1,1.55,7.02,994.0,4.0,tertiary,0.4146,1
61.0,0.27,3.94,350.0,5.0,residential,0.4505,1
312.7,3.77,8.66,272.0,9.0,tertiary,0.9842,1
6.3,1.08,8.46,23.0,7.0,residential,0.2541,1
9.3,0.5,10.09,477.0,3.0,primary,0.0942,0
39.3,0.0,12.19,607.0,4.0,residential,0.0729,0
8.7,2.28,7.92,168.0,7.0,tertiary,0.4154,0
11.4,0.9,14.84,77.0,4.0,residential,0.0527,0
64.1,0.69,8.7,539.0,1.0,trunk,0.0374,0
108.1,2.2,4.07,757.0,2.0,trunk,0.2076,0
62.1,1.48,6.31,4071.0,5.0,secondary,0.241,0
112.9,2.49,6.88,1195.0,0.0,tertiary,0.0568,0
148.7,2.31,9.78,38.0,6.0,residential,0.6979,1
99.3,2.24,5.16,528.0,4.0,secondary,0.3725,0
112.7,2.91,7.11,41.0,4.0,secondary,0.6477,1
68.6,0.57,7.52,253.0,1.0,residential,0.0977,1
58.0,0.94,6.66,326.0,9.0,tertiary,0.73,1
7.7,1.56,10.43,873.0,0.0,tertiary,0.016,0
154.1,2.21,9.92,1393.0,5.0,secondary,0.2266,0
96.0,1.89,11.5,486.0,2.0,tertiary,0.1563,1
106.6,1.7,7.01,423.0,3.0,tertiary,0.2662,0
21.4,0.73,11.61,673.0,3.0,tertiary,0.0468,0
41.5,0.9,3.91,222.0,3.0,residential,0.2032,0
65.7,0.58,3.83,318.0,6.0,residential,0.7077,1
30.9,1.54,4.36,770.0,4.0,residential,0.1742,0
98.2,2.83,8.03,250.0,2.0,secondary,0.446,0
93.2,1.78,11.61,49.0,2.0,residential,0.1891,0
88.8,2.63,6.19,340.0,6.0,residential,0.6548,1
152.5,2.24,6.57,288.0,5.0,residential,0.7883,1
99.9,1.56,7.35,215.0,3.0,residential,0.22,0
204.7,3.58,9.72,30.0,5.0,tertiary,0.8497,1
102.4,2.37,6.57,2807.0,5.0,residential,0.5285,0
49.0,1.3,6.4,197.0,5.0,residential,0.4766,0
82.6,2.33,3.96,823.0,4.0,secondary,0.4119,0
4.0,0.0,6.28,321.0,4.0,residential,0.1729,0
107.5,1.85,11.53,2000.0,2.0,residential,0.1263,0
42.6,2.08,8.27,87.0,5.0,residential,0.4794,0
91.5,2.67,5.78,1797.0,5.0,secondary,0.1831,0
48.4,2.05,11.71,48.0,1.0,residential,0.0707,0
30.9,1.99,6.24,1606.0,9.0,secondary,0.5033,0
248.1,3.48,12.26,1160.0,2.0,primary,0.1068,0
47.6,0.01,12.21,582.0,2.0,tertiary,0.0162,0
40.5,1.08,8.17,934.0,2.0,residential,0.1658,0
137.8,2.96,3.5,100.0,4.0,secondary,0.7589,1
64.1,2.21,14.87,724.0,0.0,tertiary,0.0092,0
44.7,0.91,9.16,1542.0,3.0,residential,0.0641,0
140.5,1.71,7.03,3372.0,3.0,tertiary,0.3513,1
80.7,1.07,10.87,61.0,5.0,residential,0.2817,0
153.7,2.21,10.11,898.0,2.0,residential,0.3984,0
209.5,1.8,11.93,245.0,1.0,residential,0.2007,0
62.8,1.13,6.01,294.0,2.0,residential,0.2607,0
132.5,2.43,8.96,377.0,2.0,residential,0.1343,0
216.1,3.31,4.44,635.0,3.0,tertiary,0.6309,0
255.1,3.6,10.0,2400.0,4.0,primary,0.5849,1
52.6,0.88,7.93,129.0,1.0,residential,0.1578,0
169.1,2.37,8.84,921.0,4.0,tertiary,0.4619,1
9.5,0.47,7.56,24.0,3.0,tertiary,0.1522,0
101.4,2.58,7.25,652.0,3.0,residential,0.2146,0
24.4,1.09,5.4,115.0,2.0,residential,0.3424,0
62.8,4.09,10.37,663.0,3.0,residential,0.0904,0
330.7,4.5,12.47,913.0,2.0,residential,0.6252,1
155.8,3.02,6.33,475.0,4.0,residential,0.8923,1
25.0,0.85,9.66,370.0,7.0,residential,0.185,0
33.3,0.93,9.3,555.0,3.0,tertiary,0.1381,0
180.7,4.22,8.02,374.0,3.0,residential,0.7673,0
176.7,3.72,3.42,1340.0,7.0,residential,0.8796,1
183.1,1.59,4.1,941.0,5.0,residential,0.9243,1
101.0,1.19,5.66,602.0,1.0,tertiary,0.1289,0
155.3,2.55,1.58,682.0,6.0,residential,0.9096,1
65.2,1.17,12.22,405.0,3.0,tertiary,0.0819,0
62.9,0.35,9.1,123.0,5.0,residential,0.2195,0
96.9,2.06,7.91,188.0,3.0,residential,0.7243,0
44.0,0.0,1.43,523.0,7.0,primary,0.4235,1
38.0,1.36,2.53,70.0,6.0,residential,0.8559,1
126.6,2.9,7.99,1890.0,0.0,residential,0.0402,0
134.6,3.11,13.91,1131.0,0.0,residential,0.0088,0
38.8,1.15,5.9,999.0,4.0,trunk,0.1194,1
52.9,2.64,10.59,1004.0,0.0,tertiary,0.0373,0
114.2,2.44,6.56,72.0,3.0,tertiary,0.7079,1
107.4,2.77,8.17,475.0,3.0,trunk,0.308,1
101.1,1.42,11.64,1795.0,1.0,residential,0.0559,0
40.5,2.5,6.96,761.0,3.0,trunk,0.104,0
360.0,5.12,5.93,907.0,5.0,residential,0.9726,1
58.5,2.76,12.25,5000.0,3.0,tertiary,0.0871,0
117.6,3.3,8.14,59.0,4.0,residential,0.5424,1
30.8,1.38,11.27,179.0,5.0,residential,0.1088,0
80.8,2.09,5.94,212.0,6.0,primary,0.6143,1
38.0,1.11,12.22,583.0,4.0,residential,0.1109,0
56.5,0.82,8.82,2979.0,4.0,trunk,0.1243,0
102.5,2.51,9.3,365.0,8.0,residential,0.6753,0
202.2,3.66,8.39,2396.0,4.0,tertiary,0.4246,1
51.8,0.13,6.48,16.0,9.0,trunk,0.5175,1
98.9,1.92,7.99,991.0,4.0,residential,0.1955,0
116.5,2.89,6.67,1497.0,5.0,primary,0.5232,1
138.9,3.64,10.88,211.0,2.0,tertiary,0.2515,0
13.4,1.54,7.39,232.0,4.0,secondary,0.131,0
153.3,1.43,3.51,1359.0,1.0,residential,0.5348,0
117.5,1.37,2.96,440.0,2.0,tertiary,0.3817,1
101.0,1.74,2.82,528.0,4.0,tertiary,0.4661,0
46.7,2.48,9.85,773.0,3.0,tertiary,0.1436,0
107.7,1.61,4.55,439.0,2.0,residential,0.2893,1
298.2,5.23,8.9,822.0,1.0,residential,0.6873,1
187.3,2.55,8.41,179.0,2.0,primary,0.3861,1
62.6,1.98,7.81,2189.0,2.0,residential,0.0458,0
99.9,1.25,9.32,1900.0,4.0,secondary,0.0964,0
102.2,1.87,8.47,425.0,2.0,trunk,0.1116,0
70.1,0.74,0.0,111.0,7.0,residential,0.9328,1
25.9,2.26,7.03,386.0,6.0,residential,0.3202,0
63.4,1.0,9.28,258.0,7.0,tertiary,0.2648,0
123.7,1.05,12.92,130.0,3.0,residential,0.177,1
62.3,0.25,13.06,663.0,1.0,tertiary,0.0285,0
80.7,1.7,3.91,398.0,4.0,tertiary,0.6179,0
203.9,2.88,6.95,738.0,5.0,tertiary,0.7561,1
81.1,2.29,3.3,427.0,6.0,residential,0.7151,1
85.1,1.63,12.56,3032.0,2.0,tertiary,0.056,0
93.5,2.85,11.04,51.0,4.0,tertiary,0.3404,1
57.8,1.19,9.05,1295.0,3.0,residential,0.15,1
156.6,3.5,8.5,413.0,5.0,tertiary,0.5717,0
30.9,0.41,12.14,63.0,6.0,primary,0.0588,0
57.6,0.29,11.63,1030.0,3.0,tertiary,0.0642,0
100.3,1.34,11.47,446.0,2.0,tertiary,0.0296,0
65.4,0.68,9.37,1101.0,1.0,residential,0.1093,0
239.6,2.68,6.95,733.0,2.0,residential,0.6348,1
85.8,2.16,10.3,1516.0,2.0,residential,0.0219,1
84.0,1.6,10.45,461.0,2.0,residential,0.112,1
38.7,1.38,7.43,2387.0,2.0,trunk,0.0322,0
66.4,2.02,6.95,420.0,5.0,residential,0.3034,0
152.0,1.28,11.4,26.0,2.0,secondary,0.336,1
48.7,1.84,12.99,4247.0,0.0,residential,0.0209,0
17.2,0.04,5.75,430.0,4.0,residential,0.1823,0
75.4,1.24,7.21,304.0,5.0,residential,0.4139,0
88.8,0.35,9.05,196.0,3.0,residential,0.1849,0
60.7,2.05,9.46,366.0,5.0,secondary,0.1036,0
205.9,1.92,6.43,576.0,2.0,trunk,0.6707,1
330.1,3.8,13.65,352.0,3.0,primary,0.5879,1
99.8,1.1,9.27,625.0,1.0,residential,0.2155,0
65.9,1.49,9.59,393.0,2.0,secondary,0.0493,0
123.7,2.16,13.28,689.0,2.0,residential,0.1051,0
206.9,3.93,6.65,83.0,6.0,primary,0.8654,0
51.9,1.34,7.73,159.0,4.0,tertiary,0.0682,0
146.5,3.33,4.24,275.0,4.0,residential,0.8815,1
75.4,2.01,7.48,346.0,4.0,residential,0.3739,0
179.8,2.2,3.53,339.0,3.0,residential,0.7453,1
38.8,0.73,10.24,704.0,2.0,residential,0.0101,0
224.2,4.7,9.26,3837.0,3.0,primary,0.2481,0
102.2,3.01,7.17,339.0,4.0,secondary,0.4528,1
123.5,2.94,7.7,2153.0,5.0,trunk,0.1532,0
33.5,1.97,10.28,1336.0,5.0,residential,0.1325,0
32.6,1.56,4.59,1529.0,3.0,tertiary,0.1438,1
109.8,2.39,8.61,383.0,4.0,residential,0.2638,1
126.1,2.35,10.1,804.0,3.0,tertiary,0.1718,0
70.5,3.0,2.65,1090.0,7.0,residential,0.5335,0
135.5,2.05,10.05,155.0,4.0,residential,0.4978,1
33.3,1.39,2.98,1700.0,4.0,tertiary,0.3383,0
24.1,0.0,7.65,334.0,1.0,residential,0.0711,1
93.9,0.78,4.51,209.0,5.0,tertiary,0.6894,1
32.1,2.64,12.29,1400.0,0.0,tertiary,0.0107,0
17.7,1.51,4.53,1272.0,1.0,residential,0.0308,0
41.5,1.13,3.05,958.0,4.0,primary,0.2312,0
123.1,2.34,8.4,1.0,8.0,tertiary,0.7482,1
100.7,0.92,6.76,611.0,3.0,secondary,0.3622,0
208.6,2.96,3.49,169.0,4.0,tertiary,0.9011,1
105.6,0.9,9.58,159.0,4.0,secondary,0.2797,0
34.5,0.98,2.03,1691.0,5.0,secondary,0.6001,1
128.9,2.89,4.89,271.0,6.0,primary,0.6624,1
50.7,1.77,6.27,735.0,4.0,tertiary,0.2501,0
69.4,2.9,10.41,327.0,5.0,residential,0.317,1
51.5,1.65,11.89,300.0,2.0,residential,0.161,0
30.2,0.0,11.31,566.0,1.0,tertiary,0.0362,0
400.0,7.16,7.54,184.0,7.0,residential,0.9974,1
44.4,0.66,0.72,2361.0,6.0,residential,0.6344,1
15.3,1.11,9.17,330.0,5.0,residential,0.1329,0
139.7,2.56,12.41,1657.0,3.0,tertiary,0.0737,0
11.1,1.13,11.7,348.0,4.0,residential,0.0551,0
75.9,1.75,9.39,561.0,2.0,tertiary,0.0766,0
154.6,2.71,4.43,26.0,0.0,secondary,0.545,0
26.6,0.06,6.42,922.0,3.0,secondary,0.0921,0
85.9,3.9,13.8,1793.0,1.0,residential,0.0459,0
67.2,2.13,3.75,1591.0,3.0,tertiary,0.2291,0
43.8,1.37,4.56,772.0,3.0,tertiary,0.1152,0
209.1,4.78,10.83,124.0,2.0,tertiary,0.6239,1
66.7,0.74,6.71,777.0,7.0,tertiary,0.3904,1
137.7,3.15,4.45,318.0,7.0,residential,0.9544,1
163.8,2.32,12.58,374.0,0.0,trunk,0.0657,0
73.3,2.0,9.38,1796.0,2.0,residential,0.1562,0
35.1,1.56,6.85,893.0,3.0,secondary,0.1656,1
166.5,0.93,4.56,495.0,6.0,tertiary,0.5891,0
76.0,0.57,14.14,2949.0,1.0,residential,0.0134,0
82.4,3.06,7.93,173.0,1.0,secondary,0.0997,0
63.4,1.36,12.19,482.0,3.0,residential,0.1458,1
162.3,4.35,10.68,131.0,4.0,secondary,0.7188,1
31.3,2.22,6.44,1445.0,6.0,tertiary,0.3393,0
83.2,1.62,6.46,98.0,3.0,residential,0.328,0
35.9,0.98,12.34,1865.0,0.0,residential,0.0113,0
63.3,2.88,12.39,392.0,1.0,secondary,0.0242,0
177.6,4.61,2.37,73.0,4.0,residential,0.9793,1
176.1,2.68,9.65,173.0,4.0,primary,0.4744,0
71.1,2.88,7.64,929.0,2.0,secondary,0.1466,1
105.6,2.89,4.9,182.0,5.0,tertiary,0.787,1
104.1,3.01,8.79,352.0,1.0,residential,0.276,0
36.0,1.31,3.95,230.0,2.0,secondary,0.242,0
125.3,1.77,6.6,1341.0,4.0,primary,0.3945,1
39.5,0.43,5.6,731.0,3.0,residential,0.2587,0
60.3,0.48,6.5,1374.0,4.0,residential,0.2072,0
16.0,2.52,7.79,74.0,2.0,residential,0.2288,0
140.7,2.5,4.95,312.0,2.0,residential,0.6084,0
162.9,1.84,12.72,68.0,1.0,secondary,0.1103,0
108.4,2.9,9.48,435.0,4.0,tertiary,0.3082,0
86.2,1.45,13.38,276.0,2.0,tertiary,0.0796,0
57.7,0.97,7.52,8.0,6.0,residential,0.5275,1
143.2,4.17,6.35,189.0,3.0,residential,0.8347,1
242.9,2.65,13.28,212.0,3.0,residential,0.5049,1
44.4,1.52,6.27,739.0,7.0,primary,0.4706,1
72.5,1.2,7.47,23.0,5.0,tertiary,0.4923,1
34.1,0.61,10.16,3517.0,2.0,residential,0.0313,0
86.6,0.67,4.29,887.0,4.0,secondary,0.321,0
62.7,1.6,10.13,1051.0,5.0,residential,0.1248,0
76.6,1.02,9.75,230.0,6.0,residential,0.2309,0
144.5,3.01,11.81,466.0,2.0,residential,0.4685,0
173.4,2.84,10.67,2252.0,4.0,trunk,0.3024,0
29.4,0.9,11.9,633.0,6.0,secondary,0.1414,0
103.3,1.34,7.67,2898.0,7.0,tertiary,0.5497,0
209.5,4.46,5.41,99.0,4.0,residential,0.9371,1
120.0,2.83,14.33,5000.0,0.0,residential,0.0134,0
36.7,0.7,3.42,509.0,9.0,tertiary,0.7249,1
168.2,1.73,3.72,77.0,8.0,residential,0.9395,1
125.9,0.8,9.7,2047.0,4.0,primary,0.1902,0
117.4,3.12,12.87,202.0,0.0,secondary,0.0699,0
70.9,2.38,8.57,544.0,3.0,residential,0.2743,0
112.4,2.99,11.0,88.0,2.0,secondary,0.2308,0
400.0,5.5,2.01,463.0,8.0,trunk,0.993,1
13.2,1.6,6.5,86.0,7.0,tertiary,0.46,0
59.8,2.34,2.38,295.0,6.0,tertiary,0.7907,1
64.6,1.52,10.34,371.0,2.0,primary,0.0534,0
5.2,0.58,3.36,1384.0,4.0,residential,0.2254,0
304.5,3.67,4.17,307.0,6.0,primary,0.9631,1
34.1,1.55,9.54,296.0,4.0,residential,0.1153,0
32.2,1.63,11.19,554.0,1.0,tertiary,0.0121,0
20.3,0.72,7.52,103.0,4.0,secondary,0.1268,0
59.2,1.28,9.71,467.0,5.0,tertiary,0.2497,0
117.0,2.03,9.61,458.0,6.0,tertiary,0.38,1
81.7,2.41,7.35,890.0,4.0,tertiary,0.1604,0
38.7,0.17,4.72,90.0,3.0,residential,0.3337,0
112.5,1.27,9.69,215.0,0.0,residential,0.1767,1
82.4,0.92,9.84,1369.0,2.0,residential,0.0719,0
193.3,3.0,10.68,428.0,5.0,tertiary,0.4579,1
49.1,1.64,8.94,460.0,3.0,residential,0.1293,0
45.3,0.49,4.49,425.0,2.0,residential,0.2272,1
149.4,3.32,10.07,145.0,2.0,primary,0.2342,1
32.9,2.37,8.0,1397.0,2.0,residential,0.0388,0
19.7,1.37,6.55,1518.0,6.0,residential,0.4048,0
80.5,2.66,7.12,480.0,1.0,residential,0.2008,1
119.7,1.5,5.93,484.0,7.0,residential,0.8691,1
18.2,0.3,10.67,887.0,5.0,secondary,0.066,0
160.8,3.14,3.75,2196.0,4.0,residential,0.825,1
16.2,0.96,5.02,5000.0,5.0,residential,0.2644,0
51.3,0.7,7.01,137.0,7.0,trunk,0.2322,0
82.2,2.93,12.84,291.0,0.0,secondary,0.0272,0
205.9,3.51,11.16,347.0,4.0,secondary,0.7224,1
214.4,3.93,3.08,810.0,4.0,primary,0.7753,1
94.3,1.39,12.05,1113.0,0.0,primary,0.0353,0
58.7,2.85,12.05,573.0,3.0,residential,0.0698,0
61.7,1.42,4.48,83.0,7.0,tertiary,0.5591,0
285.0,5.03,0.44,308.0,5.0,tertiary,0.994,1
182.8,2.53,7.78,1274.0,3.0,residential,0.3741,1
109.0,2.24,11.37,1065.0,1.0,residential,0.0769,0
96.5,2.4,12.77,50.0,7.0,residential,0.5278,1
90.0,3.48,5.39,837.0,2.0,tertiary,0.2859,1
12.4,0.6,13.26,868.0,1.0,secondary,0.0192,0
2.7,0.99,1.32,2021.0,3.0,secondary,0.2478,0
69.1,2.1,6.9,3356.0,2.0,residential,0.1501,0
29.3,0.02,6.75,5.0,3.0,residential,0.1138,0
97.4,0.23,11.46,1013.0,4.0,tertiary,0.1406,0
92.0,1.11,11.89,804.0,2.0,tertiary,0.0676,0
19.2,1.8,10.86,7.0,2.0,primary,0.0353,0
98.8,3.36,3.95,220.0,1.0,primary,0.4776,1
103.0,1.3,10.59,689.0,1.0,primary,0.0362,0
100.9,1.04,9.53,1542.0,4.0,primary,0.1475,1
49.6,2.62,2.99,2599.0,3.0,trunk,0.0948,0
115.7,1.74,1.8,265.0,7.0,tertiary,0.9313,1
121.2,1.96,11.11,512.0,1.0,residential,0.0726,0
114.9,3.35,7.46,993.0,5.0,residential,0.5633,0
66.5,2.63,4.14,541.0,6.0,residential,0.8011,1
224.9,4.25,7.38,991.0,3.0,residential,0.6966,1
194.1,1.76,9.09,1244.0,2.0,residential,0.4534,0
86.4,0.83,7.75,1547.0,2.0,trunk,0.0384,0
45.8,2.25,3.34,994.0,3.0,residential,0.3301,0
41.3,1.55,13.66,924.0,0.0,trunk,0.0037,0
123.0,1.65,11.01,326.0,2.0,secondary,0.0807,0
25.2,0.83,6.99,226.0,3.0,tertiary,0.0632,0
129.4,3.24,7.11,1891.0,2.0,tertiary,0.2235,0
21.8,2.28,9.08,880.0,5.0,residential,0.2365,0
75.9,1.71,4.61,890.0,2.0,tertiary,0.3657,0
122.4,1.72,8.97,80.0,6.0,residential,0.5008,1
42.9,1.09,4.01,1024.0,7.0,primary,0.3778,0
158.7,3.78,7.79,1.0,4.0,residential,0.8116,1
60.3,2.58,4.49,308.0,3.0,residential,0.3573,0
81.5,1.93,4.65,350.0,3.0,secondary,0.32,0
9.8,0.49,12.94,1174.0,3.0,tertiary,0.0212,0
21.1,1.92,8.18,316.0,0.0,tertiary,0.0401,0
10.8,2.23,8.62,772.0,4.0,tertiary,0.0541,0
138.8,1.3,1.97,835.0,5.0,residential,0.8747,1
58.0,1.31,6.21,3224.0,1.0,tertiary,0.0984,0
169.8,3.76,9.38,1850.0,1.0,residential,0.2124,0
6.3,0.93,8.58,930.0,2.0,residential,0.0651,0
111.9,1.75,1.54,199.0,9.0,residential,0.9697,1
9.7,1.06,8.62,840.0,2.0,residential,0.0599,0
38.6,1.56,9.1,561.0,2.0,residential,0.0548,0
74.8,0.8,11.85,56.0,4.0,tertiary,0.2116,0
56.5,1.55,6.03,1126.0,2.0,residential,0.2106,0
100.9,2.31,1.27,299.0,4.0,residential,0.7193,1
49.3,1.0,5.01,626.0,6.0,tertiary,0.3439,0
68.4,1.0,4.71,1026.0,5.0,residential,0.7023,1
32.5,0.76,10.21,1669.0,4.0,tertiary,0.0673,0
127.1,1.55,0.0,806.0,6.0,primary,0.7606,1
89.0,2.55,6.65,2208.0,2.0,residential,0.1488,0
111.0,1.35,12.28,32.0,6.0,primary,0.2654,1
79.5,1.9,8.02,268.0,4.0,residential,0.2937,0
143.5,2.22,10.69,1373.0,7.0,residential,0.5113,1
50.1,0.84,3.07,735.0,6.0,secondary,0.7672,0
85.5,2.92,3.19,403.0,3.0,secondary,0.3122,0
400.0,5.5,12.31,366.0,8.0,secondary,0.9775,1
27.5,0.59,8.3,1135.0,3.0,residential,0.0969,0
176.3,2.3,8.31,204.0,5.0,secondary,0.4375,1
332.8,5.07,4.65,1896.0,3.0,residential,0.9311,1
119.0,2.89,8.3,409.0,4.0,residential,0.5746,1
3.7,1.86,4.56,67.0,5.0,residential,0.3219,0
28.8,1.01,11.56,953.0,4.0,trunk,0.0265,0
101.8,1.84,16.18,88.0,3.0,residential,0.0807,0
80.3,1.87,9.45,1247.0,3.0,secondary,0.1216,0
231.2,3.71,6.1,399.0,3.0,tertiary,0.9401,0
236.4,3.02,0.4,1229.0,4.0,secondary,0.8708,1
75.6,2.88,2.95,792.0,10.0,secondary,0.9058,1
80.1,1.78,12.66,340.0,5.0,primary,0.0892,0
52.8,1.86,4.91,712.0,3.0,residential,0.2599,0
114.9,2.52,6.89,1059.0,6.0,residential,0.5821,0
36.7,1.56,9.97,136.0,8.0,tertiary,0.4525,0
73.2,0.88,12.45,762.0,3.0,residential,0.0645,0
39.2,1.27,7.4,195.0,7.0,residential,0.5199,1
96.7,3.79,6.79,110.0,3.0,residential,0.6331,0
168.6,4.09,8.21,1410.0,1.0,residential,0.166,0
21.6,1.18,6.12,286.0,7.0,residential,0.589,0
69.4,1.34,6.28,2108.0,5.0,residential,0.4843,1
206.1,1.5,9.24,1057.0,5.0,primary,0.5509,0
248.8,3.39,8.56,119.0,2.0,residential,0.8522,1
53.2,1.38,14.39,461.0,0.0,trunk,0.0039,0
40.9,1.04,9.32,900.0,4.0,trunk,0.0349,0
1.9,0.62,11.45,1519.0,1.0,residential,0.0262,0
181.6,3.48,4.79,1374.0,4.0,secondary,0.4758,1
173.5,2.08,9.58,755.0,6.0,tertiary,0.4747,1
88.6,2.08,5.83,2113.0,4.0,tertiary,0.5734,0
357.3,5.0,9.19,365.0,1.0,residential,0.9105,1
80.3,1.06,10.07,320.0,4.0,residential,0.2031,1
185.5,4.37,8.15,411.0,4.0,residential,0.5295,0
55.8,2.07,15.22,1688.0,1.0,tertiary,0.0075,0
67.1,0.98,12.28,1625.0,2.0,trunk,0.0259,0
101.5,2.43,11.53,67.0,1.0,tertiary,0.0638,0
39.7,0.16,10.29,1583.0,2.0,secondary,0.0395,0
151.6,2.09,13.29,188.0,5.0,trunk,0.1037,0
91.1,2.96,3.69,347.0,3.0,tertiary,0.4802,1
13.1,1.24,12.11,23.0,4.0,residential,0.0389,0
188.6,3.28,5.03,212.0,4.0,primary,0.7914,1
36.7,2.03,6.31,202.0,3.0,residential,0.1428,0
40.1,1.77,9.68,563.0,2.0,residential,0.0714,0
66.7,1.39,11.7,397.0,0.0,tertiary,0.037,0
117.2,2.96,4.54,50.0,3.0,primary,0.6436,0
106.3,0.72,6.46,1712.0,4.0,residential,0.427,0
232.4,3.06,8.29,1460.0,3.0,tertiary,0.5423,1
102.4,1.95,7.44,1779.0,5.0,residential,0.3783,0
19.6,1.47,10.56,397.0,5.0,residential,0.1275,1
32.2,0.93,18.31,1217.0,0.0,residential,0.0037,0
17.8,0.0,9.26,130.0,3.0,secondary,0.0267,0
17.5,0.0,5.79,994.0,1.0,primary,0.0327,0
60.4,1.47,4.11,193.0,2.0,residential,0.5902,1
179.2,2.57,7.02,1396.0,6.0,residential,0.7727,1
90.7,1.16,5.18,1786.0,3.0,residential,0.4715,1
120.6,1.38,9.4,168.0,9.0,residential,0.7959,0
149.7,2.7,9.36,771.0,2.0,tertiary,0.1558,1
188.3,4.1,6.61,918.0,3.0,tertiary,0.516,1
44.0,1.44,13.95,241.0,4.0,tertiary,0.0231,0
170.8,3.9,5.79,542.0,2.0,residential,0.753,1
155.1,2.36,7.64,1749.0,3.0,tertiary,0.4227,0
58.4,1.86,9.92,942.0,6.0,residential,0.1762,0
41.5,2.38,10.68,586.0,3.0,residential,0.1264,1
72.4,1.54,11.83,918.0,2.0,primary,0.0386,0
227.9,3.56,9.29,2581.0,2.0,secondary,0.3021,0
186.0,2.73,11.15,54.0,0.0,primary,0.2196,1
57.9,1.97,6.0,139.0,3.0,primary,0.2786,0
174.4,3.62,10.75,1467.0,1.0,tertiary,0.1484,0
135.0,2.7,10.71,919.0,2.0,primary,0.0874,0
117.9,2.03,12.54,61.0,2.0,residential,0.1696,0
215.4,2.18,2.99,88.0,5.0,residential,0.9377,1
105.3,2.02,5.28,1239.0,4.0,residential,0.5723,1
86.4,1.68,10.47,571.0,5.0,residential,0.4641,1
10.4,1.11,0.05,1115.0,4.0,residential,0.3587,0
148.9,2.68,9.48,1854.0,3.0,residential,0.2536,1
38.4,2.52,11.18,393.0,5.0,secondary,0.0929,0
33.1,0.64,6.27,407.0,3.0,secondary,0.1558,0
88.7,0.6,6.71,205.0,4.0,tertiary,0.3592,1
32.4,0.27,4.78,1210.0,5.0,residential,0.36,0
111.8,1.63,6.44,15.0,3.0,secondary,0.3453,1
98.0,2.84,6.52,2476.0,3.0,residential,0.2261,1
91.6,0.86,5.95,70.0,5.0,residential,0.4484,0
72.5,0.74,5.79,1374.0,3.0,residential,0.1233,0
145.5,2.88,7.19,44.0,7.0,residential,0.946,1
112.2,2.83,7.15,91.0,2.0,residential,0.5718,1
110.7,0.89,13.62,345.0,2.0,secondary,0.0768,0
41.9,0.0,6.82,421.0,2.0,secondary,0.0644,0
77.8,1.1,9.03,557.0,2.0,tertiary,0.1213,0
41.3,1.82,6.27,837.0,2.0,residential,0.0991,0
76.9,1.84,6.23,933.0,2.0,secondary,0.1127,0
47.1,0.77,2.89,298.0,1.0,tertiary,0.4134,1
75.4,2.3,3.29,345.0,4.0,residential,0.582,0
77.8,1.83,4.38,109.0,5.0,tertiary,0.7455,1
75.4,1.62,8.55,777.0,2.0,tertiary,0.1173,1
147.8,1.28,11.23,155.0,3.0,residential,0.1464,0
123.2,1.66,2.64,681.0,6.0,residential,0.8154,1
25.3,2.67,6.35,2760.0,2.0,tertiary,0.1006,0
69.3,1.36,3.9,155.0,4.0,residential,0.6366,1
91.4,1.13,7.21,19.0,5.0,residential,0.2998,1
45.4,1.04,11.23,1913.0,1.0,residential,0.0183,0
98.1,2.07,6.66,279.0,6.0,trunk,0.4801,0
50.1,2.11,7.86,452.0,1.0,residential,0.0683,0
81.8,2.28,12.37,529.0,2.0,residential,0.1229,0
37.6,0.71,9.37,2357.0,2.0,residential,0.0562,0
75.1,2.72,5.72,1463.0,1.0,primary,0.1039,0
125.4,2.96,8.48,18.0,8.0,tertiary,0.9311,1
137.8,2.1,5.52,1261.0,2.0,primary,0.1371,0
83.0,1.69,9.26,967.0,6.0,residential,0.3886,0
294.0,4.81,9.55,493.0,2.0,residential,0.785,1
105.3,2.92,3.9,1545.0,4.0,tertiary,0.511,0
140.7,1.27,8.53,896.0,0.0,residential,0.1153,1
193.4,3.18,7.65,512.0,2.0,secondary,0.454,1
46.1,1.33,9.63,240.0,7.0,primary,0.062,0
124.6,1.84,10.49,437.0,2.0,tertiary,0.2342,0
97.3,1.51,9.43,1531.0,5.0,trunk,0.0711,0
127.8,3.18,7.09,3869.0,2.0,tertiary,0.389,0
162.6,3.18,10.8,284.0,4.0,residential,0.3932,1
39.7,2.96,5.38,521.0,3.0,tertiary,0.1765,0
286.0,3.78,4.04,1829.0,1.0,residential,0.8066,0
85.9,1.94,0.0,1650.0,1.0,secondary,0.3906,0
64.1,1.82,7.79,998.0,3.0,residential,0.2032,0
6.9,1.6,5.54,157.0,4.0,residential,0.3367,0
184.8,4.1,9.19,834.0,3.0,tertiary,0.3833,0
155.0,2.73,2.09,54.0,7.0,residential,0.9663,1
71.1,0.78,6.06,1523.0,3.0,residential,0.2891,0
13.9,0.4,9.41,329.0,7.0,tertiary,0.1457,0
88.6,1.98,4.91,478.0,3.0,residential,0.4411,1
22.6,1.97,9.23,1919.0,3.0,tertiary,0.0263,0
172.2,1.71,6.33,2200.0,2.0,residential,0.431,0
69.4,0.7,7.9,421.0,3.0,residential,0.1857,1
36.8,1.85,9.79,298.0,2.0,residential,0.0858,0
100.0,0.97,10.86,126.0,1.0,secondary,0.1303,1
110.9,1.23,8.28,910.0,1.0,trunk,0.1159,0
120.4,3.15,5.56,476.0,6.0,residential,0.8433,0
38.9,1.09,6.63,162.0,8.0,trunk,0.4974,0
161.7,2.5,9.91,378.0,4.0,tertiary,0.4407,1
70.7,2.74,4.94,1299.0,7.0,tertiary,0.6295,0
9.7,0.07,7.47,383.0,9.0,secondary,0.4093,1
77.2,0.72,6.84,1107.0,5.0,secondary,0.3342,0
76.5,3.02,7.69,483.0,4.0,secondary,0.2815,1
75.4,1.89,4.97,668.0,5.0,tertiary,0.5391,1
101.5,2.56,2.44,1332.0,4.0,tertiary,0.5836,1
246.2,3.51,9.56,782.0,3.0,residential,0.6522,0
79.0,1.66,10.89,106.0,5.0,residential,0.395,0
86.5,1.27,2.62,293.0,5.0,tertiary,0.5974,1
53.4,1.69,9.11,1116.0,5.0,residential,0.2108,0
78.9,2.41,11.25,181.0,2.0,residential,0.1412,0
122.3,2.42,9.79,461.0,4.0,residential,0.2389,0
124.3,3.14,6.75,50.0,2.0,residential,0.7617,1
203.4,3.77,5.17,879.0,6.0,tertiary,0.8012,1
12.8,0.11,8.24,1192.0,6.0,tertiary,0.292,0
149.8,2.48,8.74,542.0,6.0,residential,0.4755,1
134.7,2.06,8.29,387.0,2.0,residential,0.1706,0
19.6,1.64,7.46,111.0,2.0,residential,0.1219,0
200.5,3.58,4.75,1973.0,2.0,residential,0.6353,0
24.2,1.19,9.27,576.0,4.0,secondary,0.0976,0
124.7,3.11,9.41,1058.0,2.0,tertiary,0.2489,0
10.1,0.0,8.6,1363.0,1.0,tertiary,0.0205,0
36.5,0.76,8.33,578.0,6.0,tertiary,0.3205,0
127.3,1.91,13.04,478.0,1.0,trunk,0.0133,0
131.1,2.57,6.13,436.0,1.0,secondary,0.1824,0
73.2,2.12,11.84,1013.0,4.0,tertiary,0.0786,0
213.4,3.36,5.8,261.0,9.0,tertiary,0.9529,1
125.3,1.25,11.33,844.0,8.0,residential,0.5677,0
164.5,3.1,11.7,316.0,3.0,primary,0.1651,0
75.7,1.81,7.12,2256.0,3.0,residential,0.2872,1
31.8,0.01,12.98,596.0,2.0,residential,0.0346,0
31.4,0.94,9.41,1821.0,1.0,trunk,0.0116,0
63.2,1.86,5.37,802.0,7.0,secondary,0.474,0
38.0,2.58,6.88,23.0,5.0,residential,0.5491,0
35.7,0.36,11.4,1479.0,3.0,residential,0.0925,0
16.1,1.63,10.77,62.0,3.0,residential,0.0612,0
66.6,0.74,4.83,2374.0,5.0,tertiary,0.1624,1
15.7,0.0,7.58,444.0,8.0,residential,0.3277,0
65.5,0.62,8.61,3552.0,5.0,primary,0.085,0
11.5,1.42,6.48,934.0,5.0,primary,0.0644,0
60.6,1.63,15.07,375.0,4.0,tertiary,0.0458,0
122.2,2.01,8.7,1843.0,2.0,tertiary,0.0857,0
36.8,1.61,7.81,294.0,5.0,residential,0.3313,0
102.5,2.06,11.57,423.0,4.0,residential,0.1216,0
97.6,2.06,6.9,2.0,6.0,secondary,0.8956,1
46.6,1.12,11.02,100.0,9.0,residential,0.5953,0
14.9,0.16,3.0,961.0,4.0,residential,0.2451,0
150.4,3.96,6.64,56.0,4.0,residential,0.8184,1
46.3,2.48,11.15,1066.0,2.0,residential,0.0446,0
232.5,4.86,12.71,716.0,2.0,residential,0.4304,1
145.1,2.11,5.68,41.0,5.0,secondary,0.7145,1
128.1,1.79,5.33,2167.0,3.0,secondary,0.212,0
23.7,0.75,9.7,32.0,4.0,tertiary,0.0532,0
128.7,3.2,6.13,367.0,6.0,secondary,0.7208,1
177.7,2.93,7.19,1213.0,3.0,residential,0.3926,0
87.0,1.41,10.63,100.0,4.0,secondary,0.1921,1
103.7,2.34,6.37,586.0,7.0,tertiary,0.4103,0
122.8,1.68,2.1,921.0,6.0,residential,0.8618,0
191.7,2.02,4.1,114.0,6.0,primary,0.8579,1
110.8,2.23,8.03,342.0,6.0,residential,0.3926,0
120.0,1.83,2.41,52.0,5.0,residential,0.8882,1
99.9,1.99,7.11,82.0,2.0,residential,0.4254,0
237.2,1.5,3.82,12.0,5.0,residential,0.92,1
88.8,1.15,12.92,834.0,0.0,residential,0.0349,0
119.4,2.2,14.5,382.0,3.0,tertiary,0.0447,0
199.6,1.98,4.83,2.0,2.0,primary,0.3842,1
57.4,0.3,8.77,1048.0,0.0,residential,0.0404,0
266.7,4.03,5.12,492.0,6.0,tertiary,0.9313,1
52.7,1.99,7.07,772.0,1.0,residential,0.0587,0
37.3,0.53,13.41,117.0,0.0,secondary,0.0123,0
121.9,2.05,6.6,70.0,1.0,residential,0.4137,0
50.5,1.21,7.14,565.0,4.0,residential,0.4149,1
229.9,2.31,5.17,517.0,5.0,tertiary,0.8886,1
323.6,5.63,11.44,1518.0,5.0,tertiary,0.802,0
38.5,1.12,0.0,873.0,7.0,secondary,0.6417,0
35.3,1.09,6.67,270.0,3.0,tertiary,0.062,0
33.8,1.5,7.86,833.0,2.0,secondary,0.1526,0
9.7,0.0,6.02,40.0,4.0,residential,0.2072,0
49.3,2.13,10.59,1108.0,2.0,residential,0.1164,0
172.4,3.71,11.61,927.0,1.0,residential,0.0868,0
126.4,2.43,3.76,227.0,7.0,residential,0.9415,1
70.7,2.02,14.28,427.0,2.0,residential,0.0472,1
116.1,1.93,3.73,148.0,6.0,tertiary,0.8891,1
25.6,1.8,11.87,2097.0,3.0,residential,0.0519,0
88.5,1.2,8.45,175.0,7.0,tertiary,0.4881,0
101.2,1.99,6.49,472.0,6.0,tertiary,0.6124,1
96.6,1.98,6.77,796.0,3.0,tertiary,0.2246,1
47.9,1.34,7.9,7.0,5.0,tertiary,0.4249,0
46.4,2.21,8.63,585.0,4.0,residential,0.1394,0
134.9,4.17,5.24,873.0,6.0,residential,0.7022,1
128.9,2.26,7.3,3697.0,2.0,tertiary,0.1889,1
10.4,1.3,5.69,74.0,8.0,tertiary,0.6517,0
10.1,0.28,4.35,198.0,2.0,residential,0.1497,0
307.2,5.31,5.55,234.0,3.0,residential,0.9682,1
103.6,1.63,4.55,1786.0,4.0,tertiary,0.5643,1
96.8,4.48,6.74,668.0,3.0,tertiary,0.4179,0
39.9,0.0,9.3,147.0,1.0,residential,0.0347,0
63.9,3.29,8.36,947.0,5.0,residential,0.1943,1
51.4,2.21,13.92,36.0,4.0,primary,0.0618,0
173.3,1.98,1.37,235.0,4.0,residential,0.8708,1
167.8,4.67,9.41,739.0,2.0,primary,0.1496,0
104.9,1.32,8.02,1234.0,3.0,residential,0.2973,0
93.2,1.67,10.45,1253.0,1.0,tertiary,0.0907,0
118.6,1.19,10.15,1062.0,1.0,residential,0.0898,0
92.2,1.79,7.51,1044.0,2.0,residential,0.175,0
135.0,2.38,8.52,1236.0,0.0,primary,0.0444,0
212.3,4.01,5.77,112.0,1.0,tertiary,0.7085,1
79.1,3.7,9.84,1416.0,2.0,trunk,0.0577,0
40.5,0.88,2.36,612.0,2.0,residential,0.1827,0
93.9,0.0,10.33,708.0,1.0,primary,0.0238,0
53.3,1.96,7.93,584.0,1.0,primary,0.0361,0
31.3,0.74,6.54,209.0,2.0,tertiary,0.1324,0
192.5,4.56,7.3,521.0,2.0,residential,0.5917,1
90.1,1.85,7.52,254.0,8.0,tertiary,0.6291,0
63.5,0.95,11.89,67.0,2.0,tertiary,0.1023,0
100.6,1.2,17.7,512.0,2.0,primary,0.0226,0
56.8,1.98,11.66,704.0,3.0,residential,0.0893,0
196.5,2.94,6.3,3.0,10.0,residential,0.9874,1
305.0,5.63,9.89,651.0,3.0,residential,0.7736,1
59.4,1.34,10.02,157.0,7.0,tertiary,0.3518,1
76.2,2.85,5.22,280.0,3.0,trunk,0.175,0
110.6,1.02,4.22,697.0,4.0,residential,0.6696,1
28.2,0.0,7.81,553.0,2.0,secondary,0.0483,0
12.1,1.61,10.42,546.0,2.0,primary,0.0162,0
181.7,2.61,3.16,2020.0,6.0,residential,0.8518,1
62.3,1.34,5.84,1430.0,4.0,residential,0.3738,0
58.0,0.69,9.72,841.0,4.0,tertiary,0.1006,0
116.1,1.32,8.13,1398.0,2.0,tertiary,0.1103,1
40.4,1.79,12.25,94.0,3.0,residential,0.0337,0
57.0,1.47,3.77,1445.0,6.0,secondary,0.4621,0
28.7,0.3,15.06,478.0,2.0,tertiary,0.0138,0
14.9,1.61,3.39,714.0,4.0,primary,0.1679,0
56.3,2.42,1.91,592.0,2.0,primary,0.1988,0
40.0,1.19,7.82,899.0,0.0,secondary,0.0193,0
35.5,2.03,4.6,497.0,5.0,tertiary,0.3664,0
86.1,1.03,7.88,627.0,4.0,residential,0.1777,0
145.5,3.01,7.78,538.0,4.0,tertiary,0.3554,1
147.4,2.7,7.41,2910.0,2.0,residential,0.228,0
143.2,1.89,5.47,200.0,8.0,tertiary,0.952,1
45.4,2.99,9.3,411.0,5.0,residential,0.5648,0
79.8,1.94,7.05,676.0,3.0,tertiary,0.3341,0
54.3,0.98,11.31,591.0,6.0,residential,0.2335,0
45.9,1.37,7.46,162.0,5.0,residential,0.1695,0
48.4,0.68,5.11,851.0,5.0,residential,0.7028,1
32.9,0.27,2.94,391.0,4.0,tertiary,0.3833,1
101.5,1.66,7.48,32.0,3.0,secondary,0.2146,0
175.2,2.6,4.19,760.0,4.0,residential,0.9248,1
53.3,0.8,3.95,1180.0,5.0,primary,0.2877,0
48.6,2.38,9.58,103.0,6.0,primary,0.3708,0
11.7,0.33,2.67,51.0,5.0,residential,0.4085,1
128.0,1.59,12.24,553.0,5.0,tertiary,0.269,0
8.8,0.0,8.48,20.0,4.0,residential,0.1335,0
89.2,0.84,7.87,954.0,5.0,residential,0.4384,0
42.1,2.13,4.9,1070.0,1.0,tertiary,0.1995,0
68.2,1.83,10.29,697.0,2.0,residential,0.0888,0
93.0,2.47,7.99,672.0,6.0,primary,0.3492,0
88.9,2.68,5.94,12.0,4.0,primary,0.5246,0
160.9,2.46,8.6,1906.0,2.0,secondary,0.1181,0
9.4,2.09,2.95,145.0,6.0,tertiary,0.5207,1
147.8,2.07,3.09,691.0,4.0,tertiary,0.6753,1
96.0,1.07,4.64,3518.0,8.0,trunk,0.7157,1
172.5,3.17,9.05,397.0,2.0,residential,0.4825,1
84.6,1.93,7.99,331.0,6.0,residential,0.5048,0
21.9,1.18,11.15,1044.0,2.0,tertiary,0.0247,0
75.7,2.52,5.24,228.0,2.0,residential,0.2676,1
125.3,2.39,9.72,379.0,4.0,residential,0.2768,1
141.3,2.75,7.66,261.0,1.0,residential,0.3786,0
77.7,2.82,5.17,1380.0,5.0,tertiary,0.4237,0
70.6,1.86,9.16,824.0,1.0,residential,0.1086,0
94.8,2.33,7.8,463.0,3.0,residential,0.2762,0
157.5,1.56,6.11,5000.0,2.0,residential,0.4367,1
57.3,4.46,8.13,721.0,2.0,residential,0.0811,0
111.1,0.86,7.61,150.0,5.0,primary,0.2238,1
251.4,3.39,7.54,1042.0,4.0,residential,0.7851,1
362.0,4.69,6.76,2167.0,5.0,tertiary,0.9337,1
156.9,4.37,4.09,916.0,3.0,secondary,0.6602,1
69.0,1.15,8.22,792.0,2.0,residential,0.196,0
28.2,1.49,5.59,347.0,8.0,secondary,0.6815,1
106.9,1.63,4.94,252.0,6.0,tertiary,0.8434,1
215.3,2.55,7.28,1445.0,4.0,tertiary,0.7945,1
77.9,2.19,10.2,240.0,6.0,residential,0.366,0
169.4,2.26,8.56,0.0,5.0,residential,0.9194,1
160.4,2.89,6.41,290.0,4.0,trunk,0.8259,1
84.4,2.31,6.29,100.0,4.0,secondary,0.3169,0
150.7,4.13,9.91,889.0,5.0,primary,0.2443,1
31.2,0.17,0.81,258.0,2.0,primary,0.2327,0
71.8,1.54,10.39,601.0,3.0,residential,0.1283,0
115.9,2.1,2.38,73.0,6.0,secondary,0.7412,0
82.9,1.8,3.75,2415.0,7.0,tertiary,0.5595,0
34.2,3.27,6.46,1023.0,3.0,secondary,0.1402,0
150.8,2.47,14.51,885.0,2.0,residential,0.0694,0
114.8,0.16,13.03,1433.0,0.0,residential,0.0405,0
95.5,1.79,10.12,13.0,5.0,secondary,0.5749,0
193.9,3.03,9.07,3135.0,0.0,secondary,0.0718,0
152.9,2.44,2.41,267.0,6.0,tertiary,0.97,1
5.7,0.29,8.47,1800.0,4.0,residential,0.2135,1
96.7,0.9,6.35,528.0,4.0,residential,0.2112,0
94.5,3.66,5.55,381.0,2.0,trunk,0.1531,0
64.1,1.82,8.46,917.0,3.0,residential,0.1258,1
9.5,0.76,6.59,1960.0,2.0,residential,0.0521,0
43.9,3.03,10.61,1011.0,4.0,tertiary,0.1178,1
6.9,0.19,2.19,257.0,7.0,residential,0.6824,0
309.0,4.99,8.23,181.0,4.0,tertiary,0.962,1
83.2,0.8,5.36,369.0,5.0,residential,0.5508,1
120.3,2.84,6.77,920.0,3.0,secondary,0.2655,0
33.7,0.3,8.91,552.0,5.0,primary,0.107,0
10.9,1.31,4.65,937.0,8.0,primary,0.6307,1
60.5,3.09,8.49,1663.0,1.0,tertiary,0.0184,0
53.8,1.52,7.36,85.0,3.0,residential,0.2629,0
100.5,0.25,6.02,556.0,8.0,secondary,0.6854,0
62.7,1.58,6.59,890.0,1.0,secondary,0.0796,0
353.6,5.43,7.54,276.0,4.0,tertiary,0.9789,1
174.6,3.62,5.7,3324.0,5.0,tertiary,0.7726,1
227.5,4.71,8.02,890.0,7.0,secondary,0.7946,0
83.6,3.02,7.17,252.0,5.0,tertiary,0.7807,1
99.1,1.88,6.17,158.0,7.0,secondary,0.5275,1
213.7,2.84,12.77,2758.0,2.0,residential,0.2294,1
58.8,0.61,9.25,978.0,4.0,tertiary,0.123,0
115.9,1.76,6.85,386.0,3.0,tertiary,0.3787,0
62.7,1.93,8.44,368.0,1.0,residential,0.1523,0
120.6,1.17,4.92,36.0,5.0,primary,0.4893,1
24.8,0.36,6.69,1309.0,2.0,tertiary,0.1291,0
51.6,1.87,7.04,515.0,6.0,residential,0.6713,0
100.6,1.49,4.26,1168.0,5.0,secondary,0.4569,0
109.6,2.41,9.16,380.0,1.0,secondary,0.0941,0
140.9,1.84,6.48,490.0,3.0,secondary,0.533,1
29.7,1.39,6.93,353.0,5.0,residential,0.4111,0
97.7,1.36,6.29,30.0,4.0,primary,0.2009,1
18.1,0.0,16.88,93.0,4.0,residential,0.0193,0
65.6,2.35,6.01,193.0,3.0,tertiary,0.4507,1
85.7,1.27,1.79,576.0,6.0,residential,0.7813,1
76.1,1.51,3.2,1399.0,4.0,tertiary,0.6259,0
247.1,3.21,10.28,344.0,2.0,secondary,0.3061,0
86.3,2.27,12.01,90.0,4.0,tertiary,0.0833,0
127.1,2.59,5.95,408.0,5.0,tertiary,0.7593,1
100.9,2.44,11.84,3.0,4.0,secondary,0.1947,1
82.1,1.35,10.22,244.0,5.0,tertiary,0.2344,0
120.6,2.21,7.43,152.0,3.0,residential,0.3473,1
94.3,2.27,7.22,1574.0,0.0,trunk,0.0634,0
88.3,3.1,8.54,926.0,2.0,secondary,0.1258,0
70.5,1.89,10.63,2.0,4.0,trunk,0.1253,0
58.8,0.7,9.19,232.0,4.0,trunk,0.0445,0
52.3,1.64,5.97,167.0,2.0,primary,0.1303,0
88.5,1.73,7.48,142.0,1.0,secondary,0.1716,0
83.8,0.21,13.94,185.0,1.0,tertiary,0.016,0
209.4,1.84,8.75,164.0,1.0,residential,0.3901,0
22.2,1.01,10.61,1589.0,0.0,tertiary,0.0154,0
260.0,3.93,9.62,298.0,2.0,secondary,0.7196,0
30.5,0.93,8.82,431.0,1.0,tertiary,0.0541,0
81.4,2.48,8.33,23.0,7.0,primary,0.7189,1
110.4,1.38,10.69,999.0,1.0,residential,0.0731,0
37.1,0.14,10.16,1000.0,2.0,residential,0.0775,0
29.8,0.5,8.79,204.0,1.0,tertiary,0.0243,0
74.5,1.21,5.92,1559.0,5.0,residential,0.4484,0
129.4,2.31,9.16,32.0,4.0,residential,0.605,1
154.4,2.01,7.8,1058.0,5.0,residential,0.7965,1
25.8,0.0,7.08,1662.0,5.0,secondary,0.1146,0
72.1,0.0,16.04,1365.0,2.0,tertiary,0.0078,0
15.1,1.08,3.38,1376.0,2.0,residential,0.1288,0
37.9,0.35,10.88,3165.0,2.0,residential,0.0299,0
184.4,1.41,5.41,602.0,5.0,tertiary,0.7768,1
105.9,2.57,8.39,340.0,4.0,residential,0.2807,0
40.9,2.53,15.71,220.0,2.0,secondary,0.0249,0
172.7,2.8,5.11,32.0,8.0,secondary,0.955,1
46.2,1.57,5.83,420.0,3.0,residential,0.3491,0
80.0,1.98,7.95,4.0,1.0,tertiary,0.2524,1
11.8,0.0,5.46,843.0,1.0,residential,0.1132,0
41.0,2.0,10.65,688.0,4.0,residential,0.1362,1
98.9,2.98,6.4,1142.0,2.0,primary,0.2207,1
95.5,3.42,9.96,216.0,5.0,tertiary,0.2847,0
58.7,1.15,4.01,1432.0,7.0,primary,0.3015,0
74.0,0.78,2.58,307.0,2.0,residential,0.3929,0
136.3,3.52,7.31,3541.0,1.0,residential,0.198,0
69.5,2.03,3.29,930.0,5.0,tertiary,0.4069,1
110.6,2.83,12.55,21.0,3.0,tertiary,0.3119,1
51.0,0.89,3.41,32.0,7.0,trunk,0.3821,0
79.2,1.97,4.89,225.0,3.0,residential,0.4338,0
10.8,0.09,9.24,111.0,7.0,primary,0.119,0
54.3,1.45,6.24,193.0,4.0,primary,0.2725,0
86.2,1.56,3.44,228.0,7.0,tertiary,0.7528,1
75.7,3.58,14.12,1528.0,2.0,residential,0.0562,0
51.0,1.85,5.0,47.0,8.0,tertiary,0.8938,1
33.9,0.0,7.41,703.0,4.0,residential,0.2938,0
88.3,1.86,7.37,1240.0,4.0,secondary,0.4028,0
73.7,1.98,10.13,64.0,6.0,tertiary,0.5358,1
102.8,1.65,9.39,48.0,4.0,primary,0.2935,0
44.9,0.46,5.52,1002.0,3.0,tertiary,0.1266,0
121.9,2.79,7.02,411.0,7.0,tertiary,0.6791,0
29.2,0.38,7.32,715.0,3.0,secondary,0.1296,0
19.9,1.5,10.25,975.0,4.0,tertiary,0.0294,0
185.5,2.19,4.5,103.0,4.0,primary,0.8633,1
30.9,0.74,14.05,431.0,5.0,residential,0.0422,0
88.9,2.63,5.72,1957.0,3.0,trunk,0.1139,0
63.7,1.96,7.97,326.0,2.0,secondary,0.1706,0
188.5,3.09,4.52,1816.0,5.0,primary,0.6828,1
125.2,2.28,4.11,497.0,3.0,tertiary,0.4952,1
20.5,1.12,5.38,191.0,6.0,secondary,0.2624,0
226.5,2.88,5.09,4440.0,4.0,residential,0.6213,1
156.5,1.47,6.76,905.0,2.0,secondary,0.113,1
57.6,1.95,5.06,3984.0,1.0,residential,0.2512,0
28.9,2.37,10.09,1147.0,2.0,residential,0.0451,0
93.5,2.41,5.65,23.0,1.0,residential,0.3272,0
97.4,2.17,5.32,276.0,8.0,residential,0.8911,1
13.0,0.0,6.82,275.0,6.0,residential,0.1918,1
88.7,2.57,10.98,614.0,3.0,secondary,0.0693,1
147.9,2.96,8.64,933.0,3.0,residential,0.4776,0
85.2,2.43,7.7,1045.0,3.0,secondary,0.2113,1
75.1,2.53,3.7,483.0,1.0,residential,0.3424,1
68.3,2.89,4.57,1778.0,7.0,secondary,0.4739,0
40.4,0.39,4.16,352.0,3.0,secondary,0.2172,0
168.7,1.79,11.92,169.0,3.0,residential,0.3746,0
60.3,1.64,9.59,3221.0,2.0,secondary,0.055,0
93.5,1.18,5.42,532.0,3.0,primary,0.3428,0
23.9,0.21,6.31,517.0,4.0,secondary,0.0871,0
73.1,2.65,5.52,25.0,2.0,residential,0.4637,1
114.4,1.37,5.34,1248.0,2.0,tertiary,0.3269,0
59.1,1.5,9.38,608.0,2.0,secondary,0.0485,0
60.5,0.22,7.14,330.0,3.0,residential,0.2556,1
79.0,1.8,14.24,4472.0,0.0,secondary,0.0191,0
111.2,3.08,11.75,724.0,2.0,residential,0.1115,0
88.2,2.83,11.93,414.0,4.0,secondary,0.1609,0
282.2,5.02,10.01,1416.0,2.0,residential,0.5103,1
185.6,2.96,6.73,2145.0,2.0,residential,0.3823,1
50.3,2.29,9.79,104.0,4.0,trunk,0.2178,0
162.4,3.09,6.95,3639.0,3.0,primary,0.1891,0
12.8,0.6,12.89,3320.0,0.0,primary,0.007,0
63.4,1.87,9.21,2133.0,6.0,trunk,0.1021,0
18.9,1.73,8.79,116.0,3.0,residential,0.1009,0
120.1,1.18,8.38,552.0,1.0,residential,0.2341,1
59.1,0.66,13.22,508.0,5.0,residential,0.1229,1
27.3,1.01,3.7,251.0,5.0,tertiary,0.3459,0
137.9,1.48,13.51,205.0,1.0,residential,0.0746,0
31.0,0.18,7.44,78.0,4.0,primary,0.0859,0
128.8,2.01,3.78,434.0,2.0,residential,0.57,0
95.6,2.74,5.74,391.0,4.0,residential,0.4891,0
68.1,2.4,3.05,349.0,6.0,residential,0.8888,1
150.8,2.87,9.96,5000.0,2.0,residential,0.1057,0
36.6,1.38,4.89,431.0,4.0,residential,0.195,1
15.2,2.65,8.51,1027.0,5.0,tertiary,0.134,0
29.2,0.72,11.4,767.0,1.0,residential,0.0094,0
279.8,4.35,5.98,299.0,1.0,tertiary,0.7924,1
40.9,0.82,7.2,2077.0,2.0,primary,0.0385,0
56.5,0.45,4.09,25.0,3.0,tertiary,0.299,0
213.9,4.31,6.83,593.0,1.0,tertiary,0.5085,1
56.6,1.23,15.72,905.0,0.0,residential,0.0097,0
122.5,2.83,10.33,1909.0,3.0,residential,0.1172,0
230.2,3.37,7.21,296.0,1.0,residential,0.6331,1
108.8,3.1,6.16,865.0,1.0,trunk,0.1427,1
77.5,0.93,7.87,2087.0,2.0,tertiary,0.0368,0
141.0,3.42,8.39,23.0,2.0,residential,0.669,1
8.3,1.61,6.74,2287.0,3.0,tertiary,0.0323,0
56.0,0.04,9.59,47.0,8.0,secondary,0.2886,0
187.7,2.64,5.14,107.0,10.0,tertiary,0.9837,1
41.3,2.11,5.12,2765.0,2.0,tertiary,0.151,1
87.9,3.16,9.11,194.0,5.0,primary,0.2886,1
123.5,2.85,4.49,1162.0,4.0,tertiary,0.56,0
62.1,1.23,10.19,2829.0,3.0,tertiary,0.0465,0
124.7,1.52,7.96,1826.0,3.0,residential,0.4181,1
96.1,2.41,2.52,113.0,4.0,residential,0.8576,1
400.0,5.26,8.33,81.0,4.0,trunk,0.9734,1
142.9,2.21,2.94,322.0,4.0,tertiary,0.8704,1
96.2,1.77,10.08,599.0,1.0,residential,0.0976,0
10.8,1.64,7.25,462.0,3.0,tertiary,0.0665,0
44.3,2.78,13.55,1142.0,0.0,residential,0.0237,0
31.6,2.0,11.21,3184.0,1.0,secondary,0.0373,0
210.0,3.33,4.82,1043.0,4.0,residential,0.7712,1
28.0,0.42,1.94,1517.0,3.0,secondary,0.2881,0
61.3,2.07,5.73,1.0,9.0,tertiary,0.8558,1
104.6,3.39,4.34,1806.0,5.0,residential,0.6594,0
51.4,2.22,13.48,608.0,0.0,residential,0.0268,1
58.6,1.67,7.97,649.0,5.0,secondary,0.311,1
96.2,1.56,10.8,187.0,3.0,residential,0.081,0
41.3,1.57,7.14,2663.0,3.0,residential,0.1095,0
87.6,2.77,7.46,1700.0,5.0,secondary,0.3703,0
137.8,2.64,7.9,665.0,6.0,residential,0.5531,0
46.9,1.28,11.32,1177.0,3.0,residential,0.0707,0
30.5,0.62,8.93,1301.0,0.0,residential,0.0198,0
240.9,5.76,4.83,131.0,3.0,primary,0.9612,1
243.2,3.01,12.87,1339.0,1.0,residential,0.1953,0
75.0,0.91,7.12,1124.0,4.0,residential,0.3261,0
85.6,1.96,6.63,481.0,6.0,residential,0.6174,1
85.0,1.66,0.0,837.0,4.0,residential,0.5717,0
55.5,2.28,9.9,1.0,6.0,residential,0.7293,0
73.5,2.53,8.3,2296.0,4.0,residential,0.1157,0
11.1,0.0,8.3,58.0,8.0,residential,0.6226,0
22.2,0.46,6.79,851.0,7.0,residential,0.1658,1
58.9,0.81,6.27,1855.0,4.0,primary,0.1523,0
47.3,2.0,6.89,1069.0,4.0,residential,0.1268,0
25.6,1.45,9.39,1219.0,3.0,residential,0.1528,0
73.3,1.38,9.92,104.0,9.0,primary,0.3452,1
127.3,2.5,7.31,1972.0,2.0,primary,0.0817,0
41.3,0.4,10.85,924.0,1.0,tertiary,0.0262,0
96.2,1.36,7.76,373.0,1.0,residential,0.2757,0
60.2,0.48,6.49,1161.0,4.0,residential,0.3876,0
142.6,2.63,8.6,57.0,9.0,residential,0.908,1
20.3,1.16,3.92,1239.0,6.0,residential,0.4149,0
29.2,0.36,8.7,354.0,3.0,residential,0.1176,0
57.3,1.83,3.37,8.0,10.0,tertiary,0.9244,1
35.3,2.07,4.92,647.0,1.0,residential,0.1541,0
173.7,2.06,1.94,812.0,5.0,tertiary,0.8457,1
21.6,0.8,7.47,620.0,3.0,residential,0.1509,1
55.7,1.88,12.83,35.0,2.0,residential,0.0953,1
277.3,4.12,7.65,1107.0,4.0,secondary,0.861,1
19.9,0.0,9.93,214.0,5.0,primary,0.0426,0
79.0,1.4,15.06,586.0,3.0,residential,0.0307,0
61.1,1.15,9.21,491.0,4.0,tertiary,0.1445,0
106.9,1.95,5.7,753.0,3.0,residential,0.3643,0
99.1,1.89,6.12,261.0,4.0,residential,0.6241,1
94.4,3.19,8.0,22.0,5.0,secondary,0.5077,0
149.5,2.43,6.1,226.0,0.0,residential,0.538,1
146.8,1.19,6.33,151.0,5.0,residential,0.6615,0
46.8,1.43,10.96,1037.0,1.0,tertiary,0.0503,0
45.3,2.74,11.08,1083.0,1.0,residential,0.1153,0
123.3,2.15,3.06,232.0,4.0,residential,0.8544,1
88.1,1.51,5.55,630.0,4.0,residential,0.5045,1
100.7,1.76,6.61,770.0,3.0,trunk,0.2447,0
79.9,2.23,9.8,635.0,7.0,tertiary,0.3445,1
52.6,1.18,11.43,3240.0,4.0,residential,0.0916,0
118.8,1.01,16.11,1012.0,1.0,residential,0.0161,0
39.6,0.74,6.6,2856.0,1.0,tertiary,0.0508,0
281.3,4.12,6.75,539.0,5.0,residential,0.9407,1
263.4,4.39,9.77,37.0,3.0,tertiary,0.9054,1
324.3,4.22,5.95,401.0,8.0,secondary,0.9886,1
92.5,1.67,7.58,584.0,2.0,residential,0.209,0
58.4,1.54,6.75,2314.0,4.0,residential,0.2106,0
202.1,2.6,0.14,883.0,5.0,residential,0.9626,1
81.4,1.7,8.37,559.0,2.0,residential,0.1172,0
142.4,2.88,7.45,1258.0,1.0,residential,0.2404,1
141.7,1.55,11.81,277.0,1.0,primary,0.1054,0
40.6,1.53,8.02,356.0,3.0,residential,0.2144,0
116.8,1.33,4.24,158.0,6.0,tertiary,0.7615,1
137.4,1.59,7.23,311.0,0.0,tertiary,0.0842,0
74.0,1.16,1.73,158.0,2.0,residential,0.4624,1
21.9,2.16,4.37,370.0,6.0,residential,0.7857,1
205.3,1.89,9.91,436.0,2.0,residential,0.3541,0
277.2,3.75,7.26,1153.0,3.0,tertiary,0.724,1
85.4,1.8,10.77,2780.0,5.0,residential,0.1933,0
62.9,2.49,2.1,455.0,6.0,secondary,0.7492,1
18.1,2.58,7.27,1895.0,2.0,primary,0.0294,0
89.0,1.53,6.57,2180.0,3.0,secondary,0.243,1
55.1,1.89,10.87,94.0,3.0,trunk,0.0802,0
18.0,0.94,10.02,1821.0,8.0,secondary,0.0882,0
150.9,2.53,9.93,35.0,3.0,primary,0.1308,0
121.3,2.47,12.62,315.0,2.0,secondary,0.0728,0
49.2,0.12,6.9,550.0,2.0,secondary,0.0467,0
242.1,3.67,12.01,9.0,5.0,secondary,0.8567,1
76.6,2.08,4.87,882.0,5.0,primary,0.3019,0
86.6,1.15,4.76,288.0,2.0,tertiary,0.3408,0
68.4,1.99,10.26,587.0,1.0,tertiary,0.0682,0
165.6,1.4,3.49,621.0,6.0,tertiary,0.7569,0
118.2,2.29,9.72,160.0,9.0,primary,0.6393,0
10.9,2.0,8.3,429.0,4.0,residential,0.1242,0
81.0,1.6,11.22,235.0,4.0,secondary,0.1953,0
140.8,1.71,7.82,2962.0,4.0,secondary,0.2787,0
18.1,0.0,8.17,319.0,3.0,trunk,0.066,0
139.8,2.79,9.53,398.0,4.0,residential,0.6084,1
120.2,2.98,6.01,820.0,2.0,secondary,0.2478,1
34.4,1.17,5.88,559.0,3.0,secondary,0.1097,0
66.6,1.23,9.42,1139.0,2.0,primary,0.0286,0
25.1,0.0,7.91,318.0,4.0,primary,0.0978,0
49.8,1.5,6.78,2186.0,5.0,tertiary,0.2339,0
65.7,1.04,7.75,1442.0,2.0,tertiary,0.0703,0
128.0,1.83,12.78,1247.0,1.0,residential,0.0848,0
146.5,3.85,6.67,1001.0,4.0,trunk,0.4339,0
95.4,0.5,6.58,395.0,5.0,residential,0.3317,0
63.4,0.23,2.88,87.0,5.0,secondary,0.5192,0
136.7,2.63,7.87,46.0,4.0,secondary,0.6648,1
86.8,1.53,9.97,563.0,0.0,residential,0.1272,0
103.4,1.63,10.51,559.0,5.0,residential,0.2637,0
151.6,2.84,8.32,587.0,4.0,residential,0.5051,1
130.9,2.58,10.87,1405.0,3.0,primary,0.1213,0
102.9,1.26,10.19,1058.0,5.0,tertiary,0.3438,0
118.1,1.74,11.34,222.0,5.0,residential,0.3889,1
49.0,1.43,10.95,1028.0,2.0,secondary,0.0378,0
43.5,1.46,12.71,816.0,0.0,residential,0.0124,0
274.6,4.48,7.49,436.0,2.0,primary,0.6665,1
41.5,0.83,4.02,436.0,2.0,residential,0.2158,1
152.7,2.91,9.99,452.0,2.0,residential,0.3621,1
62.7,2.31,10.34,3.0,8.0,residential,0.7017,1
127.3,2.37,12.71,1015.0,2.0,tertiary,0.051,0
9.6,0.83,11.84,1681.0,0.0,tertiary,0.0147,0
23.2,0.89,13.84,237.0,1.0,secondary,0.0098,0
158.9,2.21,9.86,1590.0,4.0,tertiary,0.272,0
16.1,0.24,8.69,462.0,3.0,residential,0.1099,0
49.6,1.16,3.85,4532.0,5.0,residential,0.5573,0
208.3,3.66,8.92,524.0,5.0,residential,0.7855,1
146.6,1.85,6.34,3234.0,9.0,primary,0.8766,1
60.0,1.46,8.63,1478.0,2.0,residential,0.0379,0
41.6,1.15,8.16,129.0,3.0,trunk,0.117,0
230.1,4.98,9.42,483.0,1.0,residential,0.426,1
44.9,1.92,7.71,818.0,3.0,residential,0.1491,0
100.1,2.57,10.81,2365.0,1.0,residential,0.0615,0
196.2,3.89,0.0,316.0,6.0,residential,0.9814,1
113.1,1.72,8.57,478.0,4.0,secondary,0.1866,1
196.5,4.26,11.61,994.0,3.0,tertiary,0.1615,0
58.0,1.62,13.61,50.0,2.0,residential,0.0228,0
31.4,1.14,10.2,1761.0,2.0,tertiary,0.0338,0
131.1,1.4,13.05,571.0,3.0,tertiary,0.1069,0
181.7,2.66,8.51,65.0,3.0,primary,0.596,1
118.3,0.81,8.01,194.0,3.0,trunk,0.2411,0
36.6,1.04,9.59,2207.0,5.0,tertiary,0.1713,1
355.0,4.6,7.99,239.0,1.0,secondary,0.9358,1
25.1,0.78,5.65,785.0,5.0,secondary,0.1457,0
92.4,0.8,6.45,218.0,1.0,tertiary,0.2473,1
195.6,3.71,4.66,792.0,3.0,secondary,0.6987,1
85.8,2.3,9.59,439.0,1.0,residential,0.0609,0
132.6,3.74,8.03,607.0,2.0,secondary,0.362,1
14.8,2.31,6.92,1457.0,5.0,trunk,0.0647,0
128.8,2.47,6.3,2145.0,0.0,residential,0.1068,0
34.7,2.03,9.52,311.0,3.0,secondary,0.1772,0
93.6,2.13,10.34,36.0,2.0,primary,0.1363,0
24.4,0.75,4.61,1362.0,6.0,residential,0.2995,0
137.8,2.23,4.14,2557.0,4.0,tertiary,0.4906,0
116.9,2.71,10.86,715.0,0.0,primary,0.0617,0
92.7,5.18,3.87,351.0,4.0,trunk,0.4654,1
162.1,3.68,9.64,1082.0,5.0,residential,0.4625,0
125.6,2.5,12.85,863.0,1.0,residential,0.0586,0
23.6,1.47,12.86,116.0,2.0,tertiary,0.1166,0
158.9,3.09,10.21,370.0,3.0,residential,0.2475,0
127.0,2.25,10.13,879.0,2.0,residential,0.0833,0
41.5,1.9,14.76,1151.0,1.0,residential,0.0098,0
82.9,1.67,1.0,1375.0,2.0,residential,0.3984,0
56.0,0.66,6.61,388.0,1.0,tertiary,0.0962,0
298.8,4.77,10.55,1230.0,3.0,tertiary,0.5478,0
30.9,1.66,6.99,1199.0,2.0,tertiary,0.1228,0
58.3,1.38,11.72,61.0,2.0,secondary,0.0569,0
78.4,1.99,7.88,9.0,2.0,residential,0.2086,0
90.4,2.65,8.4,452.0,7.0,residential,0.5773,0
60.0,1.48,7.18,904.0,4.0,residential,0.219,0
88.5,1.5,6.43,329.0,2.0,residential,0.3915,0
118.6,1.66,6.36,474.0,4.0,residential,0.6042,1
45.2,1.14,8.81,538.0,4.0,residential,0.2166,0
60.1,2.75,5.68,35.0,3.0,residential,0.4506,0
256.2,3.72,10.86,865.0,2.0,residential,0.4959,0
161.4,3.02,9.96,528.0,3.0,tertiary,0.2149,1
158.7,2.45,11.3,172.0,2.0,tertiary,0.324,1
22.4,0.74,4.61,384.0,4.0,primary,0.2725,0
284.2,3.51,2.9,4874.0,4.0,secondary,0.7401,1
76.1,1.79,7.99,2243.0,4.0,tertiary,0.181,0
171.3,2.44,16.7,2333.0,0.0,residential,0.0231,0
94.3,2.95,11.8,757.0,0.0,tertiary,0.0573,0
14.3,0.89,6.34,389.0,0.0,residential,0.0441,0
62.6,1.52,9.27,327.0,6.0,residential,0.2832,0
163.1,2.61,10.18,9.0,3.0,residential,0.5895,1
166.4,3.09,3.89,1462.0,6.0,residential,0.873,1
97.2,3.16,12.11,79.0,2.0,residential,0.2378,0
29.8,0.33,7.5,486.0,3.0,tertiary,0.1483,0
174.7,3.12,7.73,1896.0,4.0,secondary,0.4894,1
45.2,0.09,8.07,527.0,4.0,secondary,0.0905,0
93.6,2.9,11.43,14.0,3.0,tertiary,0.2869,1
123.9,2.2,5.73,1701.0,5.0,tertiary,0.5814,1
132.6,1.2,2.88,91.0,8.0,residential,0.9033,1
120.7,1.23,8.97,846.0,2.0,secondary,0.0913,0
39.2,1.92,1.87,177.0,10.0,tertiary,0.849,1
58.0,0.16,7.1,437.0,5.0,residential,0.428,1
38.2,1.48,11.56,301.0,2.0,residential,0.1431,0
140.1,2.14,9.74,508.0,5.0,primary,0.2307,0
126.7,2.16,11.13,138.0,4.0,tertiary,0.3874,0
44.1,0.79,9.86,350.0,2.0,tertiary,0.1012,0
155.0,1.9,15.23,617.0,2.0,tertiary,0.0351,0
154.4,2.26,6.24,374.0,2.0,residential,0.5422,1
191.5,3.56,9.19,148.0,1.0,tertiary,0.6636,1
123.5,2.05,6.69,1684.0,2.0,residential,0.237,1
129.2,2.69,10.87,2067.0,4.0,residential,0.2029,0
61.5,1.34,7.82,2181.0,2.0,tertiary,0.1679,0
73.9,2.18,13.16,207.0,4.0,residential,0.1185,0
179.0,3.28,6.41,499.0,2.0,secondary,0.411,0
51.2,0.98,12.22,1978.0,2.0,residential,0.0321,0
40.8,0.53,9.78,4199.0,2.0,tertiary,0.1065,1
130.2,3.13,7.9,90.0,4.0,tertiary,0.7388,1
11.7,0.29,9.63,807.0,3.0,tertiary,0.0632,0
48.7,1.79,8.78,136.0,7.0,tertiary,0.5177,1
196.5,3.18,9.07,846.0,2.0,trunk,0.1275,0
223.7,3.11,7.38,395.0,6.0,tertiary,0.902,1
166.7,3.14,5.9,2133.0,2.0,secondary,0.2815,0
90.5,2.98,6.99,64.0,5.0,secondary,0.6125,1
41.1,1.79,2.95,320.0,8.0,residential,0.7989,0
23.6,1.19,10.53,672.0,2.0,residential,0.0706,0
65.3,2.88,4.29,355.0,4.0,residential,0.7746,1
24.1,0.0,7.35,534.0,2.0,residential,0.0535,0
276.5,3.23,9.94,163.0,2.0,residential,0.8561,1
62.6,1.18,10.52,1355.0,1.0,residential,0.0421,0
68.9,2.76,2.68,1446.0,2.0,tertiary,0.3948,0
148.2,3.33,7.72,56.0,5.0,residential,0.8626,1
20.0,0.0,9.38,903.0,6.0,secondary,0.0945,0
70.4,1.3,8.16,571.0,8.0,residential,0.4927,0
84.9,0.76,12.03,458.0,1.0,secondary,0.0286,0
24.8,1.06,5.53,999.0,2.0,residential,0.1579,0
38.5,1.98,1.85,1925.0,4.0,tertiary,0.4812,0
52.1,2.21,10.43,736.0,2.0,residential,0.2565,0
171.1,3.07,6.39,98.0,2.0,tertiary,0.7447,0
219.1,3.09,2.72,49.0,7.0,residential,0.9769,1
118.6,2.15,7.52,766.0,2.0,primary,0.2465,0
80.1,2.31,11.69,616.0,5.0,residential,0.2524,0
196.9,5.04,4.21,290.0,9.0,tertiary,0.985,1
155.7,1.72,15.01,221.0,3.0,residential,0.0893,0
332.6,6.06,5.49,421.0,6.0,tertiary,0.9863,1
16.5,1.19,8.26,123.0,6.0,tertiary,0.3988,0
87.1,2.5,4.34,376.0,8.0,residential,0.8925,1
54.5,1.6,8.12,205.0,6.0,residential,0.6093,1
19.7,2.16,7.6,163.0,4.0,residential,0.4266,1
87.8,2.12,3.53,312.0,5.0,residential,0.7516,1
310.6,4.01,16.48,101.0,2.0,trunk,0.1293,0
32.6,1.55,6.51,2628.0,4.0,residential,0.1388,0
400.0,6.5,6.52,213.0,5.0,residential,0.9929,1
158.2,2.7,10.91,650.0,1.0,trunk,0.141,0
202.3,1.57,13.44,2831.0,3.0,residential,0.2377,0
201.3,3.12,11.38,408.0,1.0,residential,0.2749,1
119.0,2.31,4.4,3179.0,6.0,secondary,0.5569,0
62.0,1.51,8.64,2779.0,5.0,primary,0.2036,1
23.9,0.69,2.36,1244.0,6.0,secondary,0.3628,1
33.1,2.26,10.71,24.0,5.0,tertiary,0.1499,0
130.5,0.47,3.09,286.0,6.0,trunk,0.4767,0
64.1,1.64,5.59,1310.0,4.0,residential,0.3426,0
36.8,1.33,7.99,298.0,6.0,trunk,0.1296,0
104.9,3.73,9.34,95.0,5.0,secondary,0.7166,1
114.0,2.16,7.22,86.0,8.0,primary,0.752,1
148.7,2.94,12.56,455.0,2.0,residential,0.0951,0
44.2,1.43,10.17,542.0,0.0,residential,0.0317,1
79.8,1.83,9.93,336.0,3.0,tertiary,0.0994,0
45.3,2.75,4.31,1069.0,4.0,tertiary,0.3151,1
28.1,0.25,13.1,1835.0,5.0,tertiary,0.0833,0
179.5,2.42,5.59,210.0,4.0,primary,0.6667,0
171.2,3.46,13.21,645.0,4.0,tertiary,0.1944,0
17.2,1.21,14.07,107.0,2.0,residential,0.0319,0
91.1,1.67,9.54,2613.0,3.0,residential,0.1177,0
197.7,3.12,11.1,1321.0,4.0,residential,0.4558,1
152.3,3.36,0.0,1526.0,5.0,residential,0.9058,1
40.0,1.67,7.41,1831.0,1.0,residential,0.0434,1
212.9,2.78,11.31,337.0,3.0,secondary,0.2563,0
197.9,3.36,10.77,597.0,5.0,secondary,0.46,0
111.1,2.09,4.34,2213.0,7.0,tertiary,0.7594,1
70.8,2.03,7.12,1416.0,2.0,residential,0.2958,1
39.5,1.02,0.39,1626.0,8.0,tertiary,0.7032,1
87.3,0.88,9.24,182.0,3.0,secondary,0.0871,0
233.9,4.14,2.35,45.0,9.0,primary,0.9966,1
40.9,1.73,11.39,133.0,2.0,tertiary,0.0686,0
248.0,4.91,11.55,155.0,3.0,secondary,0.7418,1
147.2,1.51,6.58,1035.0,2.0,tertiary,0.3744,0
87.3,1.79,9.56,1830.0,0.0,tertiary,0.0776,0
199.1,3.0,7.35,413.0,3.0,primary,0.638,1
85.3,1.51,8.73,465.0,1.0,residential,0.0824,0
75.3,0.47,4.56,32.0,6.0,residential,0.6789,1
174.1,2.04,9.87,1244.0,3.0,residential,0.4388,0
90.1,2.1,3.08,1809.0,2.0,tertiary,0.2935,1
85.5,1.43,2.51,1240.0,2.0,tertiary,0.395,1
53.4,0.78,7.63,696.0,3.0,tertiary,0.1014,1
74.1,2.83,7.37,223.0,4.0,residential,0.3522,1
268.4,5.92,8.82,964.0,1.0,residential,0.6155,1
6.1,0.83,6.05,246.0,10.0,primary,0.6281,1
39.8,0.08,13.66,213.0,2.0,residential,0.0322,0
46.7,1.68,8.48,436.0,2.0,primary,0.0317,0
80.3,0.09,8.7,588.0,1.0,residential,0.1463,0
70.3,0.56,8.59,427.0,4.0,tertiary,0.2217,1
101.0,2.34,11.01,304.0,5.0,tertiary,0.4261,1
10.5,0.0,9.73,1193.0,6.0,secondary,0.0664,0
99.9,1.76,9.33,354.0,3.0,residential,0.3195,1
267.0,2.82,10.21,1782.0,0.0,primary,0.2218,1
90.0,1.93,2.53,228.0,5.0,tertiary,0.6147,0
72.3,2.57,2.64,908.0,3.0,tertiary,0.4847,0
81.9,1.29,7.77,0.0,3.0,tertiary,0.1849,0
64.8,1.56,7.41,927.0,8.0,residential,0.5743,0
147.1,1.91,9.74,692.0,2.0,tertiary,0.422,1
112.1,1.55,8.06,806.0,5.0,residential,0.4571,1
106.5,1.41,9.75,2.0,3.0,residential,0.2772,1
199.1,3.82,4.26,266.0,3.0,tertiary,0.7496,1
148.2,1.45,7.97,997.0,3.0,tertiary,0.3369,0
6.1,0.61,3.98,511.0,5.0,residential,0.3332,0
63.6,1.89,9.16,778.0,3.0,residential,0.0557,0
26.6,1.85,2.37,491.0,3.0,residential,0.2781,0
45.3,1.7,9.04,1291.0,4.0,residential,0.2027,0
54.2,1.39,3.59,518.0,4.0,tertiary,0.5752,1
43.9,0.87,6.85,257.0,4.0,residential,0.2634,0
152.9,3.38,10.68,188.0,4.0,primary,0.5192,1
135.8,1.74,8.68,3734.0,4.0,residential,0.3339,1
63.4,0.88,3.06,512.0,4.0,residential,0.4071,1
132.1,3.47,5.98,1055.0,2.0,primary,0.4639,1
120.2,2.53,3.5,2205.0,4.0,residential,0.4286,0
95.7,2.27,2.92,687.0,5.0,residential,0.7559,0
78.0,2.22,8.35,364.0,6.0,trunk,0.2217,0
164.1,2.69,9.68,2326.0,2.0,primary,0.1084,0
85.4,0.67,9.32,625.0,3.0,secondary,0.2106,1
104.2,2.25,9.81,993.0,0.0,residential,0.0707,0
99.0,1.97,7.96,523.0,7.0,tertiary,0.5249,0
56.0,0.78,7.18,1108.0,3.0,trunk,0.0592,0
53.4,0.57,4.78,391.0,8.0,primary,0.5996,0
74.0,1.65,6.68,1024.0,0.0,residential,0.0627,0
151.0,1.53,4.04,1664.0,7.0,residential,0.8537,1
80.1,1.65,5.46,683.0,7.0,residential,0.6553,1
13.6,0.75,8.27,2325.0,3.0,residential,0.0569,0
111.8,2.05,7.65,183.0,3.0,tertiary,0.2277,0
58.1,1.82,17.19,2362.0,1.0,residential,0.0082,0
43.5,1.82,3.96,987.0,0.0,residential,0.1109,0
141.2,1.92,7.62,7.0,3.0,residential,0.605,0
140.5,3.18,3.73,652.0,8.0,tertiary,0.7645,1
96.3,1.78,6.84,68.0,7.0,residential,0.7221,1
69.9,3.04,6.96,91.0,3.0,residential,0.5995,1
60.1,1.05,10.53,60.0,3.0,residential,0.0606,0
27.0,0.0,6.65,1237.0,1.0,trunk,0.0746,1
6.2,1.54,7.43,1327.0,2.0,residential,0.0826,0
63.6,1.9,6.71,430.0,6.0,tertiary,0.4478,1
64.7,2.54,3.8,473.0,4.0,residential,0.5637,0
40.9,1.54,6.04,1222.0,4.0,residential,0.1765,0
198.5,5.05,6.85,190.0,6.0,residential,0.9784,1
56.4,1.33,8.22,36.0,5.0,residential,0.3944,0
95.5,2.78,9.68,228.0,2.0,residential,0.2427,0
110.4,1.7,7.3,1569.0,3.0,tertiary,0.3375,1
121.6,2.65,7.24,411.0,3.0,tertiary,0.4417,0
50.6,1.95,2.84,1321.0,1.0,residential,0.1703,0
68.4,2.29,9.62,2532.0,3.0,residential,0.1081,0
88.5,2.48,5.91,28.0,6.0,tertiary,0.8165,0
50.8,0.0,10.24,736.0,2.0,residential,0.058,0
185.8,2.97,11.95,1179.0,3.0,residential,0.1426,0
346.2,4.49,7.44,151.0,3.0,residential,0.9867,1
108.2,1.8,4.93,869.0,2.0,residential,0.3662,0
107.4,1.86,7.95,300.0,3.0,tertiary,0.2588,0
176.9,3.7,9.05,830.0,4.0,trunk,0.3789,1
151.7,2.78,7.05,207.0,7.0,trunk,0.6907,1
85.7,1.42,6.31,1894.0,2.0,trunk,0.0446,0
255.4,2.69,9.69,2304.0,1.0,residential,0.3626,1
52.9,2.66,9.49,101.0,3.0,residential,0.3259,0
142.1,1.99,6.96,1782.0,4.0,residential,0.4235,1
67.9,1.51,3.04,565.0,6.0,residential,0.6768,1
117.5,3.92,9.37,134.0,1.0,residential,0.3556,1
62.6,1.06,5.7,208.0,6.0,residential,0.5471,0
249.9,3.58,8.64,1907.0,2.0,tertiary,0.4712,1
182.8,3.18,8.45,827.0,1.0,residential,0.3998,1
113.2,0.87,2.33,84.0,7.0,residential,0.919,1
153.4,1.26,8.24,646.0,3.0,secondary,0.5166,1
41.1,0.91,9.54,1120.0,3.0,residential,0.1842,0
22.6,0.71,9.91,534.0,2.0,primary,0.0167,0
51.3,1.52,8.35,268.0,1.0,residential,0.0897,0
245.2,2.96,2.07,2009.0,3.0,tertiary,0.8904,1
62.5,1.9,11.83,3181.0,2.0,residential,0.0185,0
160.2,1.0,9.23,552.0,0.0,tertiary,0.1397,0
72.9,1.62,4.39,635.0,5.0,residential,0.4446,0
76.4,2.01,5.64,196.0,3.0,residential,0.4268,0
63.2,1.82,8.69,1170.0,6.0,tertiary,0.2721,0
59.8,1.39,10.04,732.0,2.0,residential,0.0332,0
152.3,2.1,6.54,110.0,5.0,residential,0.9247,1
60.6,1.37,10.48,658.0,1.0,primary,0.0202,0
59.2,2.5,2.62,321.0,1.0,residential,0.5683,0
86.4,1.36,4.87,271.0,3.0,tertiary,0.2166,0
68.5,2.4,1.81,640.0,5.0,tertiary,0.5958,0
44.2,2.24,5.31,165.0,5.0,residential,0.6587,1
140.8,1.1,12.52,1649.0,2.0,tertiary,0.0679,0
101.6,1.92,14.17,211.0,4.0,residential,0.1959,0
57.5,0.71,8.7,1186.0,1.0,secondary,0.0593,0
44.3,0.13,6.08,76.0,3.0,residential,0.1331,0
179.3,3.59,7.34,1113.0,1.0,residential,0.478,0
29.8,1.54,9.42,440.0,4.0,residential,0.1764,0
128.2,2.55,3.31,173.0,3.0,primary,0.4372,0
13.0,0.09,6.28,2646.0,2.0,secondary,0.0663,0
93.0,2.08,12.3,390.0,2.0,primary,0.0635,0
95.0,0.89,4.86,323.0,7.0,tertiary,0.6894,0
25.0,1.16,5.75,992.0,6.0,tertiary,0.3297,0
27.0,0.6,8.04,787.0,5.0,tertiary,0.1966,0
97.4,2.81,8.85,727.0,3.0,primary,0.0611,0
26.2,0.82,6.12,1661.0,3.0,tertiary,0.1157,0
205.3,3.45,8.23,884.0,1.0,residential,0.3338,0
58.1,1.68,9.82,420.0,4.0,tertiary,0.2035,0
229.5,3.49,13.88,650.0,2.0,tertiary,0.1738,0
196.9,3.25,7.62,161.0,3.0,residential,0.8995,1
78.8,1.99,7.88,952.0,4.0,residential,0.2079,0
99.8,1.28,12.58,540.0,0.0,residential,0.0207,1
172.0,3.19,6.35,382.0,3.0,secondary,0.7255,1
34.6,1.91,4.03,1099.0,3.0,residential,0.3291,0
62.4,1.87,8.75,2530.0,5.0,secondary,0.1859,0
225.6,3.22,11.23,944.0,4.0,residential,0.4651,0
158.6,2.84,9.08,279.0,5.0,secondary,0.5283,0
71.4,1.37,7.71,408.0,5.0,residential,0.4143,1
100.4,1.91,3.65,1580.0,5.0,primary,0.3808,1
50.0,0.45,7.82,311.0,5.0,tertiary,0.4081,0
66.7,2.7,11.7,799.0,3.0,residential,0.096,0
126.7,3.87,4.3,456.0,6.0,residential,0.8426,1
66.9,1.04,7.27,88.0,1.0,residential,0.1214,0
141.2,3.12,6.84,463.0,3.0,residential,0.3816,1
26.3,2.28,5.91,247.0,6.0,secondary,0.5171,0
125.7,1.54,8.74,487.0,6.0,primary,0.2807,0
38.3,0.0,9.33,1215.0,0.0,tertiary,0.0233,0
77.1,2.94,9.3,611.0,3.0,tertiary,0.4014,1
47.5,1.36,5.07,310.0,3.0,residential,0.1484,0
126.0,1.9,3.06,32.0,7.0,secondary,0.8933,1
28.9,1.18,8.79,1113.0,4.0,secondary,0.0446,0
142.4,2.21,6.48,1496.0,3.0,residential,0.3385,0
85.7,4.2,13.51,76.0,1.0,trunk,0.07,0
72.1,1.24,13.65,917.0,3.0,residential,0.0256,0
53.0,1.7,13.97,309.0,4.0,secondary,0.0602,0
61.5,2.57,5.18,103.0,4.0,trunk,0.557,0
194.0,4.16,9.71,10.0,3.0,secondary,0.7953,1
52.1,2.3,10.61,1573.0,5.0,residential,0.1973,0
194.9,2.8,10.28,22.0,4.0,tertiary,0.8395,1
237.6,3.53,6.94,269.0,6.0,residential,0.955,1
70.9,0.0,11.84,2464.0,1.0,secondary,0.0071,0
22.6,1.01,8.0,51.0,5.0,residential,0.2713,1
163.6,2.79,8.38,41.0,3.0,tertiary,0.3269,0
162.3,3.34,3.39,189.0,8.0,primary,0.9242,1
196.8,4.6,9.93,2577.0,3.0,residential,0.1968,0
81.3,2.35,7.22,944.0,4.0,residential,0.3325,1
107.8,2.95,9.39,612.0,7.0,tertiary,0.4068,0
60.9,1.52,8.71,1721.0,3.0,residential,0.1395,1
58.8,2.53,8.54,209.0,5.0,residential,0.5068,0
103.9,2.06,7.86,888.0,4.0,residential,0.2302,0
173.1,3.79,10.36,457.0,2.0,residential,0.389,1
148.1,3.22,7.4,204.0,3.0,tertiary,0.2779,1
88.6,2.18,3.63,637.0,6.0,tertiary,0.5107,1
182.9,1.76,9.71,1183.0,6.0,residential,0.7295,1
29.6,2.03,5.57,546.0,3.0,tertiary,0.1353,0
368.6,5.53,4.03,347.0,3.0,residential,0.9841,1
32.6,1.75,4.93,84.0,6.0,residential,0.516,1
83.3,2.05,8.85,713.0,4.0,secondary,0.0825,0
102.7,2.42,7.71,285.0,7.0,residential,0.5966,0
105.5,3.11,1.6,350.0,5.0,tertiary,0.8403,0
170.8,2.47,6.85,354.0,4.0,primary,0.4785,0
43.3,1.69,11.51,512.0,4.0,tertiary,0.1317,0
110.6,1.51,6.65,455.0,4.0,tertiary,0.3295,0
139.9,2.94,7.5,1539.0,5.0,residential,0.5053,0
187.5,3.25,11.13,611.0,6.0,residential,0.5554,0
70.3,1.14,10.39,944.0,3.0,residential,0.1491,0
96.0,2.03,11.07,684.0,5.0,secondary,0.0914,1
86.7,1.39,0.0,28.0,10.0,secondary,0.9707,1
135.3,2.12,13.2,249.0,2.0,residential,0.159,0
135.9,2.71,9.91,151.0,3.0,residential,0.331,0
68.1,1.83,15.38,645.0,0.0,residential,0.0121,0
85.5,0.29,5.65,2261.0,3.0,tertiary,0.2804,0
90.2,2.18,2.71,114.0,10.0,tertiary,0.9378,0
37.5,1.01,8.02,428.0,0.0,tertiary,0.03,0
115.0,1.85,7.17,620.0,3.0,primary,0.1208,0
111.8,1.24,9.96,317.0,3.0,residential,0.4195,0
37.8,1.22,11.22,764.0,2.0,tertiary,0.0282,0
120.4,1.83,7.74,358.0,3.0,tertiary,0.2039,0
400.0,6.62,7.28,440.0,3.0,residential,0.9551,1
47.5,0.0,9.57,1171.0,2.0,primary,0.0214,0
37.5,0.48,7.23,539.0,4.0,residential,0.2084,0
138.7,1.64,6.98,989.0,2.0,secondary,0.2004,0
67.7,1.82,11.11,610.0,5.0,secondary,0.1487,0
171.2,3.79,11.78,199.0,6.0,primary,0.661,1
82.5,2.19,11.25,332.0,2.0,tertiary,0.0849,0
55.5,0.59,7.5,704.0,4.0,residential,0.1991,0
81.5,1.43,1.58,433.0,2.0,secondary,0.5981,0
135.9,1.78,7.56,60.0,2.0,secondary,0.4206,0
132.7,2.8,5.73,736.0,6.0,tertiary,0.7322,1
26.7,0.76,7.61,897.0,4.0,secondary,0.0924,0
135.6,1.3,5.99,187.0,5.0,residential,0.7519,1
92.1,2.37,7.94,1858.0,1.0,tertiary,0.1071,0
97.7,2.98,4.88,532.0,5.0,primary,0.5312,1
115.0,2.04,4.16,90.0,5.0,residential,0.8563,1
36.9,1.34,11.67,181.0,1.0,tertiary,0.0374,0
25.7,0.0,5.09,580.0,3.0,trunk,0.0401,0
27.6,0.0,8.0,97.0,5.0,secondary,0.131,0
164.2,1.29,10.86,465.0,5.0,primary,0.1717,1
163.2,2.72,10.74,1661.0,2.0,residential,0.2217,0
8.7,0.66,10.38,2378.0,3.0,trunk,0.0088,0
85.3,2.26,8.91,1438.0,4.0,residential,0.2061,0
59.5,1.36,10.17,448.0,4.0,tertiary,0.1307,0
41.0,2.08,12.12,1353.0,3.0,tertiary,0.0222,0
186.0,3.73,9.28,939.0,3.0,secondary,0.3179,1
210.8,3.07,2.49,1117.0,3.0,primary,0.7726,1
101.1,1.21,6.41,823.0,4.0,secondary,0.2422,0
56.7,0.0,10.09,187.0,5.0,tertiary,0.1485,1
65.0,2.73,6.12,949.0,4.0,residential,0.3844,0
35.4,0.47,12.86,825.0,2.0,tertiary,0.0124,0
64.2,0.37,7.81,1070.0,0.0,tertiary,0.0503,0
45.7,1.45,8.26,119.0,3.0,residential,0.1762,0
201.8,2.03,11.37,439.0,7.0,tertiary,0.6649,1
17.6,1.11,7.45,120.0,3.0,primary,0.0383,0
151.8,2.35,8.53,71.0,1.0,secondary,0.1764,0
43.2,2.06,10.7,41.0,6.0,secondary,0.4004,0
134.8,3.09,3.58,1626.0,2.0,residential,0.5659,1
79.0,2.63,7.14,723.0,1.0,tertiary,0.1374,0
153.4,2.81,10.49,718.0,1.0,residential,0.2292,0
28.8,0.46,8.2,4256.0,1.0,residential,0.0262,0
54.7,0.63,12.4,172.0,4.0,tertiary,0.0622,0
68.1,1.19,3.27,514.0,3.0,residential,0.383,0
91.4,3.49,2.93,629.0,5.0,residential,0.6628,0
90.5,1.69,10.31,1129.0,5.0,tertiary,0.118,0
35.1,1.35,10.6,385.0,4.0,residential,0.1936,1
26.9,2.34,7.42,640.0,2.0,residential,0.084,0
71.3,1.86,9.2,345.0,3.0,residential,0.2216,0
83.0,1.2,10.24,1744.0,2.0,tertiary,0.0775,0
68.4,2.2,5.56,710.0,2.0,residential,0.3423,1
17.5,0.67,5.88,1968.0,5.0,tertiary,0.2818,0
85.7,2.06,8.57,785.0,1.0,tertiary,0.0771,1
119.2,2.64,10.71,1261.0,3.0,residential,0.09,0
101.0,1.62,4.5,978.0,5.0,primary,0.527,0
76.9,1.87,7.41,164.0,10.0,residential,0.9107,1
95.2,3.22,7.27,229.0,6.0,tertiary,0.8785,1
47.0,0.86,9.25,304.0,5.0,residential,0.2991,1
186.1,4.09,7.97,741.0,3.0,tertiary,0.4211,0
58.6,1.03,6.36,1519.0,5.0,residential,0.276,0
121.8,3.7,11.75,810.0,4.0,primary,0.047,0
74.6,1.01,6.38,494.0,0.0,residential,0.0759,0
157.9,2.38,7.12,170.0,5.0,tertiary,0.5894,1
57.6,2.7,3.23,507.0,4.0,residential,0.6264,1
158.9,3.95,5.86,2194.0,5.0,residential,0.7498,1
202.1,3.88,9.55,824.0,4.0,residential,0.7985,1
44.0,0.46,8.96,284.0,3.0,tertiary,0.3156,0
147.6,2.64,9.8,1047.0,0.0,tertiary,0.102,0
232.1,3.59,9.65,106.0,1.0,trunk,0.3834,0
106.6,1.39,14.26,921.0,0.0,secondary,0.0126,0
178.1,3.49,5.76,173.0,6.0,trunk,0.788,1
205.1,2.64,3.14,9.0,7.0,residential,0.9941,1
162.1,1.71,4.85,597.0,3.0,secondary,0.2114,0
48.0,0.08,5.89,1086.0,7.0,tertiary,0.6384,1
116.9,3.57,5.08,1107.0,2.0,tertiary,0.2283,1
127.0,1.92,8.28,1452.0,3.0,trunk,0.1059,0
15.2,0.59,11.76,537.0,4.0,tertiary,0.0129,0
79.2,0.93,12.62,406.0,1.0,primary,0.0323,0
95.6,3.04,9.51,884.0,1.0,secondary,0.0999,0
120.7,1.14,14.42,1521.0,1.0,residential,0.0194,0
38.2,0.3,6.93,157.0,5.0,tertiary,0.3426,1
74.6,1.44,3.1,1220.0,3.0,tertiary,0.474,1
101.0,1.99,11.16,1904.0,1.0,primary,0.0226,0
63.4,2.09,2.48,1323.0,6.0,secondary,0.3306,0
14.8,0.44,5.73,354.0,4.0,residential,0.1905,1
191.9,4.34,9.56,1179.0,1.0,residential,0.3565,1
286.3,3.7,7.69,374.0,5.0,residential,0.8973,1
110.7,1.32,7.43,290.0,3.0,tertiary,0.418,0
112.1,1.26,4.46,2513.0,3.0,residential,0.322,1
83.6,1.18,7.97,689.0,3.0,secondary,0.1394,0
27.3,0.19,11.01,1382.0,2.0,tertiary,0.0201,0
19.6,1.64,8.06,547.0,2.0,secondary,0.063,0
182.2,2.19,5.51,480.0,6.0,residential,0.8984,1
266.3,3.89,4.26,882.0,1.0,tertiary,0.8656,0
118.3,1.4,5.57,1243.0,4.0,residential,0.4987,0
62.8,0.61,9.18,874.0,4.0,primary,0.0406,0
74.5,2.58,9.03,557.0,4.0,residential,0.314,0
130.3,3.65,5.6,406.0,5.0,residential,0.7419,0
176.0,3.93,1.37,346.0,4.0,residential,0.9235,0
84.7,0.64,9.26,50.0,1.0,secondary,0.0706,0
67.1,0.54,5.31,921.0,6.0,residential,0.5755,1
37.7,2.83,10.07,757.0,0.0,tertiary,0.0235,0
57.3,1.28,5.73,241.0,1.0,secondary,0.1586,0
124.9,1.2,5.04,563.0,2.0,secondary,0.3442,1
105.7,2.93,8.46,1061.0,5.0,residential,0.447,1
99.4,2.05,15.07,410.0,2.0,residential,0.0732,0
38.9,1.72,10.25,2279.0,1.0,residential,0.0117,0
71.7,0.0,8.41,148.0,3.0,residential,0.1204,0
148.9,2.33,9.08,273.0,6.0,tertiary,0.6186,0
220.2,4.2,2.75,1214.0,4.0,residential,0.8623,0
143.9,2.01,4.63,1184.0,2.0,residential,0.3406,0
175.5,3.89,0.47,788.0,4.0,residential,0.8706,1
15.3,0.0,13.19,660.0,1.0,tertiary,0.0133,0
196.0,3.06,12.58,175.0,5.0,residential,0.6843,0
117.1,3.52,9.18,212.0,6.0,tertiary,0.6669,1
100.1,1.08,8.41,543.0,4.0,residential,0.1976,0
107.5,2.31,3.35,257.0,5.0,trunk,0.7092,1
248.7,4.25,7.34,81.0,2.0,tertiary,0.9192,1
60.8,1.6,13.38,968.0,2.0,residential,0.0557,0
107.5,1.89,8.39,2744.0,2.0,residential,0.1096,0
78.4,1.04,6.31,440.0,2.0,residential,0.6259,1
40.8,1.45,2.73,418.0,3.0,residential,0.4289,1
22.8,0.99,12.14,550.0,5.0,residential,0.0568,0
40.2,0.13,7.79,160.0,3.0,primary,0.1867,0
49.5,2.27,2.73,637.0,4.0,tertiary,0.5583,1
81.0,1.04,5.23,816.0,3.0,residential,0.3383,0
175.5,1.78,4.17,159.0,7.0,tertiary,0.93,1
40.4,0.81,7.6,496.0,5.0,residential,0.3868,0
48.7,0.67,8.62,1336.0,1.0,trunk,0.0274,0
245.3,3.54,6.49,165.0,3.0,residential,0.787,1
62.4,0.55,10.33,917.0,4.0,secondary,0.0836,0
53.8,1.8,8.24,604.0,4.0,secondary,0.2196,0
55.4,2.57,11.19,100.0,5.0,residential,0.3,0
94.4,2.02,6.93,363.0,3.0,residential,0.249,0
81.7,0.63,17.14,368.0,2.0,residential,0.017,0
50.7,0.68,6.31,207.0,3.0,primary,0.1765,0
65.2,1.76,5.29,630.0,5.0,tertiary,0.5797,1
152.1,1.05,4.92,34.0,10.0,tertiary,0.9073,1
103.5,1.06,7.37,2191.0,3.0,secondary,0.1061,0
206.6,1.96,2.84,402.0,6.0,secondary,0.9107,1
70.5,1.74,8.88,473.0,2.0,tertiary,0.0794,0
151.7,4.35,2.28,286.0,2.0,tertiary,0.7705,1
155.4,1.66,8.49,167.0,3.0,secondary,0.3342,1
48.2,2.03,3.95,1160.0,7.0,residential,0.7179,0
113.4,1.71,6.86,511.0,3.0,primary,0.1562,0
89.6,0.82,9.81,293.0,2.0,residential,0.0685,0
16.3,2.25,14.91,2068.0,1.0,residential,0.0059,0
24.0,2.82,4.77,987.0,3.0,secondary,0.0836,1
97.1,2.29,7.55,411.0,4.0,residential,0.4154,1
17.7,1.3,5.83,1477.0,4.0,residential,0.2055,0
13.7,1.01,5.39,978.0,6.0,residential,0.4753,0
88.1,1.74,5.86,578.0,3.0,tertiary,0.2001,0
7.7,1.17,10.47,1443.0,3.0,secondary,0.033,0
35.0,1.76,6.54,530.0,2.0,residential,0.1664,0
87.8,3.18,14.75,313.0,3.0,residential,0.0464,0
77.0,1.31,9.25,1157.0,5.0,tertiary,0.2215,0
77.0,1.83,4.97,363.0,2.0,trunk,0.1817,0
128.7,2.27,6.9,831.0,6.0,residential,0.6208,1
167.2,3.63,5.59,1015.0,4.0,trunk,0.2949,1
178.8,4.87,10.4,4252.0,2.0,primary,0.1099,0
259.5,4.76,3.08,1664.0,2.0,residential,0.6363,1
9.0,1.55,3.98,108.0,4.0,secondary,0.3454,1
45.4,2.07,6.23,77.0,4.0,tertiary,0.4837,1
32.9,2.21,10.05,1333.0,1.0,tertiary,0.0268,0
264.9,5.91,11.7,376.0,1.0,residential,0.7642,0
89.2,0.52,12.14,14.0,5.0,secondary,0.0924,0
80.0,2.24,9.59,885.0,3.0,secondary,0.073,0
59.5,0.0,7.75,1186.0,5.0,secondary,0.1662,0
57.0,2.24,10.38,149.0,5.0,trunk,0.351,1
56.7,1.92,4.57,665.0,9.0,tertiary,0.7362,1
60.7,1.09,2.47,1137.0,3.0,secondary,0.5733,0
56.0,0.0,9.31,176.0,5.0,primary,0.0975,0
224.8,3.49,4.98,99.0,3.0,residential,0.8881,1
324.2,4.87,7.8,199.0,3.0,residential,0.9847,1
311.6,4.49,8.36,943.0,0.0,residential,0.6263,1
15.5,0.49,8.74,22.0,3.0,primary,0.0415,0
50.1,0.68,10.81,622.0,2.0,residential,0.0785,0
11.7,0.9,10.5,397.0,2.0,secondary,0.0504,0
319.0,3.99,8.59,541.0,4.0,residential,0.8737,1
110.9,2.78,6.67,140.0,3.0,residential,0.6724,0
148.9,2.52,8.32,351.0,4.0,tertiary,0.4704,0
75.1,0.32,6.21,499.0,3.0,residential,0.1643,0
80.2,1.9,7.41,32.0,4.0,primary,0.2385,1
191.9,3.43,15.85,68.0,3.0,residential,0.2412,0
88.5,3.16,8.55,2371.0,2.0,primary,0.0681,0
91.3,2.64,9.35,19.0,3.0,residential,0.4134,1
140.2,1.76,5.88,1407.0,2.0,trunk,0.2771,0
128.6,3.48,11.06,777.0,0.0,tertiary,0.1014,0
86.2,0.73,10.28,8.0,10.0,residential,0.6354,1
58.3,1.52,10.3,199.0,2.0,residential,0.0903,0
54.8,2.06,8.64,1982.0,3.0,residential,0.0865,0
180.7,4.14,11.1,18.0,4.0,tertiary,0.7757,0
92.8,3.42,11.82,797.0,1.0,secondary,0.0385,0
44.5,2.35,8.85,777.0,4.0,residential,0.1709,0
160.8,2.62,7.66,1340.0,3.0,residential,0.5732,1
85.0,2.28,10.68,918.0,2.0,tertiary,0.1426,0
14.9,1.16,5.29,1048.0,4.0,tertiary,0.1446,0
46.8,0.79,5.85,486.0,2.0,tertiary,0.1907,0
85.2,1.73,7.84,407.0,1.0,tertiary,0.1626,0
18.7,2.46,2.78,771.0,2.0,secondary,0.1475,0
107.0,2.6,10.48,353.0,4.0,trunk,0.2641,1
120.8,3.9,5.11,492.0,5.0,residential,0.5948,1
170.9,1.98,6.59,664.0,2.0,residential,0.5821,0
99.3,1.69,7.36,265.0,4.0,residential,0.4106,0
49.1,1.72,8.12,625.0,5.0,tertiary,0.1474,1
15.4,1.58,6.97,207.0,2.0,residential,0.1218,0
14.6,0.88,7.8,84.0,4.0,primary,0.21,0
73.7,2.33,7.82,287.0,4.0,tertiary,0.6236,0
73.7,2.32,6.66,83.0,4.0,tertiary,0.3802,0
18.0,0.0,5.68,140.0,5.0,secondary,0.1864,0
105.0,2.66,11.24,1382.0,3.0,residential,0.1089,0
59.1,2.37,1.69,555.0,3.0,secondary,0.4395,0
35.8,1.47,7.38,32.0,1.0,residential,0.2505,0
27.3,0.0,6.59,3240.0,2.0,tertiary,0.0681,0
226.2,3.29,9.26,126.0,3.0,primary,0.5413,1
12.8,1.3,3.64,362.0,1.0,secondary,0.0928,1
268.3,3.33,6.5,108.0,6.0,primary,0.9412,1
37.8,1.99,7.69,774.0,3.0,residential,0.1975,0
285.3,4.81,11.21,638.0,4.0,secondary,0.6947,1
16.3,1.1,9.0,809.0,5.0,tertiary,0.1611,0
112.2,2.16,4.45,398.0,7.0,tertiary,0.8755,1
197.3,3.32,6.54,3210.0,5.0,residential,0.6782,1
200.3,3.2,10.66,2063.0,3.0,residential,0.3063,1
111.8,1.11,4.4,1562.0,5.0,tertiary,0.6142,1
100.4,1.66,7.76,77.0,5.0,residential,0.4722,0
21.0,1.11,7.97,913.0,2.0,secondary,0.0511,1
161.5,3.87,6.84,2161.0,3.0,secondary,0.4587,1
184.1,3.56,16.09,1224.0,0.0,primary,0.0202,0
86.7,3.02,6.76,16.0,5.0,residential,0.8515,0
97.7,0.85,9.35,1146.0,3.0,primary,0.056,1
400.0,5.32,5.7,348.0,4.0,residential,0.9919,1
23.3,2.74,9.58,681.0,2.0,tertiary,0.073,0
114.2,1.58,10.61,187.0,2.0,secondary,0.1385,0
158.7,2.09,6.24,17.0,5.0,residential,0.8123,1
14.3,0.75,7.84,9.0,5.0,residential,0.1234,0
15.9,2.61,5.31,532.0,4.0,residential,0.4295,0
44.4,0.8,4.57,39.0,3.0,tertiary,0.1599,0
47.7,1.82,11.11,312.0,1.0,secondary,0.0182,0
41.6,1.61,6.34,878.0,6.0,residential,0.4646,1
49.3,0.0,0.76,1052.0,8.0,residential,0.8049,1
50.5,1.39,13.3,2311.0,1.0,tertiary,0.0165,0
85.7,1.39,5.59,1308.0,2.0,residential,0.1351,0
36.8,1.78,7.26,210.0,3.0,secondary,0.1775,0
67.0,3.0,12.92,957.0,0.0,primary,0.0169,0
82.3,1.51,7.57,707.0,6.0,secondary,0.2003,1
59.5,1.24,7.51,408.0,8.0,primary,0.4412,0
114.0,4.18,4.32,1385.0,2.0,tertiary,0.4464,1
217.4,2.84,3.1,405.0,4.0,secondary,0.7796,1
22.4,0.0,7.5,844.0,5.0,residential,0.2004,0
34.0,2.31,9.09,213.0,5.0,residential,0.2979,1
143.9,2.49,8.92,866.0,4.0,tertiary,0.3817,0
103.5,2.27,6.56,486.0,3.0,residential,0.3519,0
152.1,4.41,8.06,390.0,3.0,primary,0.2581,0
137.2,1.32,2.49,487.0,2.0,tertiary,0.5001,0
48.9,1.23,9.38,666.0,5.0,trunk,0.0686,0
228.9,2.56,8.48,1729.0,4.0,residential,0.6074,0
232.8,3.86,13.92,779.0,3.0,tertiary,0.4045,1
35.1,0.78,8.02,805.0,4.0,secondary,0.0551,0
207.9,2.36,5.17,86.0,5.0,residential,0.949,1
223.1,4.06,7.85,1368.0,7.0,tertiary,0.9164,1
279.4,4.16,7.02,1082.0,2.0,tertiary,0.834,1
139.2,1.47,9.3,32.0,2.0,trunk,0.3097,1
63.8,0.61,8.08,2208.0,5.0,secondary,0.1971,0
46.0,1.52,4.22,310.0,6.0,residential,0.6185,1
63.8,0.23,3.09,48.0,9.0,tertiary,0.6348,1
25.9,1.29,8.79,2338.0,0.0,tertiary,0.0221,0
115.9,3.26,12.15,209.0,7.0,residential,0.7213,1
73.3,2.21,8.24,658.0,3.0,residential,0.1078,0
21.2,0.56,10.44,912.0,4.0,residential,0.0504,0
47.0,1.58,11.04,271.0,1.0,residential,0.0529,0
196.2,2.15,8.8,1460.0,7.0,tertiary,0.5102,0
117.5,2.32,5.56,841.0,2.0,residential,0.5671,1
42.3,1.05,8.59,793.0,4.0,tertiary,0.164,0
274.4,3.26,11.62,772.0,2.0,residential,0.5108,0
106.0,2.57,9.59,627.0,1.0,secondary,0.1227,0
28.8,0.0,10.24,1217.0,0.0,residential,0.0182,0
64.1,0.62,6.61,159.0,7.0,primary,0.4144,0
19.7,0.18,7.39,482.0,9.0,residential,0.3747,0
228.7,3.14,7.64,441.0,3.0,tertiary,0.4108,0
155.7,3.71,7.85,498.0,4.0,residential,0.6093,0
44.0,1.93,11.5,1083.0,1.0,residential,0.0638,0
10.8,1.01,0.96,859.0,1.0,tertiary,0.3493,0
153.9,2.69,8.09,543.0,3.0,secondary,0.3273,0
103.4,2.03,7.76,663.0,5.0,primary,0.2515,0
205.2,4.36,3.89,1155.0,3.0,residential,0.5991,1
6.6,0.0,10.02,1965.0,3.0,residential,0.0799,0
143.2,3.14,5.83,231.0,5.0,secondary,0.7877,1
79.9,1.35,6.93,1339.0,4.0,tertiary,0.2284,0
354.0,5.45,13.55,367.0,0.0,residential,0.4286,1
26.6,1.52,11.03,1583.0,4.0,secondary,0.0197,0
166.0,3.38,9.72,823.0,4.0,tertiary,0.3974,0
145.8,3.82,9.14,238.0,6.0,tertiary,0.574,1
20.8,0.0,7.51,887.0,6.0,residential,0.2978,0
66.4,2.4,14.0,418.0,4.0,residential,0.1154,0
131.6,2.33,10.41,295.0,4.0,residential,0.2368,0
44.2,0.96,5.75,762.0,6.0,secondary,0.3389,1
45.4,2.97,3.8,458.0,6.0,residential,0.5693,1
180.1,3.52,9.7,109.0,8.0,secondary,0.9286,1
300.4,4.07,7.83,1838.0,2.0,secondary,0.8859,1
169.1,3.59,3.71,508.0,3.0,secondary,0.6913,0
22.7,1.04,9.29,197.0,4.0,residential,0.2449,0
2.2,0.48,7.19,233.0,7.0,residential,0.4396,0
30.5,0.68,9.59,475.0,5.0,tertiary,0.1218,0
142.2,2.75,9.33,2347.0,1.0,tertiary,0.1424,1
155.0,2.17,6.18,708.0,3.0,primary,0.218,1
61.1,1.66,9.9,24.0,1.0,residential,0.1136,0
30.1,1.87,6.51,67.0,4.0,primary,0.1952,0
65.9,1.68,6.7,1199.0,4.0,residential,0.4206,0
13.9,2.55,6.4,253.0,6.0,residential,0.4007,0
108.8,2.12,11.39,1337.0,2.0,residential,0.0527,0
99.6,3.07,7.16,207.0,5.0,secondary,0.4417,0
28.1,1.92,12.12,1189.0,6.0,residential,0.1589,0
171.2,4.08,13.35,294.0,2.0,residential,0.263,1
88.5,3.44,5.78,556.0,3.0,secondary,0.1746,0
40.7,0.0,0.0,552.0,9.0,tertiary,0.9126,1
112.2,2.36,11.13,544.0,5.0,residential,0.1672,0
347.9,4.89,6.97,876.0,2.0,residential,0.8485,0
15.0,1.07,5.4,46.0,3.0,tertiary,0.1841,0
365.5,4.87,6.23,294.0,5.0,residential,0.9805,1
87.7,1.42,6.76,54.0,3.0,residential,0.2082,1
132.9,1.52,11.89,1900.0,2.0,tertiary,0.1138,0
140.6,2.56,8.48,483.0,5.0,residential,0.6411,0
41.9,2.05,11.85,1110.0,4.0,tertiary,0.0624,0
59.9,1.12,9.48,148.0,3.0,residential,0.1738,0
220.3,3.18,7.07,71.0,5.0,residential,0.8447,1
249.1,3.23,6.83,538.0,3.0,residential,0.8318,1
73.5,0.89,9.68,534.0,1.0,residential,0.082,0
308.7,4.32,10.46,362.0,5.0,residential,0.9316,1
80.1,2.04,10.99,663.0,2.0,residential,0.1026,0
159.1,3.71,7.22,226.0,6.0,primary,0.8458,1
45.2,0.39,8.53,1922.0,2.0,secondary,0.0501,0
151.3,2.59,9.75,183.0,1.0,residential,0.2988,0
68.5,2.56,6.85,847.0,3.0,tertiary,0.1143,0
400.0,4.66,4.6,2085.0,1.0,tertiary,0.9298,1
117.4,3.22,5.58,273.0,2.0,secondary,0.3554,0
284.6,3.86,7.28,847.0,6.0,residential,0.8991,1
101.9,2.59,9.99,202.0,6.0,residential,0.4933,0
89.0,1.69,11.78,1415.0,2.0,residential,0.037,0
99.9,2.37,3.93,130.0,5.0,residential,0.7886,0
334.3,6.1,6.21,644.0,2.0,residential,0.9477,1
57.6,1.39,6.93,1184.0,3.0,primary,0.0587,0
400.0,6.4,10.38,393.0,8.0,primary,0.9866,1
178.0,3.16,6.42,1016.0,5.0,residential,0.7761,1
322.6,4.04,6.71,2790.0,2.0,tertiary,0.4656,1
30.4,1.05,3.76,198.0,7.0,residential,0.8304,1
156.3,2.51,9.45,1238.0,4.0,tertiary,0.2686,1
226.9,2.39,7.52,2858.0,6.0,tertiary,0.6639,1
231.3,3.94,6.04,513.0,5.0,residential,0.9032,1
156.2,3.2,7.22,84.0,5.0,secondary,0.7249,1
64.1,2.22,11.38,413.0,2.0,trunk,0.033,1
60.5,2.67,4.99,66.0,3.0,tertiary,0.4114,0
57.2,2.25,5.48,1326.0,4.0,tertiary,0.3938,1
112.1,1.66,11.76,965.0,1.0,tertiary,0.1722,1
98.5,1.67,8.23,345.0,3.0,residential,0.3538,1
66.4,2.27,10.01,135.0,3.0,residential,0.2309,0
75.8,2.02,9.21,2262.0,2.0,tertiary,0.0598,0
89.9,1.87,7.89,304.0,2.0,residential,0.3306,0
8.7,0.2,6.96,1364.0,3.0,secondary,0.0492,0
69.3,1.21,10.49,1044.0,0.0,residential,0.0411,0
53.7,1.91,11.49,1609.0,1.0,residential,0.0242,1
28.9,0.0,11.25,665.0,1.0,residential,0.0128,0
30.8,0.0,4.44,1030.0,5.0,trunk,0.1684,1
68.3,2.17,11.91,355.0,3.0,residential,0.0682,0
115.9,1.76,6.93,860.0,5.0,residential,0.6729,0
121.4,2.63,5.73,2145.0,2.0,residential,0.2255,1
134.3,3.67,7.49,376.0,6.0,tertiary,0.7164,1
121.6,1.45,10.49,99.0,2.0,trunk,0.0669,0
59.2,0.17,9.62,62.0,4.0,residential,0.0811,0
30.7,0.95,7.23,1733.0,3.0,primary,0.0885,0
38.4,0.71,10.51,2743.0,2.0,residential,0.0426,0
81.8,1.76,8.42,1487.0,2.0,tertiary,0.2686,0
99.6,2.43,6.28,370.0,5.0,residential,0.7179,1
165.4,3.05,5.88,383.0,5.0,tertiary,0.7823,0
232.8,3.63,9.23,403.0,3.0,tertiary,0.6921,0
62.7,2.4,7.75,1641.0,3.0,tertiary,0.1267,0
102.3,2.56,3.87,1174.0,4.0,residential,0.4206,1
139.0,2.32,10.54,654.0,4.0,secondary,0.1257,1
90.2,2.39,6.56,231.0,4.0,trunk,0.2047,0
39.5,0.04,12.78,200.0,4.0,tertiary,0.0804,1
46.1,2.2,3.79,1493.0,7.0,tertiary,0.6095,0
174.9,2.92,7.46,114.0,4.0,secondary,0.7651,1
66.6,0.64,5.9,309.0,0.0,residential,0.1553,0
72.3,1.33,5.07,523.0,8.0,primary,0.5637,1
7.8,1.72,6.54,484.0,2.0,residential,0.0844,0
207.3,2.67,13.31,1506.0,0.0,secondary,0.147,0
142.1,2.83,8.43,43.0,4.0,residential,0.7491,1
21.9,1.77,5.62,1626.0,7.0,residential,0.252,1
129.4,2.37,2.51,315.0,5.0,tertiary,0.6663,1
136.2,1.74,2.84,928.0,1.0,tertiary,0.5,0
282.2,4.14,6.39,1353.0,2.0,primary,0.4748,0
42.5,0.18,6.1,106.0,6.0,trunk,0.1981,0
124.0,1.9,7.33,120.0,4.0,residential,0.3066,1
55.3,0.58,1.18,2029.0,5.0,residential,0.5723,0
52.9,1.4,7.72,698.0,3.0,residential,0.2316,0
247.1,2.75,11.08,578.0,1.0,tertiary,0.2597,0
175.9,2.98,12.87,182.0,3.0,tertiary,0.2134,0
22.3,1.97,2.32,138.0,10.0,primary,0.8307,1
18.8,1.98,5.6,415.0,4.0,secondary,0.2175,0
133.0,1.4,5.44,1457.0,1.0,residential,0.241,0
77.5,1.2,8.44,1081.0,3.0,tertiary,0.0664,0
37.5,1.93,4.34,149.0,5.0,tertiary,0.5747,0
134.9,2.98,13.05,797.0,2.0,tertiary,0.0632,0
122.5,1.78,8.13,51.0,6.0,residential,0.7122,1
88.5,1.47,7.63,1491.0,2.0,residential,0.1004,0
95.3,2.01,12.78,571.0,4.0,residential,0.2184,0
40.4,0.0,7.95,119.0,3.0,residential,0.1549,0
121.7,2.68,9.2,707.0,7.0,secondary,0.4476,0
313.4,5.43,5.75,394.0,2.0,residential,0.9494,1
27.1,0.81,3.89,643.0,6.0,tertiary,0.6445,1
171.7,1.72,6.17,1740.0,2.0,tertiary,0.5086,1
33.0,2.33,14.56,1408.0,0.0,primary,0.0089,0
150.0,2.78,9.9,1362.0,5.0,residential,0.4695,1
75.9,2.28,8.82,1542.0,1.0,residential,0.0596,0
152.8,1.58,5.07,364.0,4.0,residential,0.7462,1
28.9,0.09,10.73,3192.0,3.0,residential,0.1153,0
98.3,2.31,3.93,443.0,8.0,residential,0.9025,1
163.1,3.58,3.3,3966.0,4.0,secondary,0.53,1
101.3,1.11,6.32,352.0,3.0,residential,0.3589,0
141.1,2.41,13.86,189.0,1.0,residential,0.1502,0
59.7,0.25,13.69,581.0,3.0,residential,0.0419,0
143.8,1.96,6.65,1.0,4.0,secondary,0.7156,1
245.2,3.54,5.98,689.0,6.0,primary,0.8067,1
59.0,1.9,3.08,1533.0,4.0,secondary,0.3272,0
139.4,0.79,8.23,38.0,4.0,tertiary,0.447,0
46.0,2.41,8.49,1494.0,6.0,secondary,0.23,0
263.2,3.82,10.37,675.0,3.0,tertiary,0.5112,1
22.6,2.11,10.73,370.0,6.0,residential,0.0702,0
117.6,2.77,7.41,2135.0,6.0,tertiary,0.1736,0
90.3,2.57,9.67,22.0,5.0,secondary,0.436,0
59.4,3.13,5.9,775.0,5.0,residential,0.4614,0
57.7,0.87,9.61,508.0,3.0,tertiary,0.0838,0
84.2,1.92,6.48,797.0,3.0,tertiary,0.2447,1
237.9,2.86,9.38,1658.0,1.0,tertiary,0.4794,0
106.6,2.0,9.14,1047.0,1.0,residential,0.0856,0
12.9,1.53,8.21,184.0,5.0,tertiary,0.2349,0
18.5,1.92,10.38,190.0,4.0,primary,0.1534,0
106.2,1.77,3.29,880.0,3.0,residential,0.3897,0
184.9,2.06,4.81,789.0,5.0,residential,0.9077,1
41.7,1.36,7.19,181.0,3.0,residential,0.3011,1
101.6,1.34,3.67,2061.0,4.0,residential,0.4895,1
186.9,2.58,6.78,1794.0,3.0,trunk,0.1062,0
113.9,2.7,6.88,8.0,3.0,tertiary,0.742,1
94.1,2.32,11.93,181.0,4.0,residential,0.4302,0
67.0,2.27,8.43,339.0,0.0,residential,0.0681,0
76.1,1.44,11.09,496.0,4.0,trunk,0.1482,0
144.8,3.34,8.91,324.0,2.0,residential,0.219,0
158.0,2.71,6.39,209.0,7.0,secondary,0.8668,1
155.9,2.44,8.4,137.0,2.0,residential,0.4508,1
47.6,0.49,10.19,792.0,4.0,residential,0.0579,0
4.2,0.0,11.58,1120.0,1.0,tertiary,0.0119,0
60.7,0.28,7.6,705.0,5.0,residential,0.2689,1
169.0,3.0,3.06,161.0,6.0,tertiary,0.897,1
275.3,3.38,2.85,946.0,4.0,residential,0.953,1
35.1,0.0,7.02,16.0,7.0,secondary,0.227,1
139.2,2.14,0.99,3381.0,5.0,secondary,0.7303,0
50.6,1.63,13.39,1473.0,2.0,secondary,0.0366,0
226.3,3.85,9.79,219.0,2.0,residential,0.6003,1
167.0,2.78,6.09,56.0,3.0,secondary,0.4425,0
111.7,2.09,4.67,326.0,5.0,trunk,0.4741,0
118.0,1.79,11.08,783.0,1.0,residential,0.0874,0
209.8,3.83,4.66,953.0,3.0,residential,0.7302,0
14.3,0.83,4.95,230.0,0.0,secondary,0.0874,1
81.3,1.71,5.7,716.0,6.0,residential,0.6167,1
30.6,2.0,8.34,70.0,8.0,tertiary,0.4845,1
116.5,2.83,9.86,1188.0,2.0,secondary,0.133,0
99.2,1.84,11.58,621.0,1.0,residential,0.081,0
111.5,1.88,11.13,589.0,5.0,tertiary,0.2767,1
26.3,0.85,8.0,441.0,5.0,tertiary,0.1649,0
186.2,1.42,11.06,1383.0,2.0,residential,0.2245,0
150.2,3.48,5.99,1810.0,4.0,primary,0.3803,0
59.2,0.96,2.54,122.0,7.0,residential,0.7668,1
158.7,3.39,5.99,332.0,2.0,residential,0.6699,0
7.3,0.92,5.58,10.0,8.0,secondary,0.5664,1
31.6,2.29,6.1,291.0,5.0,residential,0.4963,0
83.8,2.23,5.12,232.0,5.0,secondary,0.6354,0
68.0,2.35,6.62,61.0,2.0,residential,0.1517,0
218.7,2.95,9.86,64.0,7.0,tertiary,0.9365,1
142.9,1.49,13.15,1029.0,0.0,residential,0.028,0
251.4,3.93,2.82,382.0,4.0,tertiary,0.9701,1
21.9,0.0,4.14,955.0,2.0,secondary,0.06,1
67.5,1.24,5.63,413.0,3.0,secondary,0.3875,1
29.9,0.21,10.3,457.0,1.0,trunk,0.0044,0
112.1,1.47,7.39,681.0,3.0,tertiary,0.2928,0
22.0,1.54,5.83,63.0,7.0,secondary,0.4555,0
101.0,2.44,10.15,966.0,4.0,tertiary,0.2141,0
45.1,1.21,10.87,74.0,4.0,primary,0.1626,0
160.2,2.98,7.94,98.0,6.0,tertiary,0.8458,1
84.5,1.38,5.55,88.0,5.0,primary,0.5457,1
17.8,2.95,8.81,727.0,4.0,residential,0.2606,1
178.7,3.18,7.3,215.0,4.0,tertiary,0.6791,1
180.8,2.5,7.28,623.0,1.0,secondary,0.3264,0
153.9,3.35,6.46,540.0,7.0,residential,0.9162,1
58.2,2.49,10.77,428.0,1.0,residential,0.0769,0
131.9,1.76,8.75,135.0,3.0,trunk,0.167,0
192.2,1.97,11.11,25.0,6.0,residential,0.7888,1
77.9,0.76,12.01,427.0,4.0,residential,0.1158,0
80.8,1.23,9.38,1025.0,5.0,residential,0.2926,0
93.5,1.88,6.48,282.0,4.0,residential,0.4074,1
155.6,1.36,11.12,324.0,4.0,tertiary,0.31,1
104.1,1.72,9.4,428.0,0.0,primary,0.0444,0
138.6,2.3,15.81,459.0,1.0,trunk,0.015,0
74.8,1.96,8.93,202.0,5.0,tertiary,0.4971,1
73.3,2.17,10.09,456.0,2.0,tertiary,0.0744,0
142.3,2.83,8.87,1579.0,3.0,residential,0.2023,1
51.7,2.85,7.7,140.0,6.0,primary,0.2863,0
35.6,2.1,7.22,625.0,6.0,residential,0.3589,1
49.6,1.57,8.88,1540.0,2.0,residential,0.0716,0
70.7,0.87,9.56,2704.0,1.0,trunk,0.0346,0
88.8,1.33,11.46,846.0,5.0,primary,0.0556,0
58.5,0.36,8.93,423.0,4.0,residential,0.0768,0
64.1,1.69,6.61,48.0,4.0,tertiary,0.2033,0
115.8,2.46,7.02,3.0,7.0,tertiary,0.8646,1
44.7,2.05,4.03,207.0,3.0,residential,0.5597,1
152.1,2.84,12.98,366.0,1.0,residential,0.191,0
39.7,2.12,6.38,2138.0,4.0,residential,0.1748,0
87.0,2.7,10.9,537.0,3.0,tertiary,0.1349,0
82.7,0.97,8.83,642.0,2.0,residential,0.0435,0
217.7,3.0,8.91,737.0,3.0,tertiary,0.6945,1
75.7,1.7,7.65,177.0,0.0,residential,0.2028,0
167.4,2.24,5.64,69.0,7.0,primary,0.9069,1
142.5,2.32,5.09,237.0,5.0,tertiary,0.6747,1
55.5,1.71,13.19,1881.0,1.0,primary,0.0087,1
205.0,3.16,8.34,93.0,2.0,residential,0.695,1
57.8,1.49,11.38,253.0,2.0,tertiary,0.1297,1
68.5,0.87,12.15,301.0,3.0,secondary,0.0828,0
122.6,2.68,6.77,845.0,5.0,residential,0.527,0
63.3,1.91,9.27,660.0,6.0,residential,0.381,0
22.6,0.46,8.14,843.0,4.0,residential,0.0854,0
69.4,0.6,4.53,805.0,2.0,residential,0.1388,1
68.5,2.61,7.44,800.0,5.0,residential,0.3467,0
37.5,2.65,9.76,105.0,5.0,residential,0.2266,0
86.3,2.02,6.5,3079.0,0.0,residential,0.0459,0
87.7,1.56,7.03,1081.0,5.0,tertiary,0.3457,1
116.4,3.03,7.48,278.0,4.0,residential,0.5376,0
31.5,1.55,14.33,1192.0,1.0,residential,0.0075,0
33.4,1.03,2.5,1855.0,5.0,tertiary,0.3869,0
155.5,3.44,9.5,2102.0,4.0,residential,0.3794,0
38.9,0.62,7.24,1621.0,6.0,residential,0.2803,0
105.9,1.52,6.08,514.0,4.0,residential,0.4801,0
73.5,1.97,7.17,255.0,5.0,residential,0.4519,0
47.0,1.46,10.0,267.0,5.0,tertiary,0.3425,0
215.8,3.9,10.17,2275.0,2.0,residential,0.4585,0
88.7,2.82,8.56,1548.0,2.0,residential,0.1363,0
53.2,0.2,11.28,481.0,2.0,trunk,0.0127,0
18.3,1.05,11.81,402.0,2.0,primary,0.0127,0
135.6,3.95,10.45,385.0,4.0,residential,0.3046,1
38.6,0.79,6.36,772.0,1.0,residential,0.0639,0
203.4,2.67,9.48,2192.0,3.0,tertiary,0.4188,1
81.4,0.0,9.5,255.0,7.0,secondary,0.2238,0
400.0,5.68,5.55,1040.0,4.0,secondary,0.9575,1
68.4,2.09,3.29,637.0,1.0,residential,0.4158,1
37.2,1.71,1.93,621.0,2.0,residential,0.404,0
90.1,1.05,8.21,2087.0,0.0,residential,0.0739,0
51.4,1.41,8.89,1709.0,5.0,primary,0.1008,0
9.6,1.09,4.45,965.0,4.0,primary,0.129,0
160.1,2.76,11.14,393.0,0.0,residential,0.2133,0
107.9,1.22,8.46,614.0,3.0,tertiary,0.2272,0
43.6,1.39,12.05,16.0,3.0,residential,0.081,0
31.2,0.52,9.11,922.0,2.0,tertiary,0.0267,0
34.8,0.0,4.8,1733.0,4.0,primary,0.1914,1
86.6,2.38,9.37,461.0,3.0,tertiary,0.2038,1
300.1,4.51,10.01,1352.0,5.0,residential,0.651,0
72.5,2.14,6.36,92.0,5.0,tertiary,0.5337,0
17.2,0.58,3.67,982.0,1.0,residential,0.1481,0
38.2,1.76,8.3,170.0,5.0,secondary,0.2128,0
94.7,2.75,5.0,38.0,10.0,residential,0.9837,1
44.7,2.74,11.36,342.0,1.0,primary,0.0611,0
26.1,1.76,6.78,547.0,6.0,residential,0.2338,0
74.4,2.0,13.17,523.0,3.0,residential,0.0637,0
38.1,0.15,1.63,2032.0,4.0,residential,0.5832,1
98.9,1.9,8.4,471.0,3.0,residential,0.25,1
100.9,0.87,12.29,143.0,7.0,residential,0.4297,1
124.5,1.64,5.33,259.0,3.0,tertiary,0.4072,1
140.1,4.05,7.52,645.0,8.0,residential,0.6961,1
42.6,0.49,6.79,760.0,6.0,residential,0.4302,1
158.1,0.82,5.95,117.0,4.0,residential,0.5992,1
62.7,2.2,8.73,640.0,3.0,residential,0.4121,0
12.7,0.41,4.11,368.0,7.0,primary,0.4633,1
145.6,3.16,7.67,178.0,4.0,primary,0.4058,0
213.6,2.43,9.55,850.0,5.0,residential,0.7125,0
71.0,1.31,7.35,388.0,2.0,secondary,0.1203,0
164.1,3.73,5.0,850.0,5.0,secondary,0.7515,1
75.3,0.65,11.09,2205.0,2.0,trunk,0.0175,0
52.1,1.29,10.19,271.0,2.0,residential,0.095,0
76.2,1.95,4.88,15.0,7.0,residential,0.8923,1
82.6,1.22,4.12,1881.0,4.0,tertiary,0.4972,0
95.0,2.13,5.14,796.0,4.0,primary,0.4353,0
65.3,1.6,9.64,247.0,7.0,secondary,0.7146,1
141.3,2.92,8.83,131.0,8.0,tertiary,0.8162,0
119.8,3.71,10.37,837.0,3.0,residential,0.3966,1
34.8,3.36,7.02,167.0,3.0,secondary,0.3061,0
55.4,1.84,5.23,416.0,2.0,primary,0.1197,0
135.9,2.34,10.76,428.0,2.0,residential,0.1956,0
74.0,2.04,6.34,2497.0,3.0,tertiary,0.2712,0
44.9,1.15,8.56,375.0,3.0,residential,0.1155,0
72.0,0.39,3.35,708.0,4.0,tertiary,0.214,1
21.4,1.02,6.29,888.0,8.0,tertiary,0.5496,0
194.3,4.0,11.03,1280.0,3.0,secondary,0.2513,0
84.8,0.65,5.85,352.0,3.0,trunk,0.1215,1
51.3,0.63,10.44,109.0,4.0,residential,0.0726,0
20.4,0.58,1.01,285.0,5.0,residential,0.6287,1
260.2,4.22,6.32,2235.0,0.0,residential,0.6489,0
18.5,2.92,7.49,127.0,2.0,residential,0.1481,0
111.1,1.49,13.23,1232.0,3.0,residential,0.09,0
65.6,1.66,4.49,21.0,4.0,residential,0.8095,1
72.0,1.67,10.01,3260.0,2.0,residential,0.1127,0
78.8,1.5,11.17,634.0,1.0,residential,0.054,0
53.3,1.4,5.84,943.0,3.0,residential,0.214,0
83.1,1.43,6.88,263.0,5.0,secondary,0.3224,0
92.7,4.11,8.42,2574.0,3.0,residential,0.184,0
129.9,2.96,3.56,61.0,4.0,tertiary,0.8188,1
120.1,1.88,6.63,62.0,3.0,primary,0.3352,0
35.3,2.17,11.83,2574.0,4.0,tertiary,0.0484,0
41.8,1.51,9.57,38.0,4.0,residential,0.1072,0
158.5,2.75,7.53,16.0,4.0,residential,0.7721,1
58.9,1.36,8.34,282.0,4.0,tertiary,0.5034,1
106.4,1.88,9.74,532.0,1.0,tertiary,0.0508,0
181.6,2.0,10.32,568.0,3.0,residential,0.5478,1
86.8,0.5,6.33,2272.0,5.0,residential,0.54,0
33.9,1.5,12.6,38.0,3.0,tertiary,0.0848,0
34.5,1.06,11.95,2046.0,1.0,residential,0.0171,0
65.3,2.29,10.03,650.0,1.0,tertiary,0.0878,0
65.5,0.87,5.47,230.0,7.0,residential,0.8211,0
29.4,0.27,4.94,2656.0,8.0,residential,0.7108,0
39.8,1.9,7.02,1805.0,4.0,secondary,0.1569,1
121.2,2.02,8.18,291.0,3.0,residential,0.3854,0
160.4,3.41,2.69,132.0,4.0,tertiary,0.8827,1
60.3,1.55,9.48,521.0,3.0,residential,0.1422,0
1.9,2.32,11.86,567.0,2.0,residential,0.0426,0
114.3,2.78,9.73,918.0,0.0,primary,0.0453,0
15.5,1.31,5.97,67.0,1.0,residential,0.1286,0
22.8,1.71,5.62,76.0,10.0,residential,0.8318,1
70.8,1.43,8.9,1179.0,2.0,primary,0.1265,0
187.9,1.74,7.54,2972.0,4.0,secondary,0.4781,0
134.2,2.7,9.33,420.0,3.0,tertiary,0.3379,0
124.7,3.85,9.81,1997.0,2.0,residential,0.0491,0
71.4,0.0,11.28,35.0,4.0,residential,0.1642,1
27.0,1.5,4.6,750.0,5.0,tertiary,0.4139,0
169.4,1.61,8.66,260.0,5.0,residential,0.7035,1
27.9,1.12,6.91,1620.0,3.0,residential,0.1731,0
104.4,2.12,7.7,1226.0,7.0,secondary,0.3669,0
91.0,2.49,10.59,320.0,2.0,residential,0.1385,0
24.6,1.26,10.92,322.0,2.0,residential,0.1153,1
15.0,2.08,12.2,942.0,4.0,residential,0.0281,0
124.5,3.23,9.28,159.0,5.0,residential,0.4993,0
81.6,1.62,7.67,380.0,3.0,tertiary,0.1242,0
168.7,3.7,7.24,2190.0,2.0,primary,0.1976,0
100.9,1.76,2.8,2572.0,8.0,residential,0.9287,1
92.0,1.52,12.02,936.0,4.0,residential,0.1441,0
10.0,0.0,7.03,906.0,2.0,tertiary,0.1049,0
90.0,2.93,9.52,411.0,4.0,residential,0.1495,0
75.1,1.46,10.04,910.0,1.0,tertiary,0.0357,0
101.9,0.09,4.26,16.0,5.0,primary,0.3459,0
75.2,2.14,5.23,222.0,3.0,tertiary,0.6108,0
73.7,1.34,12.64,3344.0,3.0,residential,0.0628,0
70.1,1.4,8.87,20.0,5.0,trunk,0.2044,0
46.9,1.18,6.26,441.0,3.0,residential,0.2434,1
123.4,2.01,7.62,748.0,2.0,primary,0.1366,0
390.7,7.67,11.26,426.0,7.0,tertiary,0.9954,1
26.1,2.44,10.8,45.0,2.0,tertiary,0.2257,0
36.2,1.79,3.6,661.0,3.0,primary,0.3012,0
123.0,2.47,12.9,3338.0,1.0,tertiary,0.0665,0
63.7,2.47,10.9,622.0,1.0,residential,0.0464,0
54.1,1.64,7.54,959.0,4.0,residential,0.2655,0
15.1,1.63,4.42,272.0,3.0,tertiary,0.1088,0
38.2,1.71,11.16,741.0,3.0,tertiary,0.046,0
32.8,1.3,9.43,3700.0,3.0,residential,0.0378,0
16.0,1.74,3.63,3197.0,4.0,secondary,0.2668,0
153.9,2.31,7.3,589.0,4.0,tertiary,0.5031,1
86.9,1.89,17.38,772.0,3.0,residential,0.0394,0
366.2,4.41,8.05,653.0,6.0,residential,0.9805,1
93.9,1.24,5.77,525.0,2.0,residential,0.41,0
28.4,0.0,4.97,128.0,4.0,residential,0.1924,0
100.5,2.37,13.32,132.0,1.0,residential,0.0385,0
116.4,2.78,10.54,2168.0,2.0,residential,0.2504,0
50.2,2.27,12.22,961.0,2.0,residential,0.0326,0
113.8,1.28,8.74,15.0,7.0,residential,0.6779,1
111.8,2.49,11.76,638.0,2.0,tertiary,0.1508,0
40.3,1.28,5.46,310.0,4.0,residential,0.3112,1
129.1,2.94,8.49,894.0,3.0,trunk,0.0934,0
97.4,1.45,8.86,1229.0,2.0,primary,0.1874,0
80.9,1.5,12.15,1025.0,2.0,tertiary,0.0362,0
87.1,0.6,8.96,311.0,4.0,trunk,0.2425,0
28.1,0.56,6.12,1075.0,5.0,primary,0.187,0
199.1,3.19,8.19,2983.0,2.0,residential,0.5009,1
63.0,1.69,2.97,2732.0,3.0,secondary,0.405,0
58.1,0.15,1.04,149.0,7.0,residential,0.7681,0
103.3,1.63,10.49,1378.0,2.0,tertiary,0.112,0
331.4,4.9,6.88,611.0,7.0,tertiary,0.9914,1
132.8,3.52,7.22,2.0,1.0,residential,0.7659,1
63.8,0.89,10.49,761.0,2.0,residential,0.1176,0
102.4,2.42,12.19,891.0,3.0,trunk,0.0664,0
101.9,1.57,9.6,657.0,1.0,residential,0.1009,0
80.4,1.41,13.78,1742.0,1.0,residential,0.0167,0
29.3,0.45,9.51,45.0,2.0,residential,0.1366,0
135.7,1.59,8.91,418.0,1.0,tertiary,0.1307,0
55.0,1.08,8.72,309.0,3.0,secondary,0.0882,1
43.3,2.16,4.14,109.0,8.0,secondary,0.7869,1
59.7,0.91,10.87,78.0,5.0,residential,0.1096,0
161.2,2.01,0.66,69.0,7.0,residential,0.9693,1
54.0,1.62,6.24,2074.0,4.0,residential,0.1953,0
74.3,1.7,8.07,795.0,7.0,tertiary,0.28,0
278.0,4.08,5.63,191.0,4.0,secondary,0.9081,1
56.9,1.69,6.64,270.0,4.0,secondary,0.2694,0
72.2,0.86,13.52,953.0,2.0,residential,0.0586,0
79.5,1.03,11.31,3901.0,6.0,tertiary,0.1729,1
56.4,2.27,5.94,207.0,5.0,residential,0.4189,1
71.5,1.54,6.59,998.0,3.0,tertiary,0.1545,1
86.8,2.32,4.17,140.0,7.0,tertiary,0.8628,1
54.3,2.43,10.11,7.0,7.0,tertiary,0.6723,1
14.2,1.65,7.25,574.0,7.0,tertiary,0.4572,1
21.7,0.0,2.1,185.0,3.0,primary,0.2074,1
77.3,1.63,8.3,1225.0,3.0,residential,0.3082,0
218.3,4.25,9.32,37.0,4.0,residential,0.8863,1
62.9,1.97,10.89,762.0,2.0,residential,0.0405,0
96.2,2.1,7.78,1919.0,2.0,tertiary,0.1241,0
169.4,1.52,6.88,112.0,2.0,tertiary,0.6378,1
112.7,1.66,13.96,306.0,3.0,tertiary,0.1205,0
79.0,1.8,8.02,865.0,1.0,secondary,0.1267,1
72.4,0.53,10.16,364.0,5.0,residential,0.2027,0
45.8,1.98,6.38,1866.0,7.0,tertiary,0.4399,1
133.2,2.3,10.07,82.0,5.0,secondary,0.4639,1
162.6,1.17,3.63,484.0,3.0,residential,0.5897,1
0.8,0.36,6.61,41.0,1.0,residential,0.0668,0
133.8,2.18,4.38,986.0,5.0,residential,0.6848,1
117.6,2.11,6.19,362.0,8.0,residential,0.809,1
59.5,2.65,11.75,1277.0,3.0,secondary,0.0631,0
45.9,1.81,6.16,576.0,5.0,primary,0.2496,0
107.1,0.99,10.15,568.0,4.0,tertiary,0.3223,0
21.5,0.0,12.55,309.0,1.0,residential,0.0109,0
61.1,1.32,7.92,238.0,4.0,tertiary,0.2078,1
95.9,2.05,10.98,80.0,3.0,secondary,0.0826,0
185.1,3.81,9.59,369.0,3.0,residential,0.4601,1
234.2,4.99,8.35,219.0,5.0,secondary,0.9322,1
32.1,2.61,10.25,1567.0,1.0,residential,0.0522,0
101.7,1.67,13.52,1758.0,1.0,residential,0.0485,0
79.2,2.5,6.09,1406.0,2.0,residential,0.3361,1
122.1,2.61,5.12,774.0,2.0,residential,0.4801,0
70.3,0.77,4.95,882.0,4.0,primary,0.2445,0
126.9,0.81,10.98,715.0,4.0,residential,0.2848,0
94.4,2.05,11.39,354.0,5.0,residential,0.2097,0
50.2,0.21,6.39,157.0,5.0,residential,0.1794,0
127.7,1.65,1.59,1344.0,6.0,residential,0.8268,1
71.6,1.11,5.98,993.0,6.0,residential,0.4688,0
83.6,1.98,9.64,275.0,3.0,residential,0.2296,0
37.5,2.27,7.8,383.0,6.0,tertiary,0.2782,0
64.7,1.59,8.54,1627.0,3.0,residential,0.108,0
182.7,2.56,6.43,310.0,3.0,secondary,0.7009,1
51.7,0.0,11.04,501.0,4.0,residential,0.0529,0
235.1,3.99,9.03,719.0,4.0,secondary,0.6228,0
85.9,1.85,9.76,486.0,4.0,secondary,0.1339,0
98.0,1.54,8.48,436.0,1.0,residential,0.068,0
44.0,2.26,9.57,720.0,4.0,residential,0.1292,1
133.4,1.45,9.38,1127.0,1.0,primary,0.0479,0
20.0,0.49,5.22,830.0,4.0,tertiary,0.1744,0
66.1,1.4,9.12,2147.0,6.0,tertiary,0.2556,0
44.2,0.88,10.37,3572.0,5.0,residential,0.0506,0
24.1,1.53,11.47,26.0,7.0,residential,0.4144,1
121.9,2.63,9.25,942.0,4.0,tertiary,0.6324,0
68.2,2.46,5.1,266.0,6.0,primary,0.4338,0
83.5,2.2,5.57,594.0,9.0,residential,0.7863,0
46.0,1.26,6.69,122.0,5.0,secondary,0.2365,0
140.3,2.21,8.57,424.0,7.0,tertiary,0.5594,0
93.9,2.29,7.63,307.0,6.0,residential,0.8121,1
205.2,3.11,4.63,811.0,5.0,residential,0.8462,0
48.3,1.42,4.61,1297.0,4.0,residential,0.4257,1
48.1,1.78,1.7,33.0,9.0,residential,0.9636,1
113.8,2.28,0.0,18.0,6.0,tertiary,0.9696,1
219.2,3.68,7.6,1443.0,10.0,residential,0.9668,1
54.1,0.82,14.96,373.0,2.0,residential,0.0125,0
7.5,1.97,13.39,716.0,4.0,tertiary,0.0534,1
27.6,0.25,5.07,231.0,10.0,tertiary,0.6737,0
182.6,3.34,8.45,651.0,3.0,tertiary,0.6724,1
63.9,1.18,3.61,310.0,3.0,tertiary,0.2869,0
250.2,4.67,4.06,343.0,4.0,residential,0.9276,1
31.9,1.89,4.41,259.0,8.0,tertiary,0.7194,1
114.4,2.17,7.32,991.0,5.0,residential,0.5543,1
116.1,3.44,7.45,91.0,4.0,residential,0.5122,0
21.5,0.91,8.76,1541.0,3.0,residential,0.0677,0
22.0,1.77,9.99,354.0,3.0,tertiary,0.0468,0
65.7,1.01,6.99,239.0,1.0,tertiary,0.1728,0
121.6,2.58,8.11,1013.0,3.0,residential,0.2358,0
104.2,1.3,4.72,3209.0,4.0,primary,0.4433,0
70.2,1.66,3.97,14.0,6.0,secondary,0.6265,1
68.3,1.58,3.5,1509.0,7.0,residential,0.7361,0
10.6,1.63,9.95,1438.0,2.0,tertiary,0.0169,0
38.9,0.73,6.99,749.0,3.0,residential,0.1471,0
17.7,3.47,2.39,1663.0,3.0,trunk,0.0931,0
102.6,0.93,7.81,826.0,7.0,residential,0.7364,1
27.8,1.32,4.25,2332.0,8.0,residential,0.7411,1
180.7,3.2,12.98,248.0,4.0,residential,0.4848,0
83.4,2.23,6.26,1255.0,4.0,residential,0.471,0
37.8,0.84,10.04,881.0,2.0,tertiary,0.0359,0
161.5,2.93,11.27,3728.0,0.0,tertiary,0.0883,0
25.2,0.65,5.14,127.0,3.0,residential,0.2216,0
25.8,2.61,8.23,446.0,3.0,tertiary,0.166,0
36.6,0.73,9.66,864.0,3.0,primary,0.045,0
162.1,2.63,8.35,535.0,2.0,secondary,0.2816,1
251.7,3.29,9.08,49.0,7.0,tertiary,0.8979,1
17.8,0.37,4.01,323.0,7.0,residential,0.4707,0
400.0,4.48,9.66,536.0,3.0,residential,0.974,1
124.4,2.83,6.54,297.0,2.0,primary,0.2885,0
55.8,0.93,9.05,647.0,4.0,secondary,0.0854,0
116.5,1.56,10.76,870.0,1.0,tertiary,0.0739,0
164.4,2.0,10.01,601.0,1.0,primary,0.0536,0
38.5,1.51,9.05,401.0,5.0,residential,0.186,0
165.1,2.8,9.93,492.0,2.0,tertiary,0.2906,0
79.1,1.77,10.07,1547.0,3.0,residential,0.1434,0
17.4,0.4,12.49,1694.0,0.0,residential,0.0135,0
123.5,2.63,7.9,184.0,4.0,tertiary,0.712,1
211.7,2.81,8.49,983.0,3.0,residential,0.4468,1
107.7,2.15,10.8,27.0,2.0,primary,0.0692,0
30.8,1.06,6.53,888.0,3.0,residential,0.1354,0
108.9,0.76,3.99,266.0,4.0,secondary,0.4279,0
96.1,3.58,9.48,436.0,2.0,secondary,0.1734,0
116.0,2.65,7.38,11.0,4.0,tertiary,0.6149,1
16.2,1.14,4.38,267.0,4.0,primary,0.2106,1
18.6,1.29,9.5,450.0,4.0,residential,0.1222,0
50.6,3.05,12.29,37.0,7.0,residential,0.6037,0
144.1,3.44,3.11,532.0,4.0,residential,0.8078,0
129.1,2.63,11.07,792.0,3.0,residential,0.2091,0
155.5,2.1,0.39,294.0,7.0,primary,0.9704,1
117.5,1.77,6.8,114.0,7.0,tertiary,0.588,0
137.1,1.0,13.52,104.0,2.0,residential,0.1133,0
95.7,1.65,7.02,275.0,2.0,residential,0.2688,1
70.6,2.18,8.27,829.0,2.0,tertiary,0.116,0
126.1,2.82,10.29,899.0,2.0,secondary,0.145,0
28.0,1.63,2.85,2282.0,9.0,residential,0.6908,1
35.5,0.81,8.22,1175.0,1.0,secondary,0.0298,1
25.2,1.54,8.19,246.0,3.0,tertiary,0.1718,0
90.7,2.55,13.59,1483.0,1.0,secondary,0.0193,0
28.5,0.0,4.29,201.0,7.0,residential,0.4197,1
6.5,1.12,6.86,882.0,9.0,tertiary,0.5622,0
21.2,2.72,5.21,550.0,6.0,residential,0.5751,0
211.9,3.11,4.9,275.0,5.0,residential,0.9289,1
91.4,0.0,11.38,1900.0,1.0,secondary,0.0408,0
161.3,2.09,8.08,239.0,5.0,tertiary,0.7097,1
18.1,0.0,6.33,292.0,6.0,residential,0.2938,1
113.7,1.66,6.45,750.0,3.0,primary,0.2487,0
25.9,0.13,6.31,1872.0,4.0,residential,0.1164,0
111.3,2.88,6.58,828.0,1.0,tertiary,0.1785,0
155.5,3.29,4.21,5.0,4.0,trunk,0.883,1
124.0,2.56,7.22,97.0,4.0,tertiary,0.8284,1
84.0,2.79,6.92,2067.0,4.0,secondary,0.231,0
204.3,2.8,5.73,354.0,4.0,tertiary,0.7231,0
143.9,2.59,8.47,37.0,5.0,secondary,0.6308,1
41.8,3.06,8.72,172.0,2.0,tertiary,0.093,0
27.1,1.59,6.33,200.0,4.0,tertiary,0.3316,1
347.6,5.44,7.57,507.0,9.0,residential,0.9931,1
44.2,0.72,14.48,313.0,3.0,secondary,0.0138,0
72.8,1.34,14.36,1857.0,0.0,residential,0.0126,0
34.0,0.41,4.84,2972.0,2.0,trunk,0.0984,0
138.4,3.81,5.26,543.0,4.0,residential,0.7134,1
37.3,0.0,4.82,251.0,6.0,residential,0.3615,1
81.2,2.51,11.17,27.0,5.0,primary,0.3732,0
108.3,2.56,6.8,87.0,4.0,residential,0.6877,1
47.5,0.09,8.72,620.0,3.0,residential,0.0762,0
107.2,3.0,13.99,825.0,2.0,secondary,0.0412,0
237.8,3.45,7.97,16.0,3.0,residential,0.7545,0
95.4,0.89,10.12,1177.0,1.0,residential,0.0813,0
130.5,2.66,9.56,481.0,3.0,tertiary,0.6022,0
59.0,0.85,6.24,2545.0,5.0,residential,0.4703,0
55.0,1.3,11.18,655.0,2.0,residential,0.0524,0
25.7,0.7,5.45,1628.0,2.0,residential,0.1438,0
89.2,1.17,12.02,447.0,1.0,residential,0.068,0
162.8,1.8,6.24,1008.0,2.0,residential,0.4905,0
125.6,2.95,6.57,211.0,5.0,residential,0.7408,1
54.6,1.72,4.73,2139.0,7.0,tertiary,0.2841,0
63.7,1.77,5.23,5.0,6.0,tertiary,0.6405,1
240.1,3.39,6.72,355.0,3.0,residential,0.7857,0
115.1,2.22,0.71,106.0,7.0,residential,0.9536,1
140.8,1.9,7.3,1102.0,3.0,primary,0.1659,0
153.0,2.03,6.48,240.0,3.0,tertiary,0.6207,1
56.8,2.85,10.37,53.0,4.0,residential,0.5846,1
51.4,2.12,9.27,556.0,2.0,tertiary,0.1302,0
55.9,1.02,5.88,600.0,7.0,residential,0.5538,0
50.3,0.21,6.62,572.0,3.0,secondary,0.2351,0
208.2,1.94,7.3,152.0,3.0,primary,0.6707,1
70.0,1.13,12.46,896.0,2.0,primary,0.033,0
188.3,3.15,5.53,778.0,3.0,residential,0.6066,1
71.9,1.76,5.84,1644.0,6.0,residential,0.4736,1
75.4,1.82,4.61,1412.0,2.0,residential,0.3169,0
12.3,1.22,3.55,2554.0,2.0,residential,0.3706,1
53.3,0.61,8.92,1203.0,2.0,residential,0.1529,0
212.0,4.55,8.61,316.0,5.0,tertiary,0.8806,1
206.7,3.12,11.85,459.0,3.0,residential,0.4408,0
52.2,1.66,11.12,67.0,3.0,primary,0.1002,0
7.3,0.36,15.19,2279.0,1.0,residential,0.0094,0
35.0,1.47,7.78,324.0,4.0,residential,0.3758,0
51.8,3.08,7.22,1827.0,7.0,primary,0.1813,0
52.1,0.63,4.1,1628.0,7.0,secondary,0.5274,0
52.1,0.53,10.09,528.0,4.0,residential,0.1698,0
82.4,1.1,8.36,669.0,3.0,tertiary,0.2789,1
31.5,0.91,9.95,442.0,5.0,residential,0.3215,0
73.5,1.26,4.58,22.0,6.0,residential,0.5503,0
99.9,1.17,9.05,1422.0,1.0,tertiary,0.057,0
55.5,1.43,8.62,677.0,5.0,residential,0.2423,0
85.5,3.08,8.42,444.0,0.0,tertiary,0.0589,0
235.8,3.51,5.95,195.0,4.0,residential,0.9648,1
129.5,2.28,11.57,266.0,0.0,tertiary,0.0904,0
116.5,2.47,14.15,128.0,1.0,secondary,0.1072,0
59.4,2.03,4.67,1479.0,2.0,residential,0.2052,1
50.1,2.5,10.16,21.0,7.0,residential,0.614,1
76.8,1.91,0.0,57.0,5.0,residential,0.7957,1
114.7,2.17,10.01,133.0,6.0,secondary,0.3527,1
94.7,1.14,2.39,569.0,3.0,tertiary,0.3779,0
87.9,2.45,6.43,567.0,6.0,secondary,0.3007,0
144.5,1.86,4.06,588.0,7.0,residential,0.9189,1
110.0,1.42,7.35,40.0,4.0,residential,0.5067,1
138.3,2.61,10.52,395.0,3.0,tertiary,0.3757,0
37.2,2.48,2.43,2447.0,4.0,residential,0.4068,1
26.8,1.7,6.92,306.0,5.0,secondary,0.3644,1
222.3,3.44,6.46,643.0,4.0,residential,0.868,1
6.6,0.09,12.74,509.0,3.0,residential,0.0249,0
30.1,2.38,9.3,1588.0,2.0,tertiary,0.0533,0
59.0,1.46,4.47,950.0,4.0,tertiary,0.3818,1
187.0,2.81,6.59,227.0,2.0,tertiary,0.744,0
26.0,1.56,12.67,443.0,5.0,residential,0.088,0
13.1,0.6,10.14,1.0,3.0,primary,0.0435,0
39.1,0.67,5.25,291.0,4.0,secondary,0.1252,0
53.5,0.92,7.2,1777.0,3.0,primary,0.0571,0
84.7,1.29,7.29,1393.0,1.0,tertiary,0.0724,0
118.3,1.32,6.39,201.0,5.0,tertiary,0.6335,1
147.7,1.58,2.87,0.0,7.0,tertiary,0.9049,1
20.7,1.83,5.97,428.0,6.0,residential,0.4427,1
5.8,1.4,12.17,73.0,1.0,residential,0.0264,0
82.6,1.13,6.86,1293.0,2.0,tertiary,0.1487,0
25.5,1.82,7.69,207.0,2.0,residential,0.1989,0
48.8,1.63,8.42,466.0,2.0,residential,0.1241,1
61.8,1.28,14.65,198.0,1.0,primary,0.0111,0
51.9,0.44,8.03,629.0,1.0,residential,0.0884,0
11.3,1.21,11.28,1285.0,2.0,tertiary,0.0523,0
89.2,3.36,6.21,314.0,4.0,tertiary,0.5401,1
277.7,4.14,7.22,186.0,1.0,residential,0.7749,1
73.6,2.48,8.04,86.0,3.0,primary,0.1321,0
307.7,4.32,5.68,200.0,3.0,residential,0.9599,1
6.4,1.61,7.39,2158.0,3.0,primary,0.0272,0
38.5,1.14,10.66,78.0,5.0,secondary,0.0426,0
248.0,1.85,5.6,358.0,2.0,residential,0.7362,0
37.5,0.67,8.0,12.0,3.0,residential,0.1752,1
94.1,2.04,10.13,1056.0,8.0,residential,0.6514,0
74.9,2.57,5.53,162.0,6.0,residential,0.7369,1
60.1,1.4,11.29,1237.0,4.0,residential,0.1109,0
148.9,2.61,8.22,608.0,3.0,trunk,0.2622,1
77.0,1.25,7.5,850.0,2.0,residential,0.1565,0
130.9,3.62,1.98,1141.0,3.0,secondary,0.4991,0
252.3,5.03,6.88,878.0,3.0,residential,0.9106,1
152.2,2.09,9.11,1623.0,3.0,trunk,0.0869,0
29.9,0.0,13.24,240.0,4.0,residential,0.0501,0
351.6,3.57,9.7,2010.0,2.0,residential,0.6314,0
115.5,2.67,11.38,1174.0,6.0,tertiary,0.2764,0
64.9,1.69,4.37,255.0,2.0,residential,0.3886,0
25.0,0.47,7.62,925.0,3.0,secondary,0.0682,0
80.9,1.99,11.66,1166.0,1.0,residential,0.0242,0
41.2,0.31,5.34,562.0,5.0,tertiary,0.2674,0
19.1,1.66,10.9,527.0,3.0,tertiary,0.086,0
27.4,0.82,10.2,279.0,7.0,tertiary,0.1127,0
15.7,0.12,8.82,37.0,8.0,residential,0.5153,1
57.1,1.19,7.01,869.0,1.0,residential,0.1038,0
69.8,1.32,5.04,139.0,4.0,residential,0.5703,1
104.2,2.34,13.33,2281.0,3.0,residential,0.0413,0
113.0,3.09,9.9,2426.0,1.0,residential,0.081,0
49.4,2.28,9.02,802.0,1.0,primary,0.0243,0
55.0,1.59,6.76,962.0,4.0,tertiary,0.2396,1
90.0,1.73,8.11,482.0,3.0,tertiary,0.1322,0
28.8,0.69,8.49,96.0,1.0,residential,0.0463,0
127.2,0.91,9.2,1893.0,1.0,residential,0.2732,1
59.0,1.49,10.2,169.0,2.0,tertiary,0.1158,0
142.8,1.83,5.65,2.0,6.0,residential,0.8802,1
83.6,2.78,3.6,2082.0,5.0,residential,0.6127,0
64.6,1.41,8.25,1645.0,3.0,tertiary,0.2176,0
171.8,3.46,2.76,45.0,3.0,tertiary,0.9085,0
17.9,0.63,7.03,1292.0,4.0,trunk,0.1045,0
100.8,1.47,6.47,938.0,4.0,residential,0.1591,0
222.5,3.95,9.48,1279.0,2.0,tertiary,0.3339,0
86.4,2.06,13.95,261.0,2.0,residential,0.0556,0
73.8,1.94,2.17,630.0,3.0,residential,0.4589,0
145.4,2.47,14.82,1138.0,2.0,secondary,0.06,0
49.1,2.02,7.3,234.0,6.0,residential,0.4734,1
61.4,2.05,9.04,689.0,5.0,tertiary,0.2026,0
25.1,0.0,3.76,699.0,1.0,residential,0.0928,0
46.7,1.15,10.99,1259.0,2.0,residential,0.0379,0
121.0,3.06,8.12,219.0,5.0,primary,0.2603,1
62.7,0.74,7.82,2313.0,1.0,residential,0.0688,0
35.0,0.0,2.19,6.0,10.0,secondary,0.6604,1
177.0,2.81,8.22,46.0,7.0,residential,0.957,1
160.9,3.15,10.54,313.0,2.0,primary,0.2666,1
38.9,0.9,7.29,348.0,3.0,residential,0.231,0
160.0,3.75,11.52,176.0,4.0,residential,0.4087,1
118.7,3.7,11.4,2421.0,2.0,secondary,0.0919,0
90.3,0.34,6.08,95.0,5.0,residential,0.3862,1
232.2,3.28,12.79,1293.0,3.0,residential,0.3349,0
100.2,0.18,8.14,840.0,1.0,trunk,0.0449,0
42.1,1.83,8.15,148.0,5.0,tertiary,0.1793,0
57.7,0.95,8.3,299.0,4.0,tertiary,0.1178,0
16.8,0.62,8.21,42.0,6.0,tertiary,0.2876,0
115.9,3.11,0.11,180.0,5.0,secondary,0.9321,1
229.7,2.49,7.44,1279.0,3.0,primary,0.282,0
101.1,0.75,3.91,1037.0,5.0,tertiary,0.6912,1
90.4,0.06,12.88,40.0,4.0,residential,0.0763,0
142.4,3.53,12.76,953.0,4.0,residential,0.1157,0
126.7,3.15,10.56,26.0,2.0,tertiary,0.2994,0
180.1,2.73,7.28,90.0,1.0,secondary,0.3239,0
76.7,0.7,4.98,50.0,8.0,tertiary,0.6596,1
108.0,2.76,6.03,491.0,4.0,residential,0.4801,1
73.5,3.89,13.83,72.0,1.0,residential,0.1523,0
24.6,0.91,5.92,128.0,4.0,tertiary,0.3113,1
30.1,0.2,0.93,585.0,5.0,secondary,0.6091,1
44.7,2.33,11.09,1040.0,2.0,residential,0.0702,0
23.7,0.18,12.5,717.0,1.0,tertiary,0.0054,0
88.1,1.56,12.98,147.0,2.0,secondary,0.0274,0
149.1,0.48,11.12,5000.0,2.0,primary,0.115,0
49.6,1.15,11.6,135.0,1.0,residential,0.0354,0
13.5,0.0,8.16,385.0,6.0,primary,0.1046,0
40.8,2.3,1.77,177.0,7.0,tertiary,0.8698,0
63.0,0.78,8.08,217.0,7.0,secondary,0.5268,1
141.7,3.12,9.86,561.0,3.0,residential,0.3727,0
81.9,1.7,7.59,2126.0,3.0,tertiary,0.1108,0
81.7,1.88,7.46,2135.0,6.0,tertiary,0.2352,0
111.8,2.56,5.11,460.0,3.0,residential,0.3871,0
157.8,2.65,4.99,226.0,6.0,residential,0.9361,1
223.8,2.97,13.51,310.0,1.0,tertiary,0.3026,1
49.8,0.75,13.62,747.0,3.0,tertiary,0.031,0
76.7,2.13,7.99,54.0,0.0,residential,0.0879,0
49.7,0.0,8.84,1662.0,4.0,residential,0.2028,0
107.6,3.43,5.06,39.0,5.0,residential,0.8826,1
13.4,1.07,9.93,839.0,2.0,primary,0.0148,0
265.4,3.71,13.28,4775.0,2.0,trunk,0.1233,0
116.2,2.41,3.41,284.0,5.0,residential,0.8449,1
103.3,1.56,9.39,1168.0,4.0,residential,0.1903,0
41.8,1.16,9.62,1133.0,2.0,residential,0.0371,0
56.5,0.57,9.58,477.0,4.0,tertiary,0.1298,0
23.8,1.39,12.93,68.0,2.0,primary,0.0229,0
39.7,1.21,14.11,464.0,2.0,tertiary,0.0079,0
157.8,2.84,7.3,414.0,6.0,residential,0.7712,1
16.7,2.19,10.02,497.0,5.0,residential,0.1062,0
302.7,3.79,8.25,1922.0,3.0,residential,0.7862,0
179.7,2.85,6.1,155.0,5.0,secondary,0.6638,1
101.7,0.7,8.81,973.0,4.0,tertiary,0.1229,0
37.1,1.69,10.01,607.0,3.0,tertiary,0.024,0
131.0,2.36,8.65,469.0,5.0,residential,0.5684,0
122.1,2.28,5.36,2843.0,1.0,primary,0.0712,0
48.9,1.26,6.61,1296.0,3.0,residential,0.0974,0
114.3,1.71,6.63,2329.0,1.0,secondary,0.1221,0
62.8,3.55,5.47,1729.0,1.0,primary,0.0703,0
12.1,0.98,8.94,795.0,4.0,tertiary,0.1129,0
25.4,1.34,9.25,582.0,2.0,primary,0.047,0
175.2,1.99,10.94,2248.0,3.0,residential,0.3532,0
54.5,2.16,5.43,460.0,4.0,tertiary,0.5445,0
43.5,1.22,6.27,1081.0,2.0,residential,0.2066,1
87.8,2.21,12.66,1010.0,3.0,tertiary,0.0735,0
7.8,1.62,7.51,184.0,4.0,residential,0.2213,0
80.5,1.68,8.09,118.0,4.0,residential,0.446,1
92.2,1.37,7.47,290.0,4.0,residential,0.1747,1
128.4,0.48,11.4,1284.0,4.0,residential,0.1728,0
30.4,0.86,11.52,1948.0,2.0,tertiary,0.0108,0
48.1,0.83,11.34,10.0,3.0,tertiary,0.0509,0
90.6,0.97,8.08,738.0,5.0,residential,0.198,0
33.2,2.36,5.38,744.0,4.0,trunk,0.1736,0
96.4,2.74,13.78,1763.0,1.0,primary,0.02,0
87.6,0.39,10.57,576.0,2.0,residential,0.14,1
7.0,1.01,6.63,3461.0,1.0,residential,0.0354,0
155.2,2.01,12.27,607.0,2.0,tertiary,0.0907,1
34.0,1.5,6.39,3417.0,6.0,secondary,0.3664,0
82.2,1.15,12.23,56.0,2.0,residential,0.0652,0
268.0,3.58,12.43,515.0,2.0,secondary,0.2998,0
37.6,2.02,5.24,442.0,6.0,residential,0.6124,1
112.4,2.8,9.75,661.0,0.0,residential,0.1174,0
313.8,5.77,10.35,933.0,3.0,secondary,0.7685,1
125.0,2.13,15.84,173.0,0.0,tertiary,0.0394,0
178.7,1.78,5.77,53.0,6.0,secondary,0.8153,1
27.3,1.86,12.3,146.0,0.0,residential,0.0524,0
222.6,4.21,8.05,530.0,6.0,residential,0.917,1
12.4,1.45,4.28,210.0,8.0,residential,0.6892,1
118.8,1.63,7.64,1493.0,3.0,residential,0.3667,0
79.5,0.9,8.01,289.0,3.0,residential,0.2097,0
61.4,1.97,4.82,883.0,2.0,tertiary,0.1361,1
52.7,0.72,8.94,1301.0,7.0,tertiary,0.296,0
127.1,2.08,10.87,457.0,3.0,tertiary,0.3723,0
41.8,3.63,8.71,367.0,3.0,residential,0.3213,0
55.2,3.17,6.37,29.0,9.0,residential,0.9219,1
119.4,2.87,7.55,1487.0,7.0,tertiary,0.4567,0
173.7,2.36,7.99,380.0,3.0,residential,0.3901,0
72.7,1.09,8.65,544.0,6.0,primary,0.1963,0
228.8,4.12,11.33,178.0,4.0,residential,0.7299,1
91.8,3.1,8.82,972.0,2.0,tertiary,0.1246,0
85.1,1.41,3.79,284.0,2.0,primary,0.2667,0
400.0,5.23,6.31,975.0,1.0,tertiary,0.813,1
106.9,2.15,8.5,1.0,7.0,tertiary,0.6391,1
287.6,3.14,11.37,656.0,4.0,tertiary,0.6214,0
399.1,4.5,11.89,1807.0,1.0,residential,0.7008,1
28.3,0.2,13.32,484.0,1.0,tertiary,0.0153,0
41.2,1.73,8.39,1147.0,4.0,primary,0.051,0
15.7,1.21,10.29,758.0,1.0,trunk,0.0067,0
134.0,3.32,3.64,408.0,3.0,residential,0.6181,0
135.4,1.04,9.29,726.0,3.0,residential,0.3284,0
50.0,0.19,4.77,889.0,7.0,secondary,0.4103,1
6.4,1.24,7.81,1640.0,1.0,tertiary,0.0374,0
110.9,1.43,17.09,426.0,1.0,residential,0.0254,0
17.4,0.37,8.91,760.0,7.0,residential,0.3751,0
68.2,2.43,5.41,113.0,3.0,residential,0.3477,0
139.4,2.03,9.22,677.0,1.0,tertiary,0.2336,0
89.9,1.53,6.45,3313.0,3.0,residential,0.3115,0
172.7,2.67,5.12,752.0,4.0,residential,0.8524,1
65.0,1.43,14.31,80.0,2.0,residential,0.089,1
43.0,1.86,11.2,200.0,2.0,primary,0.0414,0
35.8,0.26,9.04,892.0,3.0,residential,0.0612,0
136.7,2.29,6.82,291.0,5.0,residential,0.7538,1
75.2,2.63,7.07,206.0,4.0,tertiary,0.2961,0
41.0,3.0,12.63,955.0,3.0,residential,0.0541,0
106.9,1.0,8.92,961.0,2.0,trunk,0.0457,0
14.1,1.23,0.0,4456.0,10.0,primary,0.7771,1
84.1,1.66,15.26,140.0,2.0,residential,0.0162,0
99.2,1.91,8.55,592.0,5.0,residential,0.3736,1
109.8,1.49,9.03,172.0,3.0,residential,0.2991,0
229.8,4.16,11.26,786.0,1.0,residential,0.25,0
62.1,2.11,9.4,507.0,1.0,residential,0.0776,0
100.3,4.02,10.24,354.0,6.0,residential,0.4234,1
113.0,1.1,6.73,1012.0,4.0,residential,0.4859,1
75.9,0.31,4.31,1130.0,4.0,tertiary,0.3691,0
25.3,2.75,8.84,221.0,4.0,residential,0.496,1
146.4,2.52,12.29,235.0,1.0,residential,0.1743,1
6.2,0.51,6.06,182.0,6.0,tertiary,0.32,0
27.0,1.27,5.82,366.0,4.0,residential,0.2265,0
60.6,0.41,11.66,1196.0,1.0,residential,0.0561,0
26.9,1.42,6.63,152.0,5.0,residential,0.3055,0
83.8,1.74,6.77,18.0,3.0,residential,0.6348,1
184.8,3.88,6.88,2841.0,3.0,residential,0.6911,0
294.7,5.02,7.81,406.0,3.0,secondary,0.8329,1
77.1,2.48,3.28,2.0,7.0,primary,0.8136,1
106.3,2.23,6.38,1579.0,5.0,residential,0.3822,1
83.5,3.09,8.69,100.0,4.0,residential,0.3432,0
73.7,2.15,8.67,1430.0,3.0,secondary,0.1172,0
74.0,1.26,11.47,668.0,0.0,tertiary,0.0267,0
258.3,3.25,13.52,781.0,1.0,residential,0.3047,0
8.5,0.34,12.54,1538.0,1.0,residential,0.0134,0
155.5,3.14,10.74,365.0,0.0,residential,0.24,0
37.2,0.18,7.55,13.0,4.0,tertiary,0.1456,0
66.2,1.72,6.13,370.0,1.0,residential,0.1631,1
25.6,0.44,8.05,238.0,5.0,residential,0.2039,0
23.5,0.08,9.76,692.0,4.0,residential,0.1228,0
173.4,2.01,10.47,1094.0,1.0,residential,0.1362,0
45.1,1.32,9.87,1386.0,2.0,tertiary,0.074,0
81.3,2.39,7.64,889.0,7.0,tertiary,0.3942,0
116.9,1.66,10.36,275.0,3.0,tertiary,0.1728,0
229.3,1.89,11.78,1582.0,2.0,residential,0.121,1
24.4,3.62,10.64,1964.0,3.0,residential,0.0453,0
239.8,4.57,7.9,46.0,6.0,secondary,0.9391,1
97.4,2.71,5.5,1688.0,3.0,tertiary,0.348,0
94.1,3.23,5.43,809.0,3.0,residential,0.4575,0
61.5,1.61,5.96,519.0,3.0,residential,0.4065,1
53.8,1.34,8.77,2159.0,2.0,secondary,0.1186,1
14.9,2.06,9.56,139.0,6.0,secondary,0.2087,0
194.8,4.22,3.76,721.0,4.0,primary,0.6634,1
22.3,1.56,6.49,683.0,5.0,tertiary,0.2786,1
48.0,2.08,8.73,75.0,2.0,residential,0.1525,0
173.7,1.89,5.3,556.0,4.0,residential,0.6455,0
72.6,1.47,9.3,233.0,1.0,residential,0.0991,0
28.6,2.51,7.08,238.0,4.0,tertiary,0.2204,1
148.1,3.22,5.83,1085.0,4.0,tertiary,0.7599,1
54.3,0.28,8.16,613.0,3.0,residential,0.1166,1
47.3,0.94,9.18,480.0,2.0,primary,0.0414,0
23.3,2.31,5.45,2935.0,6.0,residential,0.4561,1
51.1,1.78,7.27,110.0,2.0,residential,0.4439,0
60.1,1.67,9.4,45.0,1.0,residential,0.104,0
115.1,2.35,5.71,2153.0,3.0,primary,0.0983,1
40.3,1.22,3.03,178.0,7.0,primary,0.5762,1
198.9,2.77,3.39,851.0,5.0,tertiary,0.7137,1
177.1,2.26,6.75,1780.0,3.0,trunk,0.2255,0
177.1,3.73,4.04,475.0,7.0,primary,0.943,1
92.0,2.09,6.96,330.0,0.0,secondary,0.0802,0
141.1,3.06,12.99,217.0,2.0,primary,0.0699,0
131.8,2.82,3.86,91.0,4.0,residential,0.8943,1
163.7,3.89,7.15,180.0,7.0,secondary,0.8818,0
174.8,3.26,14.4,654.0,3.0,tertiary,0.2383,0
135.9,3.09,9.22,575.0,1.0,secondary,0.1272,0
138.0,2.59,6.9,360.0,2.0,residential,0.5121,1
129.0,1.59,7.53,310.0,6.0,secondary,0.3691,0
138.2,2.28,9.29,39.0,7.0,trunk,0.4946,1
85.6,2.3,13.09,1135.0,2.0,residential,0.0428,0
48.4,1.92,6.41,120.0,4.0,trunk,0.1838,0
29.8,2.32,5.73,2340.0,2.0,residential,0.3287,1
23.0,0.71,3.86,46.0,8.0,residential,0.7978,1
32.4,1.37,8.31,806.0,2.0,residential,0.1253,0
167.5,2.71,3.78,172.0,3.0,secondary,0.7473,0
219.1,4.73,6.61,94.0,7.0,tertiary,0.9563,1
133.5,2.7,5.27,101.0,3.0,residential,0.8564,1
98.9,2.3,11.22,794.0,1.0,tertiary,0.0261,0
14.9,0.95,6.47,1583.0,4.0,residential,0.1309,0
74.3,1.51,9.19,2684.0,2.0,residential,0.1176,0
46.1,0.19,3.19,1963.0,4.0,primary,0.5407,0
46.1,0.34,8.39,932.0,1.0,tertiary,0.1095,0
89.7,2.02,4.39,3450.0,5.0,secondary,0.5105,1
132.8,2.44,6.72,1794.0,3.0,tertiary,0.5683,1
82.9,1.94,14.63,1483.0,2.0,trunk,0.0094,0
331.1,5.53,10.8,975.0,0.0,residential,0.5823,0
96.7,2.03,7.61,900.0,1.0,residential,0.2537,0
12.4,0.67,17.6,785.0,0.0,residential,0.0015,0
259.5,3.75,5.25,1425.0,7.0,tertiary,0.9404,1
79.3,1.95,11.5,65.0,5.0,tertiary,0.3078,0
218.1,3.11,3.4,100.0,8.0,secondary,0.9849,1
22.4,1.92,7.27,1432.0,8.0,residential,0.3078,0
40.0,1.27,3.96,903.0,1.0,residential,0.1936,0
31.9,1.38,8.77,305.0,6.0,tertiary,0.2791,0
164.4,2.12,8.17,968.0,5.0,trunk,0.2837,1
194.1,3.98,7.08,481.0,3.0,residential,0.775,1
120.7,3.4,11.28,50.0,7.0,residential,0.8638,1
102.5,0.94,6.3,446.0,6.0,residential,0.5038,0
13.8,1.29,8.98,596.0,2.0,residential,0.0747,1
43.9,1.24,10.46,835.0,1.0,residential,0.0744,0
49.7,1.62,3.55,1759.0,5.0,residential,0.6421,1
18.0,1.38,5.75,9.0,7.0,tertiary,0.5235,1
76.2,0.0,8.16,747.0,3.0,residential,0.2424,0
123.0,2.88,9.89,56.0,2.0,residential,0.3544,0
152.1,3.52,12.26,272.0,2.0,residential,0.3521,0
129.3,3.33,7.35,308.0,2.0,primary,0.2199,1
64.7,0.82,7.05,3332.0,3.0,residential,0.0914,0
52.8,1.41,5.38,556.0,4.0,residential,0.4037,0
68.0,1.18,8.99,280.0,6.0,residential,0.47,1
74.6,0.16,7.11,231.0,6.0,tertiary,0.457,0
30.6,0.67,7.18,25.0,8.0,primary,0.2718,0
55.4,0.6,7.72,338.0,4.0,residential,0.0734,0
47.3,1.64,9.65,306.0,3.0,residential,0.1868,0
238.5,2.36,6.31,384.0,5.0,residential,0.9408,1
161.5,1.95,5.68,453.0,6.0,tertiary,0.5757,1
122.0,1.85,9.3,450.0,3.0,primary,0.136,0
35.9,1.85,0.0,185.0,7.0,residential,0.8197,1
140.4,4.71,6.19,124.0,8.0,residential,0.9701,1
42.5,1.55,4.55,259.0,5.0,secondary,0.5748,0
141.5,1.67,11.61,2525.0,5.0,secondary,0.1729,0
66.3,1.05,6.68,1302.0,2.0,residential,0.1209,0
181.6,3.51,6.32,302.0,8.0,residential,0.9547,1
21.5,0.0,7.85,1125.0,3.0,residential,0.035,0
136.6,3.32,6.21,112.0,3.0,secondary,0.7334,1
192.7,3.33,6.79,324.0,3.0,tertiary,0.7944,1
69.3,1.53,8.29,1527.0,1.0,tertiary,0.066,0
65.3,0.24,6.73,233.0,2.0,secondary,0.088,0
82.0,2.52,6.71,1152.0,4.0,residential,0.2897,0
121.0,1.64,4.97,687.0,5.0,residential,0.6107,1
51.0,1.53,4.54,449.0,2.0,residential,0.2483,0
44.5,1.21,8.18,817.0,0.0,primary,0.0114,0
263.0,2.69,8.92,2442.0,2.0,tertiary,0.511,1
62.7,1.37,3.72,723.0,4.0,residential,0.4055,1
78.2,0.77,10.28,743.0,5.0,residential,0.2019,1
56.8,0.96,10.29,1106.0,4.0,secondary,0.0616,0
128.2,2.68,10.92,349.0,2.0,secondary,0.1725,0
47.3,1.93,8.9,632.0,3.0,tertiary,0.1911,0
73.3,1.67,9.91,267.0,0.0,residential,0.072,0
168.1,2.11,14.56,414.0,6.0,primary,0.106,1
152.9,2.12,7.1,1000.0,5.0,secondary,0.4927,1
61.7,1.01,4.86,436.0,2.0,tertiary,0.2248,1
83.7,0.09,3.4,7.0,4.0,tertiary,0.4448,1
37.6,1.31,13.27,22.0,6.0,primary,0.0596,0
83.6,0.47,13.31,2346.0,1.0,primary,0.0135,0
296.4,4.42,5.23,546.0,1.0,tertiary,0.8847,1
145.6,1.38,5.82,826.0,1.0,residential,0.277,0
37.3,0.28,7.03,1431.0,3.0,residential,0.2387,0
18.4,1.56,11.67,541.0,1.0,secondary,0.0123,0
38.2,1.28,4.14,149.0,4.0,tertiary,0.275,1
26.6,0.0,2.1,1109.0,3.0,residential,0.295,0
73.8,1.24,14.5,812.0,3.0,residential,0.0152,0
178.3,3.15,8.94,1367.0,5.0,primary,0.3689,0
74.5,1.2,9.36,2422.0,1.0,primary,0.0277,0
47.8,1.1,7.38,55.0,4.0,trunk,0.1844,1
62.9,1.75,9.4,22.0,9.0,residential,0.5054,0
118.9,2.26,3.46,3246.0,6.0,secondary,0.7403,1
93.4,1.13,5.48,1220.0,5.0,secondary,0.4093,0
39.0,1.29,8.32,2201.0,2.0,residential,0.1533,0
146.2,2.32,1.19,93.0,4.0,residential,0.9033,1
32.3,2.57,7.09,1185.0,3.0,trunk,0.0736,0
88.6,1.78,6.91,2235.0,5.0,residential,0.4537,1
55.9,1.58,7.09,3542.0,3.0,tertiary,0.0538,0
69.5,1.84,6.35,1473.0,9.0,tertiary,0.7696,0
33.7,0.95,5.01,1674.0,4.0,tertiary,0.215,0
84.4,1.24,2.53,1016.0,9.0,residential,0.7995,1
30.3,1.53,8.43,126.0,8.0,secondary,0.4187,0
52.6,1.81,7.1,874.0,4.0,residential,0.3578,1
66.2,3.26,3.87,490.0,4.0,secondary,0.4321,1
39.7,1.87,8.19,374.0,4.0,residential,0.2258,1
200.4,3.81,7.12,438.0,1.0,tertiary,0.2786,0
52.5,2.0,6.62,132.0,5.0,secondary,0.2981,1
62.6,1.0,1.53,1127.0,4.0,residential,0.6411,1
82.1,0.78,10.05,41.0,3.0,residential,0.2401,0
22.7,0.27,4.3,1531.0,6.0,secondary,0.3564,1
14.4,1.52,8.19,46.0,5.0,residential,0.3389,0
66.2,2.73,5.58,371.0,6.0,residential,0.6024,0
17.3,1.59,6.83,497.0,2.0,tertiary,0.0939,0
103.5,1.91,11.46,1324.0,2.0,primary,0.0247,0
107.2,3.43,9.59,1083.0,2.0,tertiary,0.0961,1
103.5,1.69,11.39,2605.0,1.0,residential,0.0539,0
138.4,1.54,8.99,228.0,4.0,trunk,0.1267,0
66.0,1.79,9.19,279.0,2.0,tertiary,0.301,0
204.3,4.29,2.66,181.0,5.0,residential,0.9618,1
96.1,1.28,7.05,241.0,8.0,residential,0.7559,0
193.2,1.75,7.33,1353.0,2.0,residential,0.2742,0
134.0,2.44,11.67,507.0,3.0,residential,0.0529,0
67.9,2.23,6.48,1148.0,2.0,tertiary,0.2837,0
95.6,0.0,8.79,263.0,4.0,residential,0.2273,1
118.3,3.0,8.68,115.0,3.0,tertiary,0.2185,0
13.4,0.0,11.47,612.0,4.0,residential,0.0317,0
23.0,1.66,7.6,148.0,4.0,residential,0.472,0
231.3,1.98,10.48,733.0,2.0,residential,0.437,0
117.5,1.03,2.89,353.0,4.0,tertiary,0.3269,1
164.7,3.27,3.16,384.0,7.0,secondary,0.9017,1
65.3,2.56,1.15,1298.0,8.0,residential,0.8468,1
195.8,3.14,10.36,580.0,4.0,residential,0.5902,1
68.5,3.54,10.02,101.0,3.0,residential,0.3434,0
116.8,1.38,10.69,344.0,7.0,secondary,0.2131,1
214.7,2.55,5.97,442.0,1.0,residential,0.524,1
127.5,2.09,6.31,696.0,0.0,secondary,0.0984,0
32.6,0.91,7.64,3230.0,2.0,residential,0.1148,1
72.4,1.9,12.33,55.0,4.0,residential,0.1478,0
98.5,1.39,13.08,860.0,2.0,secondary,0.0285,0
122.6,2.72,10.38,1513.0,2.0,tertiary,0.0926,0
180.2,3.4,8.99,99.0,2.0,residential,0.5288,1
123.3,3.57,12.01,1698.0,1.0,trunk,0.0546,0
75.0,1.31,7.23,301.0,3.0,residential,0.377,1
63.1,1.83,6.83,20.0,1.0,residential,0.3429,0
65.8,2.07,7.61,1637.0,3.0,residential,0.0965,0
53.3,1.43,5.06,1102.0,2.0,tertiary,0.188,0
51.2,1.24,7.47,203.0,4.0,secondary,0.2681,1
162.3,1.1,4.65,495.0,3.0,residential,0.4865,1
88.4,1.93,11.08,219.0,3.0,primary,0.0541,0
54.2,1.93,9.63,839.0,5.0,tertiary,0.1086,0
80.5,1.72,12.29,630.0,2.0,trunk,0.0125,0
57.3,0.86,3.11,166.0,5.0,secondary,0.628,1
15.4,0.0,13.71,508.0,1.0,primary,0.0089,0
124.4,2.66,3.28,1356.0,6.0,tertiary,0.7124,0
169.4,2.86,4.41,173.0,8.0,residential,0.9613,1
149.3,3.7,6.14,428.0,8.0,residential,0.8789,1
143.0,1.36,11.92,354.0,2.0,tertiary,0.3015,0
30.6,0.79,8.68,1991.0,3.0,residential,0.0716,0
195.2,2.08,7.27,23.0,2.0,secondary,0.514,1
49.2,2.21,5.62,1299.0,7.0,residential,0.5155,0
26.1,2.1,3.87,192.0,6.0,secondary,0.3955,1
7.6,2.43,11.4,32.0,2.0,residential,0.0935,0
96.8,2.38,10.4,351.0,3.0,primary,0.2098,0
198.5,3.81,12.06,483.0,2.0,residential,0.3054,0
179.8,3.31,9.19,1936.0,3.0,residential,0.4376,0
82.6,2.25,0.07,144.0,6.0,secondary,0.7349,1
158.8,2.75,4.27,3058.0,4.0,secondary,0.4419,0
303.3,4.93,9.39,995.0,3.0,secondary,0.6815,0
60.2,3.23,6.89,81.0,4.0,trunk,0.1809,0
113.7,2.34,6.32,1428.0,3.0,residential,0.3708,0
201.1,3.23,4.69,561.0,3.0,secondary,0.6715,0
26.9,1.28,10.84,2583.0,3.0,residential,0.0581,0
29.3,1.03,9.37,102.0,6.0,tertiary,0.2068,0
223.0,3.67,9.5,1941.0,1.0,residential,0.2709,1
161.9,2.6,6.1,60.0,5.0,residential,0.6301,1
45.5,2.26,8.53,305.0,3.0,tertiary,0.0992,0
33.8,2.04,3.99,158.0,5.0,secondary,0.5576,1
30.1,2.89,7.61,2271.0,2.0,residential,0.0418,0
94.6,1.92,0.42,679.0,5.0,primary,0.5648,0
46.3,1.59,3.3,576.0,3.0,tertiary,0.2766,1
47.1,1.56,7.03,218.0,5.0,residential,0.3409,0
30.3,1.32,15.13,40.0,5.0,tertiary,0.0802,0
84.7,2.72,2.6,980.0,1.0,residential,0.3641,1
26.9,0.0,4.27,810.0,3.0,residential,0.1645,0
126.0,2.68,8.65,5000.0,3.0,tertiary,0.0947,0
183.8,4.6,13.31,368.0,1.0,residential,0.5915,1
97.7,3.06,8.61,943.0,2.0,residential,0.1673,0
161.4,3.74,10.11,354.0,6.0,secondary,0.7271,1
72.4,2.34,6.99,659.0,0.0,residential,0.0347,0
40.9,0.81,6.47,839.0,1.0,secondary,0.0533,0
60.7,0.93,8.25,688.0,3.0,secondary,0.0864,0
18.3,0.43,6.03,1018.0,4.0,residential,0.156,0
49.2,0.48,10.17,2048.0,3.0,tertiary,0.0904,0
69.6,2.39,3.18,455.0,3.0,residential,0.4719,0
82.0,2.96,10.67,152.0,3.0,tertiary,0.1903,0
164.9,3.13,8.12,619.0,3.0,residential,0.4728,0
206.2,3.92,7.36,846.0,2.0,primary,0.3646,0
94.8,2.17,3.07,227.0,4.0,residential,0.5801,1
32.6,1.65,5.06,396.0,4.0,tertiary,0.4087,0
32.3,0.0,11.6,991.0,2.0,residential,0.0241,0
50.0,1.65,7.37,692.0,4.0,residential,0.2197,1
43.1,0.98,8.84,972.0,1.0,tertiary,0.0898,0
96.3,1.92,5.36,90.0,5.0,tertiary,0.8912,1
34.2,1.39,7.91,701.0,6.0,trunk,0.1758,1
209.6,2.74,3.88,732.0,5.0,residential,0.7637,1
147.3,1.71,8.3,1121.0,3.0,residential,0.2888,0
169.1,2.23,9.11,374.0,2.0,residential,0.5719,0
48.1,0.22,8.96,306.0,6.0,residential,0.229,0
34.2,0.29,5.29,869.0,7.0,primary,0.4212,0
45.8,0.53,6.97,988.0,5.0,primary,0.2151,0
86.6,0.69,9.61,1549.0,6.0,primary,0.1303,0
79.8,2.18,7.37,901.0,4.0,residential,0.515,0
195.4,2.42,7.14,771.0,5.0,residential,0.7704,1
219.9,1.95,13.71,212.0,3.0,secondary,0.2593,0
90.2,1.56,5.15,148.0,10.0,residential,0.9049,1
23.0,0.19,11.24,974.0,1.0,tertiary,0.0104,0
64.0,2.74,4.54,1177.0,9.0,residential,0.7174,1
396.7,5.67,9.96,41.0,2.0,residential,0.9766,1
24.3,0.0,10.12,181.0,1.0,primary,0.0451,0
99.2,2.45,6.47,542.0,10.0,residential,0.9204,1
45.5,1.41,4.35,727.0,4.0,trunk,0.123,0
282.5,4.0,2.09,117.0,5.0,residential,0.9966,1
105.8,3.33,6.15,1408.0,4.0,residential,0.5801,1
45.9,0.57,9.58,1387.0,2.0,residential,0.0454,0
56.5,2.31,4.77,418.0,8.0,residential,0.8179,1
12.4,0.62,8.29,1503.0,3.0,tertiary,0.0475,0
98.1,1.96,3.57,633.0,7.0,residential,0.8756,1
100.3,1.4,7.3,306.0,2.0,tertiary,0.2582,0
24.0,0.54,4.56,72.0,6.0,primary,0.2675,0
124.8,1.95,7.77,360.0,1.0,residential,0.143,0
217.9,1.89,6.5,501.0,3.0,residential,0.6881,0
29.3,1.43,4.43,620.0,1.0,residential,0.1777,0
122.8,2.37,6.02,1232.0,1.0,secondary,0.2848,1
125.0,1.1,5.2,211.0,3.0,tertiary,0.5406,1
90.5,2.41,4.06,146.0,6.0,residential,0.8835,1
95.1,3.11,11.25,472.0,3.0,tertiary,0.106,0
54.8,0.93,6.92,396.0,6.0,tertiary,0.1779,0
11.8,0.31,1.39,242.0,6.0,residential,0.3904,1
104.1,2.94,6.13,647.0,1.0,residential,0.225,0
145.7,2.87,10.74,176.0,4.0,trunk,0.2118,1
36.3,1.13,5.72,1482.0,4.0,residential,0.2274,0
46.3,2.01,12.49,896.0,2.0,residential,0.0514,0
41.7,1.52,5.43,579.0,3.0,residential,0.3036,0
109.7,3.26,9.51,3.0,2.0,tertiary,0.1745,0
98.8,1.97,11.11,727.0,1.0,residential,0.2144,0
38.4,1.6,9.35,1088.0,8.0,residential,0.4059,1
78.2,2.62,3.88,975.0,4.0,residential,0.5295,0
80.2,0.0,5.17,273.0,5.0,tertiary,0.3881,0
105.4,2.97,11.51,312.0,8.0,residential,0.58,0
59.8,1.11,5.59,650.0,2.0,primary,0.1734,1
174.5,3.29,10.93,396.0,5.0,residential,0.4616,1
106.4,3.41,6.71,962.0,1.0,residential,0.2274,0
172.5,2.62,8.42,1647.0,6.0,trunk,0.5927,0
104.5,1.69,3.84,760.0,5.0,secondary,0.5845,1
111.2,2.09,6.18,305.0,6.0,residential,0.7635,1
19.7,0.0,5.37,163.0,6.0,secondary,0.1532,1
98.7,3.74,8.68,167.0,4.0,tertiary,0.6231,1
76.8,1.69,8.28,497.0,2.0,residential,0.1793,1
184.9,4.33,9.39,2707.0,4.0,secondary,0.3169,0
167.3,2.54,6.53,105.0,4.0,secondary,0.7805,1
198.1,3.2,5.21,487.0,8.0,residential,0.9144,1
47.3,2.12,8.55,227.0,3.0,tertiary,0.337,1
81.2,0.89,4.91,948.0,1.0,residential,0.504,0
210.8,3.25,11.24,1103.0,2.0,residential,0.2171,0
46.3,2.08,7.66,4.0,6.0,trunk,0.4908,0
185.7,2.86,7.02,1869.0,6.0,tertiary,0.6767,0
172.1,2.48,9.39,549.0,1.0,tertiary,0.131,0
79.1,2.64,7.77,1418.0,6.0,tertiary,0.5102,1
247.0,4.88,3.03,119.0,5.0,tertiary,0.9842,1
177.1,4.17,4.82,2003.0,5.0,residential,0.8052,1
27.2,0.59,11.17,613.0,5.0,trunk,0.1028,0
222.1,3.0,8.25,107.0,7.0,tertiary,0.9453,1
79.3,1.37,2.96,485.0,5.0,tertiary,0.6349,0
109.5,2.69,9.06,2844.0,0.0,tertiary,0.0382,0
109.9,1.16,6.32,393.0,6.0,residential,0.5129,1
129.5,1.44,5.38,83.0,2.0,residential,0.4781,1
213.9,2.8,4.57,3129.0,1.0,residential,0.4973,0
108.5,1.35,11.0,2318.0,1.0,residential,0.087,0
75.1,2.41,2.1,677.0,6.0,tertiary,0.6162,1
37.4,1.9,5.49,545.0,4.0,primary,0.1348,0
57.1,1.1,8.36,748.0,6.0,residential,0.3005,1
169.0,2.67,12.74,425.0,1.0,residential,0.1507,0
194.1,1.1,9.66,671.0,4.0,tertiary,0.4258,1
62.5,1.18,5.46,2100.0,4.0,residential,0.2885,0
147.4,3.56,12.59,747.0,0.0,primary,0.0258,0
53.2,1.03,3.93,230.0,6.0,residential,0.6903,1
15.1,0.11,8.8,11.0,3.0,residential,0.128,0
23.3,2.18,9.46,624.0,4.0,residential,0.1435,0
179.5,2.06,5.36,926.0,5.0,primary,0.5383,1
16.0,2.23,10.09,1963.0,2.0,residential,0.0153,0
138.7,4.77,6.46,348.0,3.0,tertiary,0.8082,0
102.4,1.94,10.09,815.0,3.0,residential,0.1519,0
187.1,4.04,2.48,291.0,6.0,residential,0.9825,1
94.4,0.6,9.0,614.0,7.0,primary,0.487,0
120.2,0.87,6.76,1211.0,4.0,residential,0.499,1
100.6,1.37,11.45,967.0,3.0,residential,0.1653,0
110.5,2.78,7.87,489.0,4.0,tertiary,0.4929,0
83.3,1.8,11.75,766.0,2.0,primary,0.0313,0
121.8,2.11,9.52,781.0,2.0,residential,0.1044,0
68.2,0.59,7.62,254.0,2.0,residential,0.199,1
161.0,2.63,10.36,223.0,6.0,trunk,0.2895,0
93.1,1.4,10.38,1071.0,6.0,tertiary,0.2168,0
152.8,1.9,9.42,1511.0,0.0,primary,0.0435,0
47.0,0.56,1.12,958.0,8.0,secondary,0.8046,1
63.7,1.72,5.05,3391.0,6.0,tertiary,0.4796,0
23.8,0.51,12.15,1104.0,1.0,residential,0.0135,0
112.0,2.14,4.23,210.0,2.0,residential,0.487,0
108.3,0.68,10.65,2279.0,1.0,secondary,0.1162,0
56.0,1.87,10.12,1069.0,2.0,secondary,0.0314,0
86.5,2.03,5.82,227.0,4.0,trunk,0.2891,0
36.6,1.05,2.01,435.0,6.0,tertiary,0.6832,0
172.0,2.99,6.29,299.0,7.0,residential,0.9073,1
168.2,3.57,14.23,55.0,4.0,tertiary,0.5305,0
83.4,0.64,5.41,2517.0,3.0,tertiary,0.3658,0
72.4,1.72,5.62,216.0,5.0,residential,0.7209,1
19.4,0.0,5.01,543.0,2.0,secondary,0.0914,0
149.8,2.67,11.64,64.0,1.0,tertiary,0.2554,0
42.7,1.11,7.27,442.0,6.0,residential,0.3897,0
158.6,2.68,6.12,646.0,4.0,tertiary,0.4826,1
23.1,1.76,12.24,872.0,0.0,tertiary,0.0132,0
35.3,1.88,9.74,1431.0,3.0,primary,0.0175,0
28.9,2.02,5.24,77.0,4.0,residential,0.4936,0
41.1,0.98,4.33,12.0,4.0,tertiary,0.1778,1
349.6,5.56,11.47,607.0,5.0,tertiary,0.8443,1
76.1,2.12,8.05,359.0,4.0,tertiary,0.3768,0
134.4,2.12,3.35,2315.0,5.0,residential,0.7629,1
33.9,1.3,2.65,897.0,2.0,primary,0.1486,0
47.3,1.26,4.65,184.0,3.0,primary,0.1692,0
265.6,5.1,4.28,166.0,4.0,tertiary,0.9644,1
78.3,2.39,1.86,1673.0,5.0,tertiary,0.546,0
96.1,1.68,4.7,54.0,7.0,residential,0.8809,1
117.1,1.88,5.24,1067.0,0.0,tertiary,0.1532,0
243.5,4.49,6.61,2256.0,1.0,residential,0.2697,0
6.1,1.94,13.08,337.0,3.0,secondary,0.0145,0
179.4,3.2,7.2,1192.0,6.0,residential,0.6477,0
204.3,3.78,7.5,1896.0,3.0,secondary,0.3874,1
125.8,3.35,9.53,1215.0,1.0,residential,0.1084,1
67.8,1.47,7.29,583.0,5.0,tertiary,0.2086,1
105.5,2.13,9.2,735.0,3.0,tertiary,0.2302,0
31.7,1.57,8.84,1307.0,1.0,residential,0.0179,0
12.5,0.61,8.37,1391.0,1.0,residential,0.0281,0
96.7,3.32,16.3,654.0,5.0,secondary,0.0929,0
2.8,0.48,10.73,123.0,1.0,tertiary,0.0261,0
54.8,1.51,4.75,3222.0,3.0,residential,0.2288,0
36.1,2.77,9.11,213.0,1.0,residential,0.1637,1
67.5,0.12,5.62,128.0,6.0,residential,0.5212,0
71.8,1.83,9.34,677.0,4.0,tertiary,0.1712,0
27.9,0.61,3.87,44.0,7.0,tertiary,0.6506,1
121.0,2.25,4.68,531.0,3.0,residential,0.5901,0
195.9,2.19,9.03,1090.0,6.0,tertiary,0.7676,1
31.7,0.88,10.99,759.0,4.0,secondary,0.0474,0
29.7,1.18,9.51,2685.0,1.0,secondary,0.0221,0
80.4,1.96,10.56,1724.0,0.0,residential,0.0414,0
12.9,1.67,9.12,1456.0,1.0,residential,0.0351,1
81.9,0.0,8.52,1382.0,3.0,residential,0.3169,0
179.2,2.85,6.49,859.0,6.0,residential,0.828,1
29.9,1.02,10.44,238.0,5.0,residential,0.1077,0
232.9,3.54,11.07,32.0,6.0,residential,0.8332,1
59.7,1.54,7.81,3516.0,5.0,residential,0.4256,1
66.9,0.94,7.65,728.0,2.0,tertiary,0.093,1
50.5,0.17,12.77,978.0,2.0,residential,0.0353,0
145.5,2.72,7.94,1718.0,2.0,secondary,0.1824,1
90.5,1.09,8.23,1195.0,5.0,residential,0.4104,0
62.5,1.87,9.45,1000.0,5.0,tertiary,0.1419,0
42.3,0.56,7.71,50.0,4.0,residential,0.2172,0
101.9,2.58,5.54,448.0,5.0,secondary,0.4735,1
205.3,3.22,9.13,509.0,3.0,secondary,0.779,1
67.1,1.62,7.88,1427.0,2.0,residential,0.0839,0
88.6,1.67,13.53,0.0,3.0,tertiary,0.1333,0
19.8,0.71,10.37,313.0,2.0,residential,0.1651,0
87.8,1.67,6.21,789.0,2.0,tertiary,0.2971,0
352.7,5.98,10.19,761.0,6.0,residential,0.9475,1
26.6,0.0,8.92,111.0,8.0,residential,0.348,1
108.2,1.58,11.93,119.0,1.0,residential,0.0657,0
53.2,2.28,6.43,430.0,1.0,primary,0.1755,0
18.4,1.68,8.57,948.0,5.0,residential,0.1486,0
59.3,2.59,7.7,1670.0,1.0,tertiary,0.0659,0
300.4,4.36,8.18,115.0,3.0,residential,0.9224,0
106.9,1.03,5.34,34.0,3.0,residential,0.4426,1
98.6,1.1,9.73,1679.0,1.0,residential,0.0798,0
29.2,0.91,9.25,403.0,4.0,primary,0.1097,0
169.0,3.44,11.86,3923.0,3.0,secondary,0.1478,0
215.0,3.18,7.97,1181.0,4.0,residential,0.7503,1
209.4,3.05,6.76,1496.0,3.0,secondary,0.2339,1
161.1,3.05,10.37,602.0,7.0,residential,0.8014,0
38.9,1.29,5.62,37.0,8.0,residential,0.562,1
31.1,0.82,11.25,103.0,9.0,tertiary,0.4159,1
11.1,0.13,11.25,764.0,3.0,residential,0.0084,0
34.2,1.97,11.77,864.0,3.0,residential,0.0543,0
104.2,2.89,9.13,130.0,5.0,tertiary,0.6494,0
33.8,0.36,6.54,63.0,6.0,residential,0.2736,0
174.7,2.57,8.33,119.0,3.0,primary,0.4747,0
193.5,3.66,9.14,185.0,3.0,tertiary,0.7575,1
186.1,2.12,6.32,4164.0,5.0,secondary,0.6837,1
14.8,1.27,12.0,807.0,2.0,tertiary,0.0103,0
98.7,1.72,9.74,1174.0,1.0,primary,0.0685,0
90.4,0.91,5.32,1235.0,4.0,residential,0.6107,1
182.6,4.41,13.65,1704.0,1.0,tertiary,0.121,0
19.0,0.75,8.29,568.0,2.0,tertiary,0.0315,0
89.5,2.29,4.72,315.0,5.0,primary,0.3713,0
18.5,0.13,5.51,1187.0,4.0,residential,0.2123,0
164.5,4.02,12.46,2368.0,1.0,tertiary,0.0928,0
5.2,2.42,13.47,1262.0,2.0,secondary,0.0169,0
295.9,3.15,11.03,209.0,3.0,residential,0.7287,1
122.7,2.14,11.96,265.0,4.0,primary,0.1467,0
80.2,2.82,11.65,255.0,2.0,residential,0.0889,0
47.6,1.0,9.67,1023.0,2.0,residential,0.04,0
188.4,3.39,8.99,642.0,3.0,tertiary,0.4957,1
19.5,0.0,9.62,2333.0,3.0,residential,0.0596,0
5.1,0.23,10.21,236.0,4.0,residential,0.0844,0
117.9,2.46,5.78,2789.0,4.0,residential,0.3751,0
75.7,1.24,10.2,164.0,2.0,residential,0.1523,0
104.1,1.76,12.38,1.0,4.0,secondary,0.1149,0
93.2,0.71,7.38,1314.0,4.0,primary,0.1387,0
130.3,2.89,7.06,1561.0,0.0,tertiary,0.0769,0
80.5,0.69,9.43,616.0,3.0,residential,0.1561,0
59.0,2.74,6.05,263.0,5.0,tertiary,0.7197,1
82.6,1.25,4.05,24.0,8.0,primary,0.7884,0
145.5,3.19,11.44,1139.0,3.0,secondary,0.1261,0
153.0,3.2,6.65,201.0,3.0,residential,0.6687,1
107.6,1.3,8.06,382.0,1.0,residential,0.1269,0
7.9,0.43,6.17,980.0,7.0,primary,0.3292,0
98.8,1.62,11.83,168.0,2.0,primary,0.0739,0
16.0,0.68,10.56,13.0,3.0,residential,0.0302,0
158.4,1.66,7.28,159.0,5.0,secondary,0.739,1
143.7,2.95,4.46,1253.0,4.0,residential,0.5267,0
37.0,0.69,6.96,384.0,4.0,residential,0.1615,0
127.1,2.23,9.71,1513.0,2.0,secondary,0.1255,0
87.2,2.65,8.57,102.0,4.0,tertiary,0.3534,0
43.7,1.78,8.33,650.0,5.0,residential,0.4953,1
125.4,1.81,8.64,147.0,4.0,primary,0.2825,0
226.4,4.35,10.28,271.0,4.0,secondary,0.7782,1
57.0,2.02,7.87,191.0,5.0,residential,0.2406,1
108.7,1.54,9.35,1130.0,2.0,tertiary,0.0868,0
34.6,0.8,5.04,1877.0,7.0,secondary,0.3895,1
47.5,2.17,15.66,282.0,1.0,tertiary,0.0261,0
83.5,2.43,7.15,2767.0,1.0,trunk,0.0302,1
41.9,0.1,8.61,29.0,2.0,tertiary,0.1094,0
39.5,0.47,9.7,3051.0,2.0,residential,0.058,0
29.9,1.71,6.77,1688.0,5.0,residential,0.2714,0
192.9,2.18,8.02,694.0,8.0,secondary,0.7379,1
147.7,3.22,7.99,1728.0,2.0,trunk,0.0793,0
81.6,3.33,5.26,437.0,6.0,residential,0.4599,1
155.1,2.96,9.32,600.0,3.0,residential,0.4067,0
163.9,2.03,3.05,1930.0,2.0,secondary,0.5599,1
71.6,1.8,13.26,93.0,6.0,residential,0.2117,1
32.9,2.02,10.38,1761.0,6.0,residential,0.0788,0
109.4,2.19,9.92,318.0,5.0,primary,0.2048,0
194.2,3.52,2.79,600.0,4.0,secondary,0.8584,1
139.0,1.83,5.62,278.0,4.0,primary,0.5078,0
219.8,2.86,12.17,1477.0,4.0,tertiary,0.4044,1
162.4,3.47,20.45,904.0,1.0,residential,0.0073,0
318.5,4.05,11.58,506.0,1.0,primary,0.3971,0
114.3,0.1,11.11,2143.0,3.0,residential,0.1187,0
65.3,1.34,9.57,816.0,3.0,residential,0.1546,0
146.0,2.8,5.46,999.0,3.0,primary,0.2778,1
199.7,4.04,10.99,2152.0,3.0,tertiary,0.3096,1
99.5,3.31,4.7,1258.0,3.0,primary,0.1739,0
164.9,2.85,4.37,2114.0,7.0,residential,0.8662,1
59.9,2.05,4.18,86.0,4.0,trunk,0.3484,0
161.8,2.84,10.93,555.0,3.0,tertiary,0.2312,0
400.0,5.88,7.83,910.0,2.0,tertiary,0.9699,0
60.3,1.37,8.3,956.0,2.0,primary,0.0471,0
104.4,2.36,7.95,435.0,3.0,residential,0.2783,0
132.8,1.81,4.62,1927.0,2.0,secondary,0.1746,0
78.4,3.33,5.99,722.0,1.0,tertiary,0.2538,0
63.6,0.0,6.14,635.0,4.0,secondary,0.1621,0
89.7,2.33,3.78,1300.0,3.0,primary,0.2612,0
181.9,3.24,6.49,131.0,7.0,tertiary,0.8965,1
20.4,1.34,4.76,213.0,5.0,residential,0.4737,1
40.6,0.34,9.73,443.0,6.0,residential,0.2885,0
76.6,0.38,9.98,581.0,4.0,trunk,0.1238,0
168.1,3.3,4.12,961.0,8.0,trunk,0.8168,1
89.2,2.94,7.11,909.0,4.0,trunk,0.1369,0
51.5,1.59,13.57,556.0,2.0,residential,0.0238,0
234.9,4.26,5.06,444.0,4.0,residential,0.9111,1
102.2,1.66,9.28,190.0,5.0,secondary,0.356,1
62.7,1.82,8.32,564.0,5.0,secondary,0.2726,0
131.3,3.36,11.28,308.0,2.0,residential,0.1721,0
126.9,2.07,8.89,160.0,2.0,tertiary,0.2879,0
104.2,3.0,6.71,35.0,4.0,residential,0.5996,1
48.9,0.08,8.2,703.0,5.0,tertiary,0.1726,1
165.9,2.3,8.24,1552.0,2.0,residential,0.4461,0
262.5,4.39,7.72,1329.0,0.0,residential,0.4191,0
116.9,3.72,4.04,1147.0,4.0,residential,0.489,0
23.6,1.09,11.73,660.0,3.0,primary,0.0276,0
350.8,4.18,11.2,1645.0,1.0,secondary,0.5726,1
130.6,3.87,4.87,108.0,3.0,primary,0.606,1
36.5,1.14,7.1,74.0,6.0,tertiary,0.2358,1
160.0,3.25,7.32,68.0,3.0,residential,0.6667,1
194.8,2.87,4.53,466.0,4.0,residential,0.8034,0
91.9,2.02,2.4,108.0,3.0,tertiary,0.8031,1
16.5,0.55,5.99,580.0,7.0,residential,0.2579,0
108.0,3.9,6.93,498.0,3.0,secondary,0.1915,0
35.5,2.18,3.68,805.0,1.0,secondary,0.1458,0
133.6,3.82,8.53,679.0,5.0,primary,0.2899,0
50.6,0.78,11.49,817.0,3.0,residential,0.0382,0
122.9,0.81,10.53,223.0,4.0,tertiary,0.2799,0
64.5,1.34,7.62,335.0,3.0,residential,0.2213,1
111.7,4.15,2.48,1192.0,3.0,residential,0.7078,1
163.2,2.5,10.15,716.0,2.0,secondary,0.2346,1
166.4,3.64,8.44,493.0,5.0,tertiary,0.4948,1
45.0,0.52,9.27,2107.0,6.0,secondary,0.0749,0
70.9,0.99,13.81,139.0,3.0,residential,0.1015,0
73.5,1.62,5.53,2129.0,0.0,trunk,0.0453,0
106.7,3.77,0.0,5.0,10.0,trunk,0.9971,1
204.2,4.13,4.84,275.0,8.0,tertiary,0.9826,1
80.6,0.12,9.46,67.0,5.0,primary,0.231,1
124.3,2.83,8.08,1496.0,3.0,residential,0.1866,0
77.5,0.81,4.35,139.0,2.0,secondary,0.2383,0
50.9,0.87,3.74,40.0,5.0,primary,0.4923,1
21.9,1.47,6.94,2182.0,3.0,secondary,0.0792,0
61.4,2.66,4.26,1421.0,6.0,secondary,0.4713,0
30.7,2.25,9.56,1026.0,3.0,tertiary,0.0765,0
32.4,1.45,6.77,762.0,7.0,secondary,0.2611,0
113.4,2.44,6.12,909.0,6.0,tertiary,0.4767,0
123.3,3.36,5.73,1010.0,6.0,residential,0.6685,0
171.6,1.6,8.79,435.0,7.0,residential,0.7053,1
13.3,2.42,8.13,2754.0,1.0,secondary,0.0188,0
152.1,2.04,8.61,963.0,2.0,tertiary,0.2098,0
4.4,1.06,8.54,380.0,4.0,tertiary,0.054,0
51.2,1.02,7.78,953.0,5.0,primary,0.1951,0
77.7,0.81,4.9,2720.0,2.0,tertiary,0.2506,0
50.9,1.78,5.81,214.0,2.0,residential,0.3184,0
87.1,2.03,6.82,40.0,1.0,residential,0.2147,1
101.6,1.93,14.2,763.0,1.0,tertiary,0.0174,0
3.0,0.71,3.95,197.0,3.0,secondary,0.2736,0
126.1,3.53,6.74,1196.0,4.0,tertiary,0.3792,0
57.9,3.25,8.29,1263.0,1.0,tertiary,0.0831,0
148.2,3.58,7.09,1152.0,4.0,secondary,0.2742,1
152.1,2.85,11.22,226.0,2.0,secondary,0.1935,0
94.7,0.63,7.07,1587.0,1.0,secondary,0.1581,0
166.3,3.3,7.3,1732.0,6.0,residential,0.6888,1
41.2,1.83,10.44,2197.0,1.0,secondary,0.0203,0
51.8,2.04,13.43,1081.0,1.0,tertiary,0.0225,0
12.8,0.04,12.22,1244.0,3.0,residential,0.0358,0
129.3,3.03,7.59,34.0,2.0,tertiary,0.7603,0
88.3,3.11,7.85,2623.0,2.0,secondary,0.1021,0
77.0,0.94,8.14,439.0,5.0,tertiary,0.3493,1
73.2,2.23,8.44,968.0,1.0,secondary,0.0588,0
64.9,0.93,5.46,521.0,5.0,residential,0.321,0
32.6,1.11,10.81,350.0,0.0,residential,0.0324,0
26.6,0.36,8.62,2527.0,1.0,residential,0.0215,0
263.7,3.68,7.87,388.0,1.0,residential,0.798,1
120.7,1.97,4.19,261.0,3.0,tertiary,0.4106,1
75.4,2.03,8.19,587.0,5.0,secondary,0.184,0
68.0,2.33,2.32,71.0,4.0,secondary,0.5652,1
111.1,3.11,6.26,61.0,5.0,residential,0.8509,0
189.5,2.55,6.31,588.0,1.0,residential,0.3361,0
96.3,2.24,8.86,749.0,3.0,residential,0.2538,0
330.3,3.88,13.64,1507.0,3.0,tertiary,0.3945,1
132.9,2.31,9.72,501.0,4.0,residential,0.3482,0
58.2,1.53,12.35,670.0,3.0,tertiary,0.0397,0
26.0,0.37,9.94,1757.0,0.0,secondary,0.0473,0
182.8,3.44,11.38,1835.0,0.0,tertiary,0.0379,0
37.1,1.12,13.57,197.0,2.0,residential,0.0396,0
148.6,2.71,5.8,687.0,4.0,residential,0.6235,1
112.8,3.13,5.61,557.0,8.0,tertiary,0.7555,1
20.7,0.71,10.01,503.0,4.0,tertiary,0.09,0
109.1,2.79,7.99,437.0,4.0,residential,0.3258,0
124.7,3.45,8.66,155.0,2.0,primary,0.1955,0
65.7,2.69,7.25,1772.0,2.0,tertiary,0.0656,0
62.5,1.4,6.21,167.0,7.0,tertiary,0.6079,0
68.9,0.85,12.86,257.0,4.0,residential,0.0685,1
179.7,2.39,4.7,52.0,0.0,residential,0.533,1
59.7,0.25,10.06,512.0,2.0,residential,0.0774,0
14.2,1.52,9.57,1334.0,5.0,residential,0.186,0
88.6,2.46,3.26,24.0,7.0,tertiary,0.8143,0
12.1,1.04,5.51,40.0,3.0,tertiary,0.2162,0
106.7,0.98,6.01,766.0,4.0,primary,0.3221,0
34.4,0.92,9.69,119.0,2.0,primary,0.0707,0
72.3,2.77,6.9,274.0,4.0,residential,0.4207,1
34.9,1.71,7.74,454.0,2.0,residential,0.2199,0
223.7,4.11,3.63,329.0,4.0,secondary,0.9335,1
112.2,4.79,14.98,137.0,1.0,trunk,0.0298,0
33.1,1.46,8.21,16.0,1.0,primary,0.0643,1
95.8,0.22,9.5,1177.0,1.0,residential,0.0779,0
27.5,0.25,6.38,995.0,6.0,residential,0.4369,0
71.5,1.9,6.04,865.0,4.0,residential,0.4807,0
189.3,3.09,13.74,89.0,2.0,secondary,0.1784,0
113.7,2.03,2.25,70.0,4.0,tertiary,0.8611,1
36.9,1.12,8.84,96.0,0.0,tertiary,0.0422,0
23.0,0.45,4.37,2657.0,5.0,tertiary,0.2281,0
125.4,2.6,6.78,100.0,6.0,residential,0.9009,1
251.9,4.94,6.09,983.0,3.0,tertiary,0.7097,1
74.8,3.08,5.04,683.0,5.0,residential,0.5588,1
182.9,4.36,8.11,2257.0,2.0,tertiary,0.2803,0
115.2,1.42,0.3,1873.0,4.0,secondary,0.7279,1
124.0,2.27,7.05,250.0,3.0,tertiary,0.5969,1
26.8,0.87,7.73,332.0,6.0,residential,0.4852,0
71.0,2.13,3.92,621.0,3.0,secondary,0.4285,1
75.1,1.64,12.54,3482.0,1.0,secondary,0.0088,0
7.8,0.71,6.22,4331.0,5.0,residential,0.3586,0
47.5,2.53,7.29,199.0,6.0,residential,0.6188,1
52.3,1.51,6.22,233.0,4.0,tertiary,0.4352,0
36.2,1.33,7.76,2570.0,7.0,residential,0.3099,1
68.8,1.96,11.92,727.0,1.0,residential,0.0407,0
143.5,3.06,15.42,70.0,3.0,residential,0.3225,0
146.6,3.1,10.24,468.0,5.0,residential,0.7361,0
206.0,4.51,11.26,46.0,5.0,tertiary,0.8774,1
161.6,1.71,13.15,1278.0,0.0,tertiary,0.0241,0
101.5,2.28,8.75,136.0,5.0,residential,0.6068,0
210.4,3.24,12.71,1368.0,5.0,secondary,0.2932,1
55.8,1.23,10.38,1943.0,3.0,residential,0.0479,0
81.0,2.38,8.43,1160.0,2.0,residential,0.1221,1
265.0,5.02,9.05,1028.0,6.0,residential,0.8818,1
54.3,0.98,2.54,331.0,8.0,secondary,0.8351,1
5.8,2.22,8.88,951.0,3.0,trunk,0.0251,0
23.6,0.0,3.37,752.0,3.0,tertiary,0.1781,0
74.3,2.16,3.12,1194.0,0.0,residential,0.193,0
35.9,0.52,8.58,9.0,3.0,residential,0.2485,0
21.2,0.54,4.66,674.0,3.0,residential,0.3291,1
149.2,2.64,7.98,56.0,6.0,secondary,0.814,1
115.4,1.87,8.42,599.0,2.0,residential,0.26,0
8.6,0.0,8.55,345.0,2.0,trunk,0.0181,0
170.8,3.34,5.29,340.0,5.0,tertiary,0.8803,1
312.7,5.18,10.7,820.0,3.0,tertiary,0.5947,1
46.7,1.23,7.73,355.0,7.0,secondary,0.4133,0
117.0,2.01,9.32,1048.0,8.0,residential,0.353,0
32.0,0.89,4.41,807.0,5.0,secondary,0.1555,0
92.2,0.54,7.47,89.0,0.0,residential,0.044,0
119.9,0.78,11.29,696.0,4.0,secondary,0.2816,0
74.6,2.34,10.91,63.0,5.0,tertiary,0.3042,0
40.8,2.14,5.61,669.0,4.0,residential,0.1854,0
53.8,1.92,6.36,778.0,2.0,secondary,0.3093,1
11.5,1.24,5.03,1479.0,4.0,residential,0.1581,0
84.5,2.44,6.03,348.0,4.0,residential,0.5593,0
237.3,4.22,3.8,348.0,3.0,secondary,0.8472,0
23.4,0.45,7.59,1095.0,2.0,tertiary,0.0919,0
205.0,3.44,9.9,851.0,1.0,primary,0.1641,1
64.2,1.33,5.64,1641.0,7.0,tertiary,0.4165,0
11.2,0.71,7.73,561.0,7.0,tertiary,0.1559,0
150.7,3.52,7.34,226.0,3.0,residential,0.5745,1
85.5,3.09,11.17,208.0,2.0,residential,0.1141,1
29.4,0.0,6.17,286.0,2.0,trunk,0.0205,0
42.8,1.11,6.27,1638.0,2.0,residential,0.1729,1
51.4,1.17,5.46,1077.0,3.0,tertiary,0.2962,0
71.5,2.59,4.59,345.0,10.0,residential,0.8792,1
92.0,0.74,9.59,1470.0,1.0,residential,0.0276,0
94.6,0.0,7.59,152.0,4.0,tertiary,0.2724,1
140.1,3.14,8.16,2106.0,3.0,secondary,0.2303,0
83.0,2.57,11.82,88.0,3.0,secondary,0.0973,0
105.1,0.63,12.0,1736.0,1.0,primary,0.024,0
85.6,1.73,3.06,231.0,2.0,residential,0.1949,1
2.5,2.05,9.94,1093.0,2.0,tertiary,0.0315,0
24.5,0.23,8.68,79.0,0.0,residential,0.031,0
31.8,1.26,6.62,312.0,7.0,secondary,0.5534,0
80.2,2.17,8.98,157.0,2.0,residential,0.2344,0
86.0,0.69,2.82,1871.0,6.0,tertiary,0.6639,1
65.3,1.13,12.39,175.0,4.0,residential,0.2511,0
117.6,0.86,9.54,383.0,4.0,secondary,0.1477,0
130.0,2.23,5.4,68.0,4.0,secondary,0.4827,0
70.9,1.02,6.24,603.0,3.0,primary,0.2083,0
141.8,2.67,2.89,3902.0,6.0,residential,0.8811,0
62.7,2.06,7.06,302.0,3.0,trunk,0.2128,0
100.4,3.12,6.55,3658.0,2.0,residential,0.1902,1
4.9,2.72,4.02,752.0,6.0,residential,0.3846,1
71.8,1.83,10.33,330.0,7.0,residential,0.2744,1
145.9,2.3,11.83,1028.0,1.0,residential,0.0607,0
81.0,1.47,7.92,38.0,3.0,tertiary,0.1467,0
30.2,0.39,7.08,1164.0,3.0,residential,0.1037,0
95.3,2.3,9.3,639.0,5.0,residential,0.5375,0
65.1,1.18,7.94,445.0,4.0,tertiary,0.1667,0
103.4,2.45,4.75,997.0,5.0,secondary,0.5126,1
40.8,0.54,6.04,322.0,4.0,tertiary,0.2709,0
69.0,1.25,7.11,970.0,3.0,tertiary,0.1441,0
28.7,1.49,8.74,1629.0,1.0,residential,0.0375,0
51.5,1.32,8.03,150.0,4.0,secondary,0.308,0
89.6,0.34,8.63,381.0,3.0,residential,0.1898,0
13.7,0.95,3.43,1177.0,2.0,residential,0.2732,1
71.7,1.02,10.0,89.0,8.0,residential,0.7727,0
23.5,2.03,8.01,209.0,3.0,tertiary,0.1024,0
61.4,2.31,15.66,390.0,1.0,residential,0.0194,0
20.1,0.0,6.84,233.0,1.0,tertiary,0.0474,0
286.4,4.88,8.97,484.0,6.0,residential,0.9218,1
145.4,2.86,16.49,1105.0,1.0,tertiary,0.0204,0
64.8,0.39,8.58,1249.0,1.0,tertiary,0.1092,0
203.9,3.95,7.8,2593.0,2.0,residential,0.4155,1
42.0,0.28,5.04,342.0,5.0,residential,0.672,0
173.9,3.8,12.58,213.0,2.0,tertiary,0.2693,0
105.0,1.54,4.52,164.0,9.0,tertiary,0.945,1
43.7,0.11,9.28,390.0,1.0,residential,0.1054,1
120.1,3.94,6.58,445.0,6.0,tertiary,0.7201,1
150.4,1.37,7.43,1639.0,3.0,residential,0.4129,1
73.8,1.04,3.73,416.0,1.0,residential,0.3531,0
137.8,1.97,12.03,114.0,4.0,residential,0.2746,0
129.2,1.99,7.17,246.0,3.0,tertiary,0.6247,1
96.5,2.52,4.35,10.0,6.0,residential,0.8204,1
20.0,1.09,11.76,1102.0,6.0,tertiary,0.0695,0
93.6,2.73,6.49,205.0,4.0,residential,0.5103,0
72.2,1.96,9.0,10.0,5.0,secondary,0.3862,0
114.2,0.83,10.52,193.0,1.0,residential,0.1155,0
31.3,1.61,9.42,632.0,3.0,tertiary,0.0574,0
140.7,2.68,1.41,358.0,3.0,secondary,0.7406,1
49.3,0.89,10.09,757.0,3.0,residential,0.0508,0
32.0,2.84,7.7,452.0,3.0,residential,0.2941,1
126.2,2.8,7.01,343.0,5.0,tertiary,0.6973,1
207.5,4.04,7.67,638.0,3.0,trunk,0.3941,0
85.4,2.61,3.17,1226.0,4.0,trunk,0.3014,1
197.2,2.83,8.58,83.0,5.0,residential,0.7959,0
43.7,1.83,3.91,327.0,4.0,secondary,0.2703,1
36.3,1.49,7.14,159.0,5.0,residential,0.2417,0
165.2,2.34,8.47,1508.0,3.0,residential,0.2527,1
114.7,1.2,11.22,334.0,4.0,tertiary,0.2666,0
22.4,1.09,5.54,708.0,4.0,tertiary,0.2987,1
220.4,3.91,12.35,274.0,3.0,tertiary,0.3468,0
72.3,1.68,10.84,147.0,2.0,secondary,0.1086,0
77.3,1.58,6.71,140.0,6.0,residential,0.4496,0
241.6,3.72,4.67,581.0,3.0,tertiary,0.8811,1
201.1,2.98,3.67,230.0,4.0,residential,0.9147,1
190.4,4.32,8.82,544.0,4.0,residential,0.6039,1
43.9,1.54,5.79,888.0,8.0,residential,0.6561,1
96.2,1.57,11.6,423.0,5.0,trunk,0.1898,1
110.4,0.68,5.96,243.0,2.0,tertiary,0.1221,0
33.6,1.05,5.3,640.0,3.0,residential,0.3225,0
23.1,0.62,8.7,225.0,7.0,tertiary,0.1932,0
68.5,1.13,5.94,1163.0,2.0,trunk,0.1557,0
139.6,3.23,8.03,198.0,2.0,primary,0.4248,0
4.0,0.91,10.96,720.0,1.0,tertiary,0.0101,0
82.2,0.44,8.35,1028.0,4.0,residential,0.1734,0
26.3,1.61,8.36,4778.0,3.0,tertiary,0.0924,0
149.1,1.32,8.62,480.0,4.0,secondary,0.4471,1
99.3,2.55,2.92,1535.0,7.0,primary,0.714,1
25.8,0.73,9.18,291.0,4.0,secondary,0.1029,0
